structurePerIdRank	formulaRank	ConfidenceScoreExact	ConfidenceScoreApproximate	CSI:FingerIDScore	ZodiacScore	SiriusScore	molecularFormula	adduct	precursorFormula	InChIkey2D	InChI	name	smiles	xlogp	pubchemids	links	dbflags	ionMass	retentionTimeInSeconds	formulaId	alignedFeatureId	mappingFeatureId
1	1	0.8121112726551392	0.8651515045113451	-18.484568081028065	nul	34,487	C27H30O16	[M + H]+	C27H31O16+	IKGXIBQEEMLURG	InChI=1S/C27H30O16/c1-8-17(32)20(35)22(37)26(40-8)39-7-15-18(33)21(36)23(38)27(42-15)43-25-19(34)16-13(31)5-10(28)6-14(16)41-24(25)9-2-3-11(29)12(30)4-9/h2-6,8,15,17-18,20-23,26-33,35-38H,7H2,1H3	Rutin	CC1C(C(C(C(O1)OCC2C(C(C(C(O2)OC3=C(OC4=CC(=CC(=C4C3=O)O)O)C5=CC(=C(C=C5)O)O)O)O)O)O)O)O	-1,300	154831470;21550599;58527700;58991966;6604602;6728944;20849254;163194176;163285323;50986614;125528541;125528542;125528543;5280805;5293655;16407528;163648543;154497326;86574912;134694970;134877801;7067273;7067274;7067275;7067276;124130978;124221768;124290676;124290677;124290678;124290679;162995325;162995326;162995327;162995328;162995329;162995330;162995331;162995332;162995333;162995334;162995335;162995336;162995337;162995338;162995339;162995340;162995341;162995342;162995343;162995344;162995345;162995346;162995347;162995348;162995349;162995350;162995351;162995352;162995353;162995354;162995355;162995356;125121050;125121051;125121052;125121053;125462931;125462934;125462935;125462936;6321399;97043844;66803268;66805180;146360187;89570341;89627212;89809141;16758145;92402723;92402724;92402725;92402726;10100271;10232597;10371536;69496070;69496071;45933936;60093721;129009988;129360085;89150036;89150065;71752145;44587841;138644964;24180166;139026081;98072905;98072907;98072909;59873244;123134031;130253346;46936193;12315122;11968903;90058539;90064062;54579866;44259100;44259148;73897332;57494294;44429733;44460559;57867327;24832108	GNPS:(CCMSLIB00000077235 CCMSLIB00003137822 CCMSLIB00000079258);CHEBI:(91643 28527);HMDB:(HMDB0003249 HMDB0257021 HMDB0301691);BloodExposome:(5293655 6728944 5280805 46936193);NORMAN:(NS00005273);COCONUT:(CNP0268715);PLANTCYC:(RUTIN);LIPIDMAPS:(LMPK12112050 LMPK12112098);KEGG:(C05625);KNAPSACK:(IKGXIBQEEMLURG-UHFFFAOYSA-N);SUPERNATURAL:(SN0147879);FooDB:(FDB000168 FDB002536);MESH:(5280805 24832108);METACYC:(RUTIN);LOTUS:(Q105114366 Q105114409 Q105114590 Q407857 Q105114410 Q105114374 Q105114397 Q105114596 Q105114404 Q105114400 Q105114589 Q115949683 Q105114398 Q105114593 Q104397602 Q27163468 Q105114390 Q105114367 Q105114598 Q105114402);DSSTox:(DTXSID3022326 DTXSID50179735 DTXSID70859300);PUBCHEM:(154831470 21550599 58527700 58991966 6604602 6728944 20849254 163194176 163285323 50986614 125528541 125528542 125528543 5280805 5293655 16407528 163648543 154497326 86574912 134694970 134877801 7067273 7067274 7067275 7067276 124130978 124221768 124290676 124290677 124290678 124290679 162995325 162995326 162995327 162995328 162995329 162995330 162995331 162995332 162995333 162995334 162995335 162995336 162995337 162995338 162995339 162995340 162995341 162995342 162995343 162995344 162995345 162995346 162995347 162995348 162995349 162995350 162995351 162995352 162995353 162995354 162995355 162995356 125121050 125121051 125121052 125121053 125462931 125462934 125462935 125462936 6321399 97043844 66803268 66805180 146360187 89570341 89627212 89809141 16758145 92402723 92402724 92402725 92402726 10100271 10232597 10371536 69496070 69496071 45933936 60093721 129009988 129360085 89150036 89150065 71752145 44587841 138644964 24180166 139026081 98072905 98072907 98072909 59873244 123134031 130253346 46936193 12315122 11968903 90058539 90064062 54579866 44259100 44259148 73897332 57494294 44429733 44460559 57867327 24832108)	140399483198	611,161	84	622706242988121966	622705969787929928	622705969787929928
1	1	0.07506330769531334	0.07506330769531334	-127.72083322789258	nul	26,280	C9H14N6O5	[M + Na]+	C9H14N6NaO5+	NSNRMRSJBYBTNC	InChI=1S/C9H14N6O5/c10-9-12-7-6(15(19)13-9)11-2-14(7)8-5(18)4(17)3(1-16)20-8/h2-5,8,16-19H,1H2,(H3,10,12,13)	6-Azaguanosine	C1=NC2=C(N1C3C(C(C(O3)CO)O)O)N=C(NN2O)N	-1,100	141269128	PUBCHEM:(141269128)	2	309,095	123	622706274768365048	622705969896981844	622705969896981844
1	1	0.3511949504333585	0.3511949504333585	-146.86962522036424	nul	129,936	C13H20O3	[M + Na]+	C13H20NaO3+	KGRMLHZQGZYGCE	InChI=1S/C13H20O3/c1-8-5-10(3-4-14)7-11-9(2)13(15)16-12(11)6-8/h5,8-9,11-12,14H,3-4,6-7H2,1-2H3	(3S)-3,3aalpha,4,7,8,8aalpha-Hexahydro-3beta,7beta-dimethyl-5-(2-hydroxyethyl)-2H-cyclohepta[b]furan-2-one	CC1CC2C(CC(=C1)CCO)C(C(=O)O2)C	1,700	101717753	PUBCHEM:(101717753)	2	247,133	138	622706770237311791	622705970022810971	622705970022810971
1	3	0.9797006920168553	0.9866234888246687	-9.440204643812491	nul	45,001	C17H21NO4	[M + H]+	C17H22NO4+	STECJAGHUSJQJN	InChI=1S/C17H21NO4/c1-18-13-7-11(8-14(18)16-15(13)22-16)21-17(20)12(9-19)10-5-3-2-4-6-10/h2-6,11-16,19H,7-9H2,1H3	Hyoscine	CN1C2CC(CC1C3C2O3)OC(=O)C(CO)C4=CC=CC=C4	1,230	9808333;9916237;6604698;6713754;6979027;50903317;76973133;76974846;23307900;5284456;5318385;5488345;16399351;51025660;134767951;21014128;7067872;7067874;124019740;135594347;136213033;59037463;6325382;6432494;6451257;5702114;5746387;16757730;126664809;10017965;3000322;3081743;3246242;10267079;10267087;638340;673472;673473;60006754;129010440;71752170;54323317;54323318;18390271;44630465;131632305;131705759;131885396;138988041;24211936;45359105;98044763;98086793;5184;5809;8241;153311;450840;452977;46782912;91181590;3692321;12052005;91298633;117783900;12299881;1273221;133687113;11870469;11968014;49868370;164667083;90477282;44226825;2723877	GNPS:(CCMSLIB00003138807 CCMSLIB00000085224);CHEBI:(93572 16794 61269 91541 61272 61271 91789 182414);HMDB:(HMDB0003573 HMDB0243522);BloodExposome:(52947685 5184 6451257 9916237 6432494 2723877 153311 5702113 51051761 11968014 5284456 86287431 656679 673473 6852406 6603108 22833499 24860547 20055509 452977 517999 3000322 44630464);NORMAN:(NS00001110 NS00076152 NS00078083 NS00078935);COCONUT:(CNP0257171);PLANTCYC:(SCOPOLAMINE);KEGG:(C01851);KNAPSACK:(STECJAGHUSJQJN-UHFFFAOYSA-N);SUPERNATURAL:(SN0354628);MESH:(5184 153311 452977 638340 2723877 3000322 5284456 6432494 6451257 9916237 11968014);LOTUS:(Q105260182 Q105260197 Q105260201 Q337188 Q104375713 Q104246870 Q105260183 Q27165268);DSSTox:(DTXSID0021258 DTXSID0032029 DTXSID20986312 DTXSID6023573 DTXSID6044692 DTXSID60858963 DTXSID8043812 DTXSID80858389 DTXSID90110061);HSDB:(51-34-3);PUBCHEM:(9808333 9916237 6604698 6713754 6979027 50903317 76973133 76974846 23307900 5284456 5318385 5488345 16399351 51025660 134767951 21014128 7067872 7067874 124019740 135594347 136213033 59037463 6325382 6432494 6451257 5702114 5746387 16757730 126664809 10017965 3000322 3081743 3246242 10267079 10267087 638340 673472 673473 60006754 129010440 71752170 54323317 54323318 18390271 44630465 131632305 131705759 131885396 138988041 24211936 45359105 98044763 98086793 5184 5809 8241 153311 450840 452977 46782912 91181590 3692321 12052005 91298633 117783900 12299881 1273221 133687113 11870469 11968014 49868370 164667083 90477282 44226825 2723877)	137715127102	304,154	73	622706072384802605	622705970102502754	622705970102502754
1	1	0.8528783330472962	0.8725365704521125	-32.79531388700512	nul	81,112	C10H8O4	[M + H]+	C10H9O4+	RODXRVNMMDRFIK	InChI=1S/C10H8O4/c1-13-9-4-6-2-3-10(12)14-8(6)5-7(9)11/h2-5,11H,1H3	Buxuletin	COC1=C(C=C2C(=C1)C=CC(=O)O2)O	1,500	5280460;90972240;139025753;91140160;91440104	HMDB:(HMDB0034344);BloodExposome:(5280460);SUPERNATURAL:(SN0330705);MESH:(5280460);PUBCHEM:(5280460 90972240 139025753 91140160 91440104);FooDB:(FDB012705);GNPS:(CCMSLIB00000080100);NORMAN:(NS00007731);COCONUT:(CNP0184442);METACYC:(SCOPOLETIN);CHEBI:(17488);PLANTCYC:(SCOPOLETIN);KEGG:(C01752);LOTUS:(Q2472366);DSSTox:(DTXSID0075368);KNAPSACK:(RODXRVNMMDRFIK-UHFFFAOYSA-N)	138251999550	193,049	121	622706274281825730	622705970182194536	622705970182194536
1	1	0.7387982179877901	0.8708965081379434	-15.391838922326713	nul	74,422	C15H26N2	[M + H]+	C15H27N2+	SLRCCWJSBJZJBV	InChI=1S/C15H26N2/c1-3-7-16-11-13-9-12(14(16)5-1)10-17-8-4-2-6-15(13)17/h12-15H,1-11H2	Spartein	C1CCN2CC3CC(C2C1)CN4C3CCCC4	2,500	58785334;67149128;9863771;6557358;6999974;15939848;15939859;15939863;5194681;16212687;5320360;5321421;134854684;58174489;58330513;52951065;6101950;59033439;6398662;6452127;5702118;145540498;16638182;126547997;16759267;70960031;10331615;644020;45598163;131705291;1715129;1715130;1774551;59615105;3966;7014;92759;168213;442965;46937024;3556231;12304487;12304488;12304489;1424230;44381766	GNPS:(CCMSLIB00000855107);CHEBI:(28827 81074);KEGG:(C17418 C10783);KNAPSACK:(SLRCCWJSBJZJBV-UHFFFAOYSA-N);SUPERNATURAL:(SN0348950);MESH:(3966 7014 92759 168213 644020 6452127 16212687);LOTUS:(Q104250371 Q419552 Q105255568 Q83050151 Q105255566 Q27271670 Q105255549 Q104250100 Q105255548 Q105255554 Q66604441);DSSTox:(DTXSID20966119 DTXSID401317646 DTXSID4023591 DTXSID40915700 DTXSID601126235 DTXSID801126362 DTXSID80179627 DTXSID90915699);HMDB:(HMDB0243524);BloodExposome:(15939859 6452127 7014 92759 16212687 168213 3966 644020);PUBCHEM:(58785334 67149128 9863771 6557358 6999974 15939848 15939859 15939863 5194681 16212687 5320360 5321421 134854684 58174489 58330513 52951065 6101950 59033439 6398662 6452127 5702118 145540498 16638182 126547997 16759267 70960031 10331615 644020 45598163 131705291 1715129 1715130 1774551 59615105 3966 7014 92759 168213 442965 46937024 3556231 12304487 12304488 12304489 1424230 44381766);NORMAN:(NS00008083 NS00066972 NS00080387 NS00094222 NS00099109);COCONUT:(CNP0187177)	137714995518	235,217	49	622706090890072860	622705970354161009	622705970354161009
1	3	0.09866976239456138	0.17195531155026197	-322.254531585028	nul	63,247	C27H49NO10	[M + K]+	C27H49KNO10+	QEQNOUGFCMZARY	InChI=1S/C27H49NO10/c1-5-18(3)26(35)23(38-25(34)14-20(27(36)37)13-24(32)33)12-17(2)10-8-6-7-9-11-21(30)15-22(31)16-28-19(4)29/h17-18,20-23,26,30-31,35H,5-16H2,1-4H3,(H,28,29)(H,32,33)(H,36,37)	Aal Toxin Td1	CCC(C)C(C(CC(C)CCCCCCC(CC(CNC(=O)C)O)O)OC(=O)CC(CC(=O)O)C(=O)O)O	2,700	102004455;139586646;10460159	SUPERNATURAL:(SN0303340);COCONUT:(CNP0355208);PUBCHEM:(102004455 139586646 10460159);LOTUS:(Q77511144)	271581186	586,301	187	622706862214213649	622705970446435703	622705970446435703
1	1	0.7085166799876743	0.7824514839226612	-61.83936426688912	nul	61,390	C9H10O5	[M + H]+	C9H11O5+	JMSVCTWVEWCHDZ	InChI=1S/C9H10O5/c1-13-6-3-5(9(11)12)4-7(14-2)8(6)10/h3-4,10H,1-2H3,(H,11,12)	Cedar Acid	COC1=CC(=CC(=C1O)OC)C(=O)O	0,871	131708654;10679513;10742;54694262	HMDB:(HMDB0002085);MiMeDB:(MMDBc0000405);BloodExposome:(10742);SUPERNATURAL:(SN0169652);MESH:(10742);PUBCHEM:(131708654 10679513 10742 54694262);FooDB:(FDB000514);GNPS:(CCMSLIB00003140037 CCMSLIB00003135146);NORMAN:(NS00001894);COCONUT:(CNP0155116);METACYC:(CPD-8486);CHEBI:(132111 68329 132110);KEGG:(C10833);YMDB:(YMDB01787);LOTUS:(Q408428);DSSTox:(DTXSID0060191);KNAPSACK:(JMSVCTWVEWCHDZ-UHFFFAOYSA-N)	139325675838	199,060	81	622706102097253658	622705970530321791	622705970530321791
1	1	0.763832283632223	0.763832283632223	-96.62231353055435	nul	121,439	C20H24N2O	[M + H]+	C20H25N2O+	NLLSHZUFFBWYOP	InChI=1S/C20H24N2O/c1-3-14-13-22-10-8-17-16-6-4-5-7-18(16)21-20(17)19(22)12-15(14)9-11-23-2/h3-7,9,11,14-15,19,21H,1,8,10,12-13H2,2H3	3-ethenyl-2-(2-methoxyethenyl)-1H,2H,3H,4H,6H,7H,12H,12bH-indolo[2,3-a]quinolizine	COC=CC1CC2C3=C(CCN2CC1C=C)C4=CC=CC=C4N3	3,500	163190324;162967699;162967700	COCONUT:(CNP0239151);SUPERNATURAL:(SN0248784);PUBCHEM:(163190324 162967699 162967700);LOTUS:(Q105181409 Q105181410)	271581186	309,197	94	622706269328352457	622705970618402181	622705970618402181
1	1	0.5990294634633819	0.5990294634633819	-37.93299093841767	nul	31,527	C10H13N5	[M + H]+	C10H14N5+	KTJWHJNBTXITCB	InChI=1S/C10H13N5/c11-9-8-10(13-5-12-9)15(6-14-8)7-3-1-2-4-7/h5-7H,1-4H2,(H2,11,12,13)	9-cyclopentyl-9H-purin-6-amine	C1CCC(C1)N2C=NC3=C(N=CN=C32)N	1,378	12852	SUPERNATURAL:(SN0194910);COCONUT:(CNP0349327);PUBCHEM:(12852);GNPS:(CCMSLIB00000085400);DSSTox:(DTXSID70221720)	137442103298	204,124	83	622706069721419380	622705970689705356	622705970689705356
1	1	0.2094243256801132	0.2903165546380273	-68.71894817215642	nul	47,589	C7H7NO2	[M + H]+	C7H8NO2+	NMMIHXMBOZYNET	InChI=1S/C7H7NO2/c1-10-7(9)6-4-2-3-5-8-6/h2-5H,1H3	methyl pyridine-2-carboxylate	COC(=O)C1=CC=CC=N1	0,942	87067453;58417085;18377187;166082070;11457733;88543927;88543930;75569	SUPERNATURAL:(SN0249541);PUBCHEM:(87067453 58417085 18377187 166082070 11457733 88543927 88543930 75569);NORMAN:(NS00015528);COCONUT:(CNP0214824);CHEBI:(167765);DSSTox:(DTXSID4062432)	137442361378	138,055	24	622706076042235968	622705970853283220	622705970853283220
1	1	0.818798995547871	0.818798995547871	-82.31300225597329	nul	205,915	C11H14O3	[M + H]+	C11H15O3+	DAINMNHDGRVBQF	InChI=1S/C11H14O3/c1-5-8-6-10(13-3)11(14-4)7-9(8)12-2/h5-7H,1H2,2-4H3	245-Trimethoxystyrene	COC1=CC(=C(C=C1C=C)OC)OC	2,426	152219	COCONUT:(CNP0179624);SUPERNATURAL:(SN0060455);MESH:(152219);PUBCHEM:(152219);LOTUS:(Q83039900);DSSTox:(DTXSID60170051);KNAPSACK:(DAINMNHDGRVBQF-UHFFFAOYSA-N)	137710534678	195,101	195	622706761316026417	622705970937169308	622705970937169308
1	1	0.31113140938094597	0.5707592977549676	-181.35690827733222	nul	88,734	C24H27NO3	[M + H]+	C24H28NO3+	MXIZZLBQRBAZEX	InChI=1S/C24H27NO3/c1-13-11-20(28-5)23-17(7-6-8-19(23)27-4)21(13)18-10-9-16-12-14(2)25-15(3)22(16)24(18)26/h6-11,14-15,25-26H,12H2,1-5H3	Triphyophyllin	CC1CC2=C(C(N1)C)C(=C(C=C2)C3=C4C=CC=C(C4=C(C=C3C)OC)OC)O	5,000	162889281;162889282;59095072;3095;375943;443773	HMDB:(HMDB0251430);BloodExposome:(443773);SUPERNATURAL:(SN0237926);MESH:(443773);PUBCHEM:(162889281 162889282 59095072 3095 375943 443773);COCONUT:(CNP0156056);CHEBI:(66272 31504);KEGG:(C12336);LOTUS:(Q105174211 Q105174208 Q105174204 Q82960212);DSSTox:(DTXSID20975569);KNAPSACK:(MXIZZLBQRBAZEX-UHFFFAOYSA-N)	137714729278	378,206	131	622706687718568809	622705971025249698	622705971025249698
1	8	0.024910905647450663	0.024910905647450663	-460.30098770672345	nul	17,565	C22H30N6O5	[M + Na]+	C22H30N6NaO5+	VBCXYIMPBWRWQR	InChI=1S/C22H30N6O5/c1-13(2)23-21(31)24-15-10-17-19(29)27-8-7-26(12-18(27)20(30)28(17)11-15)22(32)25-14-5-4-6-16(9-14)33-3/h4-6,9,13,15,17-18H,7-8,10-12H2,1-3H3,(H,25,32)(H2,23,24,31)		CC(C)NC(=O)NC1CC2C(=O)N3CCN(CC3C(=O)N2C1)C(=O)NC4=CC(=CC=C4)OC	-0,100	163170186;73135185;11887528	COCONUT:(CNP0470443);PUBCHEM:(163170186 73135185 11887528)	2097154	481,218	275	622706827003030543	622705971104941481	622705971104941481
1	2	0.016545618577550533	0.024446654182089557	-515.1066321462454	nul	48,431	C20H38N8O7	[M + Na]+	C20H38N8NaO7+	YLQGBTCZCVMFGN	InChI=1S/C20H38N8O7/c1-8(2)15(18(33)34)27-16(31)9(3)25-17(32)14(22)11(21)4-5-12(29)13(30)6-10-7-28(20(24)35)19(23)26-10/h8-15,29-30H,4-7,21-22H2,1-3H3,(H2,23,26)(H2,24,35)(H,25,32)(H,27,31)(H,33,34)	Guadinomine B	CC(C)C(C(=O)O)NC(=O)C(C)NC(=O)C(C(CCC(C(CC1CN(C(=N1)N)C(=O)N)O)O)N)N	-5,500	102515487;102515488;163002874;16734942;25132492;24864278	SUPERNATURAL:(SN0453738);MESH:(16734942 24864278 25132492);PUBCHEM:(102515487 102515488 163002874 16734942 25132492 24864278);COCONUT:(CNP0276814);METACYC:(CPD-18226);LOTUS:(Q105350235)	271583238	525,278	1212	622706965800940621	622705971209799093	622705971209799093
1	5	0.03967181367452832	0.03967181367452832	-630.0791197190097	nul	56,486	C36H48N6O5	[M + H]+	C36H49N6O5+	ILHQHVOCRYNHNY	InChI=1S/C36H48N6O5/c1-5-7-11-25(22-39-6-2)23-46-32(45)36-31(44)28-13-9-8-12-27(28)30(43)35(36,47-36)17-14-24(3)21-34(26-15-19-40-29(37)20-26)16-10-18-41-33(38-4)42-34/h8-9,12-15,19-20,25,39H,5-7,10-11,16-18,21-23H2,1-4H3,(H2,37,40)(H2,38,41,42)	2-[(ethylamino)methyl]hexyl 7a-{4-[7-(2-aminopyridin-4-yl)-2-(methylamino)-4,5,6,7-tetrahydro-1H-1,3-diazepin-7-yl]-3-methylbut-2-en-1-yl}-2,7-dioxo-1aH,2H,7H,7aH-naphtho[2,3-b]oxirene-1a-carboxylate	CCCCC(CNCC)COC(=O)C12C(=O)C3=CC=CC=C3C(=O)C1(O2)CC=C(C)CC4(CCCNC(=NC)N4)C5=CC(=NC=C5)N	4,500	162793600;162793601	SUPERNATURAL:(SN0148642);COCONUT:(CNP0008246);PUBCHEM:(162793600 162793601)	3145730	645,378	1491	622707020503054549	622705971364988347	622705971364988347
1	6	0.3250840046498837	0.3250840046498837	-213.37764330321582	nul	65,279	C34H56O9	[M + K]+	C34H56KO9+	YSXNGXICERZIKN	InChI=1S/C34H56O9/c1-7-40-23-12-17(2)24-19(41-23)14-32(6)21-13-18(36)28-30(3,4)22(43-29-27(39)26(38)25(37)20(15-35)42-29)8-9-34(28)16-33(21,34)11-10-31(24,32)5/h17-29,35-39H,7-16H2,1-6H3	Deacetyltomentoside I	CCOC1CC(C2C(O1)CC3(C2(CCC45C3CC(C6C4(C5)CCC(C6(C)C)OC7C(C(C(C(O7)CO)O)O)O)O)C)C)C	4,000	101346218	SUPERNATURAL:(SN0459412);MESH:(101346218);PUBCHEM:(101346218);LOTUS:(Q105361158)	269484038	647,357	810	622707052497205798	622705971453068739	622705971453068739
1	3	0.12925385309094345	0.12925385309094345	-289.7523602260219	nul	102,123	C42H56N4O4	[M + Na]+	C42H56N4NaO4+	HWBGBIQGALATDY	InChI=1S/C42H56N4O4/c1-5-29-13-11-23-44(27-29)25-20-33-32-16-8-10-18-37(32)46-38(33)35(40(47)49-3)19-22-42(46,41(48)50-4)39-34(31-15-7-9-17-36(31)43-39)21-26-45-24-12-14-30(6-2)28-45/h7-10,15-18,29-30,35,43H,5-6,11-14,19-28H2,1-4H3	6,9-dimethyl 10-[2-(3-ethylpiperidin-1-yl)ethyl]-6-{3-[2-(3-ethylpiperidin-1-yl)ethyl]-1H-indol-2-yl}-6H,7H,8H,9H-pyrido[1,2-a]indole-6,9-dicarboxylate	CCC1CCCN(C1)CCC2=C(NC3=CC=CC=C32)C4(CCC(C5=C(C6=CC=CC=C6N54)CCN7CCCC(C7)CC)C(=O)OC)C(=O)OC	7,900	10101080;169527	COCONUT:(CNP0377830);SUPERNATURAL:(SN0137087);MESH:(169527 10101080);PUBCHEM:(10101080 169527);LOTUS:(Q104394374)	271581190	703,423	760	622706920275964519	622705971520177611	622705971520177611
1	5	0.036200039813539156	0.05545775747394094	-375.532443043275	nul	68,592	C45H56N4O5	[M + H]+	C45H57N4O5+	OUOPIDJTYPEIIN	InChI=1S/C45H56N4O5/c1-7-25-18-28-22-45(44(52)54-6)41-30(15-16-49(42(25)45)37(28)17-24(3)50)33-19-27(13-14-36(33)47-41)32-20-31-26(8-2)23-48(4)38(39(31)43(51)53-5)21-34-29-11-9-10-12-35(29)46-40(32)34/h9-14,19,25-26,28,31-32,37-39,42,46-47H,7-8,15-18,20-23H2,1-6H3		CCC1CC2CC3(C1N(C2CC(=O)C)CCC4=C3NC5=C4C=C(C=C5)C6CC7C(CN(C(C7C(=O)OC)CC8=C6NC9=CC=CC=C89)C)CC)C(=O)OC	7,426	""	TeroMol:(TKC121610)	8388608	733,432	1338	622706981026264258	622705971604063701	622705971604063701
1	1	0.5664470291994008	0.8743699509315634	-53.748654082715404	nul	187,301	C18H16O7	[M + H]+	C18H17O7+	WEYVVCKOOFYHRW	InChI=1S/C18H16O7/c1-6-14(22)12(8(3)20)16-13(15(6)23)18(4)10(25-16)5-9(21)11(7(2)19)17(18)24/h5,21-23H,1-4H3	Usnic Acid	CC1=C(C(=C2C(=C1O)C3(C(=CC(=C(C3=O)C(=O)C)O)O2)C)C(=O)C)O	2,100	25202099;24211;442614;478125	LIPIDMAPS:(LMPK13060002);METACYC:(CPD-25233 CPD-25234 CPD-7411 Jamaicamides);CHEBI:(57266 38320 122 38319);KEGG:(C10101);LOTUS:(Q27888211 Q105111167 Q425335 Q27105250);DSSTox:(DTXSID001019955 DTXSID00913560 DTXSID40977181);KNAPSACK:(WEYVVCKOOFYHRW-UHFFFAOYSA-N);SUPERNATURAL:(SN0142136 SN0408448);PUBCHEM:(25202099 24211 442614 478125);COCONUT:(CNP0164614 CNP0197400);PLANTCYC:(CPD-7411)	139858151730	345,096	262	622706849996205738	622705971675366876	622705971675366876
1	1	0.3495171328882934	0.3495171328882934	-65.18151207091367	nul	190,953	C13H18O2	[M + H]+	C13H19O2+	MLYOGKJJENFVJN	InChI=1S/C13H18O2/c1-9-7-11(15)8-13(3,4)12(9)6-5-10(2)14/h5-7,12H,8H2,1-4H3	3,5,5-trimethyl-4-(3-oxobut-1-en-1-yl)cyclohex-2-en-1-one	CC1=CC(=O)CC(C1C=CC(=O)C)(C)C	1,600	5363685;522724;13146048;13146049	HMDB:(HMDB0303055);TeroMol:(TKC025167 TKC131319);SUPERNATURAL:(SN0229180);PUBCHEM:(5363685 522724 13146048 13146049);FooDB:(FDB007536);NORMAN:(NS00113921);COCONUT:(CNP0308093);LOTUS:(Q104375558 Q105167338 Q105167336);DSSTox:(DTXSID90942263)	138256056330	207,138	89	622706238340832821	622705971813778916	622705971813778916
1	1	0.025742356248575897	0.03929427504113967	-188.3943166496413	nul	78,905	C21H37N	[M + H]+	C21H38N+	PQIKYLWOYKFXHE	InChI=1S/C21H37N/c1-16-7-2-3-9-18(16)15-22-14-6-11-20-19-10-5-4-8-17(19)12-13-21(20)22/h16-21H,2-15H2,1H3	4-[(2-Methylcyclohexyl)methyl]-1,2,3,4,4a,5,6,6a,7,8,9,10,10a,10b-tetradecahydrobenzo[f]quinolin-4-ium	CC1CCCCC1CN2CCCC3C2CCC4C3CCCC4	6,800	163130547;163130548	SUPERNATURAL:(SN0099175);COCONUT:(CNP0445592);PUBCHEM:(163130547 163130548)	3145730	304,300	179	622706828617837664	622705971901859309	622705971901859309
1	1	0.5717742482582665	0.5717742482582665	-208.95939012882846	nul	168,182	C23H39NO	[M + H]+	C23H40NO+	UJGXCOFZMJCRLN	InChI=1S/C23H39NO/c1-15(24(4)5)19-8-9-20-18-7-6-16-14-17(25)10-12-22(16,2)21(18)11-13-23(19,20)3/h6,15,17-21,25H,7-14H2,1-5H3	Irehine	CC(C1CCC2C1(CCC3C2CC=C4C3(CCC(C4)O)C)C)N(C)C	5,052	118701443;4486608;154283325;162957083;162957084;442978	TeroMol:(TKC112501);SUPERNATURAL:(SN0371994);PUBCHEM:(118701443 4486608 154283325 162957083 162957084 442978);NORMAN:(NS00094785);COCONUT:(CNP0228020);CHEBI:(5960);KEGG:(C10810);LOTUS:(Q105273938);DSSTox:(DTXSID70332027);KNAPSACK:(UJGXCOFZMJCRLN-UHFFFAOYSA-N)	137719185714	346,310	134	622706737119085864	622705971998328309	622705971998328309
1	1	0.34013255148817223	0.34013255148817223	-171.7644739600057	nul	141,709	C22H35NO	[M + H]+	C22H36NO+	MFTGIJQOGNIYMM	InChI=1S/C22H35NO/c1-14(23-4)15-9-11-21(2)16(13-15)5-6-17-18-7-8-20(24)22(18,3)12-10-19(17)21/h5,14-15,17-19,23H,6-13H2,1-4H3	9a,11a-dimethyl-7-[1-(methylamino)ethyl]-1H,2H,3H,3aH,3bH,4H,6H,7H,8H,9H,9aH,9bH,10H,11H,11aH-cyclopenta[a]phenanthren-1-one	CC(C1CCC2(C3CCC4(C(C3CC=C2C1)CCC4=O)C)C)NC	4,739	162879635;162879636;162879637	SUPERNATURAL:(SN0224460);COCONUT:(CNP0145237);PUBCHEM:(162879635 162879636 162879637)	3145730	330,279	134	622706674095469255	622705972107380220	622705972107380220
1	1	0.7375198868564898	0.7570527329806731	-67.13800311801653	nul	185,984	C15H24N2O2	[M + H]+	C15H25N2O2+	JVYKIBAJVKEZSQ	InChI=1S/C15H24N2O2/c18-12-4-5-16-8-10-6-11(14(16)7-12)9-17-13(10)2-1-3-15(17)19/h10-14,18H,1-9H2	12-hydroxy-7,15-diazatetracyclo[7.7.1.0²,⁷.0¹⁰,¹⁵]heptadecan-6-one	C1CC2C3CC(CN2C(=O)C1)C4CC(CCN4C3)O	0,600	15939853;5320258;5459919;51017960;129560784;129560786;21139805;7545440;162992481;6338097;92169672;10015683;91748458;131664638;24076295;45266649;98071838;73404;201778;250873;439768;12310672;12310673;12310674;12310677;12310678;138319345;138319346;132940124	CHEBI:(18328 58446);KEGG:(C02621);KNAPSACK:(JVYKIBAJVKEZSQ-UHFFFAOYSA-N);SUPERNATURAL:(SN0176768);MESH:(73404 250873 439768 5459919);METACYC:(13-HYDROXYLUPININE);LOTUS:(Q105136025 Q105136026 Q105136029 Q27256103 Q105136033 Q105136027 Q27103005);DSSTox:(DTXSID10987530 DTXSID70934782);BloodExposome:(250873 439768 73404 201777 5459919);PUBCHEM:(15939853 5320258 5459919 51017960 129560784 129560786 21139805 7545440 162992481 6338097 92169672 10015683 91748458 131664638 24076295 45266649 98071838 73404 201778 250873 439768 12310672 12310673 12310674 12310677 12310678 138319345 138319346 132940124);NORMAN:(NS00066965 NS00094228);COCONUT:(CNP0265526);PLANTCYC:(13-HYDROXYLUPININE)	137715124534	265,191	44	622706086813209163	622705972233209348	622705972233209348
1	1	0.11570580971863266	0.11570580971863266	-196.21091225247483	nul	85,641	C12H19N3O	[M + H]+	C12H20N3O+	RGKSNIZOGRYLFB	InChI=1S/C12H19N3O/c1-14-7-5-11(9-16)15(2)12-10(8-14)4-3-6-13-12/h3-4,6,11,16H,5,7-9H2,1-2H3	{1,5-dimethyl-1H,2H,3H,4H,5H,6H-pyrido[2,3-b][1,5]diazocin-2-yl}methanol	CN1CCC(N(C2=C(C1)C=CC=N2)C)CO	0,700	75529225;131495048	SUPERNATURAL:(SN0324657);COCONUT:(CNP0341710);PUBCHEM:(75529225 131495048)	3145730	222,160	92	622706282662045350	622705972367427082	622705972367427082
1	1	0.07981769479939817	0.07981769479939817	-188.54670708162217	nul	99,387	C15H15N3O	[M + H]+	C15H16N3O+	CNWSHOJSFGGNLC	InChI=1S/C15H15N3O/c1-10-14-12(9-18(10)2)17-13(19)8-16-15(14)11-6-4-3-5-7-11/h3-7,9H,8H2,1-2H3,(H,17,19)	Premazepam	CC1=C2C(=CN1C)NC(=O)CN=C2C3=CC=CC=C3	1,600	72104	MESH:(72104);PUBCHEM:(72104);HMDB:(HMDB0256761);DSSTox:(DTXSID60206026);BloodExposome:(72104)	137443147790	254,129	76	622706104337012140	622705972514227738	622705972514227738
1	2	0.2296856586654484	0.2296856586654484	-180.05944143039977	nul	140,653	C24H31NO4	[M + Na]+	C24H31NNaO4+	MSTIFULQDPSJMJ	InChI=1S/C24H31NO4/c1-6-7-10-29-20-13-16-11-18-22-15(8-9-25(18)2)12-21(27-4)24(28-5)23(22)17(16)14-19(20)26-3/h12-14,18H,6-11H2,1-5H3	(6aS)-9-butoxy-1,2,10-trimethoxy-6-methyl-5,6,6a,7-tetrahydro-4H-dibenzo[de,g]quinoline	CCCCOC1=C(C=C2C(=C1)CC3C4=C2C(=C(C=C4CCN3C)OC)OC)OC	4,600	122178699	PUBCHEM:(122178699)	2	420,217	114	622706341441022794	622705972690388516	622705972690388516
1	1	0.934382303804367	0.934382303804367	-27.992274755371415	nul	58,332	C15H11N5	[M + H]+	C15H12N5+	IUDMZJRPDRCJEB	InChI=1S/C15H11N5/c16-15-18-8-6-12(20-15)14-13-10(5-7-17-14)9-3-1-2-4-11(9)19-13/h1-8,19H,(H2,16,18,20)	Annomontine	C1=CC=C2C(=C1)C3=C(N2)C(=NC=C3)C4=NC(=NC=C4)N	1,900	5257090	COCONUT:(CNP0126473);CHEBI:(65409);SUPERNATURAL:(SN0155388);MESH:(5257090);PUBCHEM:(5257090);LOTUS:(Q27133852);DSSTox:(DTXSID401240801);KNAPSACK:(IUDMZJRPDRCJEB-UHFFFAOYSA-N)	137710534710	262,109	115	622706349817048031	622705972795246123	622705972795246123
1	1	0.5067975463676232	0.8041174495756548	-76.76593704355358	nul	151,627	C10H12O4	[M + H]+	C10H13O4+	IAJBQAYHSQIQRE	InChI=1S/C10H12O4/c1-12-8-5-10(14-3)9(13-2)4-7(8)6-11/h4-6H,1-3H3	Gazarin	COC1=CC(=C(C=C1C=O)OC)OC	1,300	20525	HMDB:(HMDB0029648);HSDB:(4460-86-0);SUPERNATURAL:(SN0140345);MESH:(20525);PUBCHEM:(20525);FooDB:(FDB000819);GNPS:(CCMSLIB00000080202);NORMAN:(NS00015122);COCONUT:(CNP0113700);CHEBI:(113543);LOTUS:(Q27194435);DSSTox:(DTXSID1022217);KNAPSACK:(IAJBQAYHSQIQRE-UHFFFAOYSA-N)	138247672382	197,081	121	622706262911066864	622705972925269556	622705972925269556
1	2	0.06508721272474684	0.06508721272474684	-296.32070259838827	nul	196,986	C28H52N2O4	[M + Na]+	C28H52N2NaO4+	XITRBUPOXXBIJN	InChI=1S/C28H52N2O4/c1-25(2)17-21(18-26(3,4)29-25)33-23(31)15-13-11-9-10-12-14-16-24(32)34-22-19-27(5,6)30-28(7,8)20-22/h21-22,29-30H,9-20H2,1-8H3		CC1(CC(CC(N1)(C)C)OC(=O)CCCCCCCCC(=O)OC2CC(NC(C2)(C)C)(C)C)C	5,500	7100348;143372862;149222777;164282	NORMAN:(NS00014950);COCONUT:(CNP0474246);SUPERNATURAL:(SN0431338);MESH:(164282);PUBCHEM:(7100348 143372862 149222777 164282);DSSTox:(DTXSID0028030)	137442361350	503,384	110	622706256393118055	622705973021738557	622705973021738557
1	2	0.5089210520207409	0.5089210520207409	-38.52070018451263	nul	86,353	C21H22O6	[M + H]+	C21H23O6+	IYBDDRJHJMFFBB	InChI=1S/C21H22O6/c1-23-17-5-3-14(9-19(17)24-2)8-16-15(11-25-21(16)22)7-13-4-6-18-20(10-13)27-12-26-18/h3-6,9-10,15-16H,7-8,11-12H2,1-2H3	Bursehernin	COC1=C(C=C(C=C1)CC2C(COC2=O)CC3=CC4=C(C=C3)OCO4)OC	3,800	15941633;143315937;13916161;13916162;10883326;94504;24970520	SUPERNATURAL:(SN0158388);MESH:(94504);PUBCHEM:(15941633 143315937 13916161 13916162 10883326 94504 24970520);GNPS:(CCMSLIB00000847665 CCMSLIB00000847667);COCONUT:(CNP0182330);METACYC:(CPD-17599);CHEBI:(90893);PLANTCYC:(CPD-17599);KEGG:(C21183);LOTUS:(Q105122629 Q27162871);DSSTox:(DTXSID50960847);KNAPSACK:(IYBDDRJHJMFFBB-UHFFFAOYSA-N)	137710672182	371,149	175	622706839741132249	622705973118207555	622705973118207555
1	1	0.9316516624576939	0.9463616094934846	-21.880032050465793	nul	71,073	C9H8O4	[M + H]+	C9H9O4+	QAIPRVGONGVQAS	InChI=1S/C9H8O4/c10-7-3-1-6(5-8(7)11)2-4-9(12)13/h1-5,10-11H,(H,12,13)	Caffeic Acid	C1=CC(=C(C=C1C=CC(=O)O)O)O	0,970	101215182;76973924;16109948;163889487;100923614;689043;90769002;131866465;1549111;11458067;149004731;2518;46780148;54681167;54691412;54710367;71309625;71434158	GNPS:(CCMSLIB00003135081 CCMSLIB00003138357);CHEBI:(16433 17395 36281 178076 58129 57770);KEGG:(C01481 C01197);KNAPSACK:(QAIPRVGONGVQAS-UHFFFAOYSA-N);MiMeDB:(MMDBc0000577 MMDBc0055015);SUPERNATURAL:(SN0299986);FooDB:(FDB002558 FDB002559 FDB012666 FDB031208);YMDB:(YMDB01645);MESH:(689043 1549111);METACYC:(16S-rRNAs-Pseudouridines 18-3-Campesteryl-Esters 23S-rRNA-Cytidines 28S-rRNA-adenine-4324 Aerobacter-Polysaccharides a-galctotetrose Aliphatic-Amides Arsines a-synthetic-antibiotic Bacillus-Cereus-HF-PS-Polysaccharide Benzenes CAFFEATE CPD-168 CPD-676 CPD-8098 Endocannabinoids L-Cysteine-Desulfurase-S-sulfinato-Cys Methyl-Branched-Fatty-Acids N-Acetylarylalkylamines Omega-9-Fatty-Acids Protein-tyrosine-adenylate Quinolines Streptovaricins Thioarsenicals Uracil-In-Single-Stranded-DNAs);LOTUS:(Q27102378 Q414116 Q56231106);DSSTox:(DTXSID5020231 DTXSID60745945 DTXSID901316055);HMDB:(HMDB0001964 HMDB0003501);BloodExposome:(2518 1549111 23694762 689043);HSDB:(331-39-5);PUBCHEM:(101215182 76973924 16109948 163889487 100923614 689043 90769002 131866465 1549111 11458067 149004731 2518 46780148 54681167 54691412 54710367 71309625 71434158);NORMAN:(NS00010313);COCONUT:(CNP0186784);PLANTCYC:(CPD-676 CAFFEATE)	139325807422	181,050	83	622706266451059663	622705973214676554	622705973214676554
1	1	0.729051168681013	0.9019143824050387	-6.9852456716640745	nul	54,896	C8H10N4O2	[M + H]+	C8H11N4O2+	RYYVLZVUVIJVGH	InChI=1S/C8H10N4O2/c1-10-4-9-6-5(10)7(13)12(3)8(14)11(6)2/h4H,1-3H3	Thein	CN1C=NC2=C1C(=O)N(C(=O)N2C)C	-0,109	101116218;25147444;10241810;60040686;141614479;153694012;153694061;131708520;131953137;131953138;24208736;158442489;158442496;45109841;45280316;45280317;45280431;45280258;45280256;45280257;45280259;45280260;45280261;45280262;45280263;45280264;45280311;45280312;45280313;45280314;45280315;45280318;45280319;45280483;45280368;45280369;45280370;45280371;45280372;45280373;45280374;45280375;45280376;45280424;45280425;45280426;45280427;45280428;45280429;45280430;45280482;45280484;45280485;45280486;45280487;45280488;45280489;45280543;13001297;13001298;13001299;13001300;13001301;13001302;13001303;13001304;2519;64136;451131;11820004	GNPS:(CCMSLIB00000579536 CCMSLIB00000085276);CHEBI:(27732 178066 31332 177330);HMDB:(HMDB0001847);BloodExposome:(64119 2519);NORMAN:(NS00000273 NS00082245 NS00082622);COCONUT:(CNP0228556);PLANTCYC:(1-3-7-TRIMETHYLXANTHINE);KEGG:(C07481);KNAPSACK:(RYYVLZVUVIJVGH-UHFFFAOYSA-N);MiMeDB:(MMDBc0000393);SUPERNATURAL:(SN0339072);FooDB:(FDB002100);MESH:(2519 64136);METACYC:(1-3-7-TRIMETHYLXANTHINE);LOTUS:(Q60235);DSSTox:(DTXSID0020232 DTXSID00514758 DTXSID00639874 DTXSID20437172 DTXSID30227945 DTXSID50206015 DTXSID60514759 DTXSID701339693 DTXSID70514760);HSDB:(58-08-2);PUBCHEM:(101116218 25147444 10241810 60040686 141614479 153694012 153694061 131708520 131953137 131953138 24208736 158442489 158442496 45109841 45280316 45280317 45280431 45280258 45280256 45280257 45280259 45280260 45280261 45280262 45280263 45280264 45280311 45280312 45280313 45280314 45280315 45280318 45280319 45280483 45280368 45280369 45280370 45280371 45280372 45280373 45280374 45280375 45280376 45280424 45280425 45280426 45280427 45280428 45280429 45280430 45280482 45280484 45280485 45280486 45280487 45280488 45280489 45280543 13001297 13001298 13001299 13001300 13001301 13001302 13001303 13001304 2519 64136 451131 11820004)	139325741886	195,088	72	622706079213130017	622705973302756946	622705973302756946
1	1	0.6694616021947242	0.6694616021947242	-51.656399773670124	nul	40,191	C22H26N4	[M + H]+	C22H27N4+	XSYCDVWYEVUDKQ	InChI=1S/C22H26N4/c1-25-13-11-22-16-8-4-5-9-17(16)23-19(25)21(22)12-14-26(2)20(22)24-18-10-6-3-7-15(18)21/h3-10,19-20,23-24H,11-14H2,1-2H3	Calycanthine	CN1CCC23C4NC5=CC=CC=C5C2(C1NC6=CC=CC=C36)CCN4C	3,900	6541179;6604273;6713056;5392245;5479813;135013094;134940312;6324869;5500298;16720249;165340063;18389047;18389426;11035395;73418;264115;1274456;133611802;11859173;11861113;73759826	MESH:(5392245);GNPS:(CCMSLIB00000085366);CHEBI:(3333 95133);KEGG:(C10573);LOTUS:(Q104399213 Q105341354 Q27106029);DSSTox:(DTXSID10974900);KNAPSACK:(XSYCDVWYEVUDKQ-UHFFFAOYSA-N);HMDB:(HMDB0029561);SUPERNATURAL:(SN0439231);PUBCHEM:(6541179 6604273 6713056 5392245 5479813 135013094 134940312 6324869 5500298 16720249 165340063 18389047 18389426 11035395 73418 264115 1274456 133611802 11859173 11861113 73759826);NORMAN:(NS00042766);COCONUT:(CNP0193367)	137710801214	347,223	52	622706071059402428	622705973403420253	622705973403420253
1	6	0.26965502942509206	0.26965502942509206	-269.399220254867	nul	107,192	C22H28N6O2	[M + Na]+	C22H28N6NaO2+	MJKKMNROIXQSTB	InChI=1S/C22H28N6O2/c1-25(14-16-5-4-11-26-10-3-2-6-18(16)26)21(29)15-27-12-8-19-17(22(27)30)13-23-20-7-9-24-28(19)20/h7-9,12-13,16,18H,2-6,10-11,14-15H2,1H3	N-methyl-N-[(octahydro-1H-quinolizin-1-yl)methyl]-2-{10-oxo-2,3,7,11-tetraazatricyclo[7.4.0.0²,⁶]trideca-1(9),3,5,7,12-pentaen-11-yl}acetamide	CN(CC1CCCN2C1CCCC2)C(=O)CN3C=CC4=C(C3=O)C=NC5=CC=NN45	1,200	163091152;110208090	SUPERNATURAL:(SN0227301);COCONUT:(CNP0409938);PUBCHEM:(163091152 110208090)	3145730	431,217	81	622706089543701206	622705973508277861	622705973508277861
1	4	0.043315155267499406	0.043315155267499406	-266.1275360707508	nul	118,225	C20H34N6O2	[M + K]+	C20H34KN6O2+	LFMPVTVPXHNXOT	InChI=1S/C20H34N6O2/c1-3-10-15(2)28-19-23-17(21)16-18(24-19)26(20(27)22-16)14-9-5-8-13-25-11-6-4-7-12-25/h15H,3-14H2,1-2H3,(H,22,27)(H2,21,23,24)	8H-Purin-8-one, 6-amino-7,9-dihydro-2-((1S)-1-methylbutoxy)-9-(5-(1-piperidinyl)pentyl)-	CCCC(C)OC1=NC(=C2C(=N1)N(C(=O)N2)CCCCCN3CCCCC3)N	3,000	75083780;44623937	MESH:(44623937);PUBCHEM:(75083780 44623937);HMDB:(HMDB0259474);BloodExposome:(44623937)	4194318	429,238	96	622706285782607581	622705973596358252	622705973596358252
1	1	0.4195181124114141	0.4195181124114141	-53.37631116774177	nul	87,995	C14H9NO2	[M + H]+	C14H10NO2+	KHUFHLFHOQVFGB	InChI=1S/C14H9NO2/c15-11-7-3-6-10-12(11)14(17)9-5-2-1-4-8(9)13(10)16/h1-7H,15H2	1-amino-9,10-dihydroanthracene-9,10-dione	C1=CC=C2C(=C1)C(=O)C3=C(C2=O)C(=CC=C3)N	2,216	142080237;6710	NORMAN:(NS00021371);COCONUT:(CNP0350147);SUPERNATURAL:(SN0185988);MESH:(6710);PUBCHEM:(142080237 6710);DSSTox:(DTXSID2052572)	137442361350	224,071	139	622706769608166105	622705973697021557	622705973697021557
1	2	0.5987367516057136	0.6223721983255917	-85.58958467892495	nul	166,506	C21H34N2	[M + H]+	C21H35N2+	WXUYRHRCXDRFJK	InChI=1S/C21H34N2/c1-13-17-5-6-19-16-4-3-14-11-15(22)7-9-20(14,2)18(16)8-10-21(17,19)12-23-13/h3,13,15-19,23H,4-12,22H2,1-2H3	6,13-dimethyl-7-azapentacyclo[10.8.0.0²,⁹.0⁵,⁹.0¹³,¹⁸]icos-18-en-16-amine	CC1C2CCC3C2(CCC4C3CC=C5C4(CCC(C5)N)C)CN1	3,400	12303819;12303820	SUPERNATURAL:(SN0422917);COCONUT:(CNP0217549);PUBCHEM:(12303819 12303820);TeroMol:(TKC119240)	11534338	315,279	94	622706130878568514	622705973780907644	622705973780907644
1	2	0.8466408532787406	0.8509464851853981	-13.361687969467946	nul	145,867	C24H40N2	[M + H]+	C24H41N2+	GPLGAQQQNWMVMM	InChI=1S/C24H40N2/c1-16-20-8-9-22-19-7-6-17-14-18(25(3)4)10-12-23(17,2)21(19)11-13-24(20,22)15-26(16)5/h6,16,18-22H,7-15H2,1-5H3	Neriine	CC1C2CCC3C2(CCC4C3CC=C5C4(CCC(C5)N(C)C)C)CN1C	4,900	42579260;154701816;21680755;124911024;124911025;124911026;144171775;6604270;6708699;40469406;40469408;40469410;40489544;40489546;5316032;5316037;51400368;124306148;124389593;162847172;162847173;162847174;162847175;162847176;162847177;162847178;125120985;125120986;125180617;125180618;59188993;16758122;16759179;70896928;25113506;99568207;45934186;44722601;139383296;2860;72066;441082;12303833;12303834;1274457;133550126;11861411;44135662	CHEBI:(95174 192419 27965);KEGG:(C06545);KNAPSACK:(GPLGAQQQNWMVMM-UHFFFAOYSA-N);SUPERNATURAL:(SN0111881);MESH:(441082);LOTUS:(Q105014951 Q105014977 Q105014980 Q5159518);DSSTox:(DTXSID30974568 DTXSID6046000);HMDB:(HMDB0250436);BloodExposome:(2860 441082);PUBCHEM:(42579260 154701816 21680755 124911024 124911025 124911026 144171775 6604270 6708699 40469406 40469408 40469410 40489544 40489546 5316032 5316037 51400368 124306148 124389593 162847172 162847173 162847174 162847175 162847176 162847177 162847178 125120985 125120986 125180617 125180618 59188993 16758122 16759179 70896928 25113506 99568207 45934186 44722601 139383296 2860 72066 441082 12303833 12303834 1274457 133550126 11861411 44135662);NORMAN:(NS00033145);COCONUT:(CNP0108546)	137714991422	357,326	84	622706066693131628	622705973881570948	622705973881570948
1	2	0.6839318662763617	0.7736263264594875	-90.71704713343763	nul	182,908	C22H36N2	[M + H]+	C22H37N2+	SHCHXCXYUPHKHW	InChI=1S/C22H36N2/c1-14-18-6-7-20-17-5-4-15-12-16(23-3)8-10-21(15,2)19(17)9-11-22(18,20)13-24-14/h4,14,16-20,23-24H,5-13H2,1-3H3	N,6,13-trimethyl-7-azapentacyclo[10.8.0.0²,⁹.0⁵,⁹.0¹³,¹⁸]icos-18-en-16-amine	CC1C2CCC3C2(CCC4C3CC=C5C4(CCC(C5)NC)C)CN1	3,900	5316046;162981601;551152;101686	COCONUT:(CNP0253805);TeroMol:(TKC119243);SUPERNATURAL:(SN0345388);PUBCHEM:(5316046 162981601 551152 101686);DSSTox:(DTXSID40963665)	137450487810	329,296	77	622706080903434635	622705974028371599	622705974028371599
1	1	0.8141374046830507	0.8141374046830507	-84.08604488646836	nul	202,685	C11H13NO3	[M + H]+	C11H14NO3+	MQKFSXLBPPCAGR	InChI=1S/C11H13NO3/c1-14-9-5-7-3-4-12-11(13)8(7)6-10(9)15-2/h5-6H,3-4H2,1-2H3,(H,12,13)	Corydaldine	COC1=C(C=C2C(=C1)CCNC2=O)OC	1,200	610097	COCONUT:(CNP0184096);BloodExposome:(610097);SUPERNATURAL:(SN0232593);PUBCHEM:(610097);LOTUS:(Q27258406);DSSTox:(DTXSID90346166);KNAPSACK:(MQKFSXLBPPCAGR-UHFFFAOYSA-N)	137714728978	208,097	89	622706117314189020	622705974108063381	622705974108063381
1	1	0.33224444266618003	0.6981687338229525	-25.449359555878416	nul	168,587	C15H10O6	[M + H]+	C15H11O6+	XHEFDIBZLJXQHF	InChI=1S/C15H10O6/c16-8-2-3-9-12(6-8)21-15(14(20)13(9)19)7-1-4-10(17)11(18)5-7/h1-6,16-18,20H	Fietin	C1=CC(=C(C=C1C2=C(C(=O)C3=C(O2)C=C(C=C3)O)O)O)O	2,000	163342012;5281614;12309893;54758660	BloodExposome:(5281614);SUPERNATURAL:(SN0430080);LIPIDMAPS:(LMPK12111566);MESH:(5281614);PUBCHEM:(163342012 5281614 12309893 54758660);FooDB:(FDB000624);NORMAN:(NS00018308);COCONUT:(CNP0276366);METACYC:(CPD-13503);CHEBI:(71992 42567);KEGG:(C10041);LOTUS:(Q418384);DSSTox:(DTXSID10583773 DTXSID4022317);KNAPSACK:(XHEFDIBZLJXQHF-UHFFFAOYSA-N)	140399348022	287,055	85	622706259165553177	622705974175172251	622705974175172251
1	1	0.9240872506978023	0.9240872506978023	-221.55086354171095	nul	66,335	C33H42N6O6	[M + H]+	C33H43N6O6+	UROVRGVFEPXWAK	InChI=1S/C33H42N6O6/c1-20(2)28-33(45)37-25(18-23-13-8-5-9-14-23)31(43)36-24(17-22-11-6-4-7-12-22)30(42)35-21(3)29(41)34-19-27(40)39-16-10-15-26(39)32(44)38-28/h4-9,11-14,20-21,24-26,28H,10,15-19H2,1-3H3,(H,34,41)(H,35,42)(H,36,43)(H,37,45)(H,38,44)	Cycloamanide A	CC1C(=O)NCC(=O)N2CCCC2C(=O)NC(C(=O)NC(C(=O)NC(C(=O)N1)CC3=CC=CC=C3)CC4=CC=CC=C4)C(C)C	2,500	5256820;90684424	MESH:(90684424);PUBCHEM:(5256820 90684424)	6	619,324	146	622706824788437867	622705974246475425	622705974246475425
1	2	0.0632037164089437	0.0632037164089437	-207.4840105167569	nul	46,716	C21H25N3O3	[M + Na]+	C21H25N3NaO3+	FPLNQFKLIQITJT	InChI=1S/C21H25N3O3/c1-16-7-3-6-10-20(16)27-15-21(26)22-18-8-4-5-9-19(18)24-13-11-23(12-14-24)17(2)25/h3-10H,11-15H2,1-2H3,(H,22,26)	N-[2-(4-acetyl-1-piperazinyl)phenyl]-2-(2-methylphenoxy)acetamide	CC1=CC=CC=C1OCC(=O)NC2=CC=CC=C2N3CCN(CC3)C(=O)C	2,600	6458731	PUBCHEM:(6458731);CHEBI:(116463)	34	390,181	117	622706101048677550	622705974321972903	622705974321972903
1	1	0.9855805736325289	0.9855805736325289	-19.469984628404607	nul	106,344	C11H14N2O	[M + H]+	C11H15N2O+	ANJTVLIZGCUXLD	InChI=1S/C11H14N2O/c14-11-3-1-2-10-9-4-8(5-12-6-9)7-13(10)11/h1-3,8-9,12H,4-7H2	Ulexine	C1C2CNCC1C3=CC=CC(=O)N3C2	0,200	154789962;6708720;6713952;53321937;134879612;683511;1549781;1549782;139062782;10235;22407;442949;12358865;11859180;49849591	MESH:(10235);CHEBI:(111178 95183 4055);KEGG:(C10763);LOTUS:(Q27190691 Q417343 Q104915219 Q104915184 Q104394908 Q27166989);DSSTox:(DTXSID00883395 DTXSID501140305 DTXSID50975875 DTXSID80274727);KNAPSACK:(ANJTVLIZGCUXLD-UHFFFAOYSA-N);HMDB:(HMDB0242209);BloodExposome:(6708720 10235 20056518 442949 22407 1549781 683511);HSDB:(485-35-8);SUPERNATURAL:(SN0010223);PUBCHEM:(154789962 6708720 6713952 53321937 134879612 683511 1549781 1549782 139062782 10235 22407 442949 12358865 11859180 49849591);NORMAN:(NS00015395 NS00067015 NS00080333 NS00080842);COCONUT:(CNP0344781)	137714991934	191,118	24	622706108158023206	622705974397470382	622705974397470382
1	1	0.5477599027987943	0.5477599027987943	-56.94432884616834	nul	131,650	C16H12O4	[M + H]+	C16H13O4+	NTBUBTCXACOEEC	InChI=1S/C16H12O4/c1-8-12(17)7-11-13(16(8)20-2)15(19)10-6-4-3-5-9(10)14(11)18/h3-7,17H,1-2H3	Rubiadin-1-Methyl Ether	CC1=C(C=C2C(=C1OC)C(=O)C3=CC=CC=C3C2=O)O	2,800	96191	COCONUT:(CNP0202672);BloodExposome:(96191);SUPERNATURAL:(SN0254549);MESH:(96191);PUBCHEM:(96191);LOTUS:(Q72506833);DSSTox:(DTXSID80225572);KNAPSACK:(NTBUBTCXACOEEC-UHFFFAOYSA-N)	137714728982	269,081	165	622706807302384172	622705974472967862	622705974472967862
1	1	0.1295554038878559	0.1295554038878559	-136.16866991289703	nul	179,759	C13H18O3	[M + H]+	C13H19O3+	JJCMVTXJDJQHKA	InChI=1S/C13H18O3/c1-8-9(2)13(16)11(6-4-5-7-14)10(3)12(8)15/h14H,4-7H2,1-3H3	2-(4-Hydroxybutyl)-3,5,6-trimethylcyclohexa-2,5-diene-1,4-dione	CC1=C(C(=O)C(=C(C1=O)C)CCCCO)C	1,500	13187545	MESH:(13187545);PUBCHEM:(13187545);DSSTox:(DTXSID70525891)	137438953478	223,133	101	622706308410878129	622705974561048253	622705974561048253
1	1	0.02281555805494728	0.036922061201722665	-201.01540223147902	nul	108,191	C21H37N	[M + H]+	C21H38N+	PQIKYLWOYKFXHE	InChI=1S/C21H37N/c1-16-7-2-3-9-18(16)15-22-14-6-11-20-19-10-5-4-8-17(19)12-13-21(20)22/h16-21H,2-15H2,1H3	4-[(2-Methylcyclohexyl)methyl]-1,2,3,4,4a,5,6,6a,7,8,9,10,10a,10b-tetradecahydrobenzo[f]quinolin-4-ium	CC1CCCCC1CN2CCCC3C2CCC4C3CCCC4	6,800	163130547;163130548	SUPERNATURAL:(SN0099175);COCONUT:(CNP0445592);PUBCHEM:(163130547 163130548)	3145730	304,300	180	622706756907812831	622705974670100163	622705974670100163
1	2	0.6147358297302647	0.9098551101403951	-44.76892549614177	nul	63,475	C22H22O7	[M + H]+	C22H23O7+	ZGLXUQQMLLIKAN	InChI=1S/C22H22O7/c1-24-17-6-12(7-18(25-2)21(17)26-3)19-14-8-16-15(28-10-29-16)5-11(14)4-13-9-27-22(23)20(13)19/h5-8,13,19-20H,4,9-10H2,1-3H3	Anthricin	COC1=CC(=CC(=C1OC)OC)C2C3C(CC4=CC5=C(C=C24)OCO5)COC3=O	3,611	9978176;6713106;5272811;146029743;71712295;68014649;68307338;2203;72434;101256;332808;332809;345501;456052;117655841;12306683;133565267;11711021;71045228;44368847	CHEBI:(4429);KEGG:(C10556);KNAPSACK:(ZGLXUQQMLLIKAN-UHFFFAOYSA-N);SUPERNATURAL:(SN0469726);MESH:(2203 72434 332809 345501);METACYC:(CPD-8958);LOTUS:(Q82074230 Q105375309 Q27106380 Q82074227 Q105375297 Q105375308 Q104251924);DSSTox:(DTXSID30318504 DTXSID701019944 DTXSID70318503 DTXSID90939734);HMDB:(HMDB0242210);BloodExposome:(332809 2203 345501 71045228 5272811 133565267 72434 101256);PUBCHEM:(9978176 6713106 5272811 146029743 71712295 68014649 68307338 2203 72434 101256 332808 332809 345501 456052 117655841 12306683 133565267 11711021 71045228 44368847);NORMAN:(NS00094526);COCONUT:(CNP0230636);PLANTCYC:(CPD-8958)	137715124542	399,143	188	622706868522447020	622705974795929293	622705974795929293
1	1	0.7842290088962116	0.9689777553815075	-50.33925248458068	nul	128,833	C23H34O5	[M + H]+	C23H35O5+	PVAMXWLZJKTXFW	InChI=1S/C23H34O5/c1-21-7-5-15(24)10-14(21)3-4-17-16(21)6-8-22(2)20(13-9-19(26)28-12-13)18(25)11-23(17,22)27/h9,14-18,20,24-25,27H,3-8,10-12H2,1-2H3	Gitoxigenin	CC12CCC(CC1CCC3C2CCC4(C3(CC(C4C5=CC(=O)OC5)O)O)C)O	3,049	22294566;124747095;124898220;124904026;124904027;124904028;67579070;6548126;6713846;40493152;40493153;40493154;40493155;53298685;163084465;163084466;163084467;134688292;23992915;7067825;7067826;102067281;70882271;3246693;10385734;133126606;608933;99564906;99564907;99564908;99644236;99644237;99644238;99644239;46494837;142012389;24140132;11012;348482;1023655;1023656;1023657;1023658;12309550;12309551;133550456;11870450;11870451;11870452;44144286;73755844;68587828	LIPIDMAPS:(LMST01120003);CHEBI:(38105);SUPERNATURAL:(SN0295915);TeroMol:(TKC206876 TKC117625);MESH:(348482);METACYC:(CPD-22576);LOTUS:(Q105215366 Q1527718 Q105215364);DSSTox:(DTXSID20878642);HMDB:(HMDB0252730);BloodExposome:(348482);PUBCHEM:(22294566 124747095 124898220 124904026 124904027 124904028 67579070 6548126 6713846 40493152 40493153 40493154 40493155 53298685 163084465 163084466 163084467 134688292 23992915 7067825 7067826 102067281 70882271 3246693 10385734 133126606 608933 99564906 99564907 99564908 99644236 99644237 99644238 99644239 46494837 142012389 24140132 11012 348482 1023655 1023656 1023657 1023658 12309550 12309551 133550456 11870450 11870451 11870452 44144286 73755844 68587828);NORMAN:(NS00004870);COCONUT:(CNP0394753)	139870865454	391,248	97	622706330636495390	622705974913369811	622705974913369811
1	2	0.6383030167046789	0.7518770494803851	-91.32411291466902	nul	29,778	C10H15N5	[M + H]+	C10H16N5+	FZQMZXGTZAPBAK	InChI=1S/C10H15N5/c1-7(2)3-4-11-9-8-10(13-5-12-8)15-6-14-9/h5-7H,3-4H2,1-2H3,(H2,11,12,13,14,15)	N-(3-methylbutyl)-9H-purin-6-amine	CC(C)CCNC1=NC=NC2=C1NC=N2	1,596	3340547	SUPERNATURAL:(SN0099833);COCONUT:(CNP0392538);PUBCHEM:(3340547);DSSTox:(DTXSID90391611)	137442099202	206,140	81	622706239225831080	622705974980478682	622705974980478682
1	1	0.9935302378400578	0.9935302378400578	-5.065202595088515	nul	73,000	C15H21N3O2	[M + H]+	C15H22N3O2+	PIJVFDBKTWXHHD	InChI=1S/C15H21N3O2/c1-15-7-8-17(3)13(15)18(4)12-6-5-10(9-11(12)15)20-14(19)16-2/h5-6,9,13H,7-8H2,1-4H3,(H,16,19)	Eserine	CC12CCN(C1N(C3=C2C=C(C=C3)OC(=O)NC)C)C	2,083	101346707;6603845;6921568;6921569;4616191;14107712;146159232;667498;54190829;11403114;45040248;10802488;4811;5983;450957;91441733;133687009;11821821;11859207;11865449;24848398	MESH:(5983);METACYC:(CPD-12048 CPD-18906);CHEBI:(94369 27953 182905);KEGG:(C06535);LOTUS:(Q410595);DSSTox:(DTXSID00859010 DTXSID20976379 DTXSID3023471 DTXSID30976380);KNAPSACK:(PIJVFDBKTWXHHD-UHFFFAOYSA-N);HMDB:(HMDB0015116);BloodExposome:(4811 5983);HSDB:(57-47-6);SUPERNATURAL:(SN0286276);PUBCHEM:(101346707 6603845 6921568 6921569 4616191 14107712 146159232 667498 54190829 11403114 45040248 10802488 4811 5983 450957 91441733 133687009 11821821 11859207 11865449 24848398);NORMAN:(NS00004015 NS00081248 NS00081277);COCONUT:(CNP0185906)	137714993982	276,171	80	622706246918185019	622705975060170467	622705975060170467
1	1	0.10628168484971143	0.10628168484971143	-145.43339843719306	nul	199,470	C21H35NO	[M + H]+	C21H36NO+	WDEXLOGZXQCUIQ	InChI=1S/C21H35NO/c1-15(2)16-6-8-18-17(12-16)7-9-19-20(3,13-22-14-23)10-5-11-21(18,19)4/h15-19H,5-13H2,1-4H3	(4aR,4bR,8S)-8-(isocyanatomethyl)-4b,8-dimethyl-2-propan-2-yl-1,2,3,4,4a,5,6,7,8a,9,10,10a-dodecahydrophenanthrene	CC(C)C1CCC2C(C1)CCC3C2(CCCC3(C)CN=C=O)C	8,100	54424613	PUBCHEM:(54424613)	2	318,279	133	622706707993834518	622705975148250866	622705975148250866
1	1	0.969982226459728	0.969982226459728	-39.96818121318245	nul	284,248	C20H24O9	[M + H]+	C20H25O9+	FPUXKXIZEIDQKW	InChI=1S/C20H24O9/c1-7-12(22)26-10-6-17-9-5-8(16(2,3)4)18(17)11(21)13(23)28-15(18)29-20(17,14(24)27-9)19(7,10)25/h7-11,15,21,25H,5-6H2,1-4H3	Ginkgolid A	CC1C(=O)OC2C1(C34C(=O)OC5C3(C2)C6(C(C5)C(C)(C)C)C(C(=O)OC6O4)O)O	0,600	154790189;21725806;21733097;124523191;124526003;124526004;124629545;124629546;124629547;124800321;124800322;51655955;9909368;6604345;6604663;40480625;15940178;15944765;15965401;15978556;23304388;23307235;23307248;5281046;16406429;129600776;129600777;129600778;129600779;129606918;129606919;129606920;129629036;134692168;22829097;23817960;21456154;102004392;124461564;162957878;162957879;162957880;125463031;125463032;20021754;20021755;6325203;6419993;66509049;66524188;146028580;155288773;16759509;16760082;70972360;25200020;10431574;133053372;133053825;45783082;73438931;129010090;129010367;129316869;12989697;129383778;129449831;131705699;138756130;132470876;158105849;98044223;98044224;98071355;98071356;98071357;98071358;98085803;115221;25886213;25886214;25886215;25886216;441293;46783823;78358336;11876970;11876971;122361603;73758749;73759793;138107038;138107785;57745263;138404338;138404339;24883855;24883856;24883857	GNPS:(CCMSLIB00000424777 CCMSLIB00000851714);CHEBI:(181554 95143 5355);HMDB:(HMDB0036862);BloodExposome:(15978556 9909368 10431574 6419993 66524188 102004392 23817960 21725806 134692168 129316869 115221 78358336 441293 12989697 46783823 129010090 45358009);NORMAN:(NS00024980);COCONUT:(CNP0228814);LIPIDMAPS:(LMPR0104540001);KEGG:(C07601);KNAPSACK:(FPUXKXIZEIDQKW-UHFFFAOYSA-N);SUPERNATURAL:(SN0092243);FooDB:(FDB015816);TeroMol:(TKC102080 TKC007079 TKC075325 TKC147467 TKC147562 TKC147474 TKC102082 TKC151404 TKC075343 TKC151403 TKC147483 TKC102083 TKC147505 TKC075311 TKC147469 TKC147612 TKC147614 TKC147531);MESH:(115221 441293 6419993 9909368 12989697 15944765 15978556 21725806 23817960 24883856 46783823 66524188 78358336 102004392 129010090 129316869 134692168);LOTUS:(Q104251881 Q104999408 Q104999410 Q104999409 Q27095718 Q104999411);DSSTox:(DTXSID10873222);PUBCHEM:(154790189 21725806 21733097 124523191 124526003 124526004 124629545 124629546 124629547 124800321 124800322 51655955 9909368 6604345 6604663 40480625 15940178 15944765 15965401 15978556 23304388 23307235 23307248 5281046 16406429 129600776 129600777 129600778 129600779 129606918 129606919 129606920 129629036 134692168 22829097 23817960 21456154 102004392 124461564 162957878 162957879 162957880 125463031 125463032 20021754 20021755 6325203 6419993 66509049 66524188 146028580 155288773 16759509 16760082 70972360 25200020 10431574 133053372 133053825 45783082 73438931 129010090 129010367 129316869 12989697 129383778 129449831 131705699 138756130 132470876 158105849 98044223 98044224 98071355 98071356 98071357 98071358 98085803 115221 25886213 25886214 25886215 25886216 441293 46783823 78358336 11876970 11876971 122361603 73758749 73759793 138107038 138107785 57745263 138404338 138404339 24883855 24883856 24883857)	140407738686	409,150	123	622706325968234922	622705975240525566	622705975240525566
1	1	0.8363583188061696	0.9606748641511964	-16.46953776940852	nul	243,229	C20H24O10	[M + H]+	C20H25O10+	SQOJOAFXDQDRGF	InChI=1S/C20H24O10/c1-6-12(23)28-11-9(21)18-8-5-7(16(2,3)4)17(18)10(22)13(24)29-15(17)30-20(18,14(25)27-8)19(6,11)26/h6-11,15,21-22,26H,5H2,1-4H3	Ginkgolid B	CC1C(=O)OC2C1(C34C(=O)OC5C3(C2O)C6(C(C5)C(C)(C)C)C(C(=O)OC6O4)O)O	-0,400	17751009;17999835;21550935;21551275;21733098;124523550;124524085;124524854;124527172;124527173;124577265;58658116;58666414;124762321;124762322;124762324;124762325;58761012;9845233;6604658;6917929;155899846;163319923;16055219;16058210;15944904;15966679;15978246;23232093;23304389;23307247;5281047;5311117;16406472;160909350;160909351;129539567;129539566;129607064;129607065;129607066;129607067;129629043;129630527;129630646;22836632;23640525;23806094;102004390;137325772;101599976;101601044;162982540;162982541;162982542;162982543;136199658;6324617;97354626;146032393;146032394;146032396;146157361;155288760;145854131;16759286;16760083;100997204;100997205;92044465;92471980;92471981;92471982;92471983;70972318;139597140;25084901;10159360;25200021;25200035;25200290;60068769;73438906;60142720;129010073;129010213;129316870;78759361;129360620;129449996;89209774;90758134;44566830;131707917;132285149;132470872;11362268;98044225;98044226;98044227;98044229;98049745;98051311;98118588;98118589;59827872;10971931;65243;441294;91337258;133550293;11947755;11972614;11973122;122361604;122361935;164805849;90479819;73756137;138106957;44459376;138402868;138404401;24728714;24883993;24883994;24883995	HMDB:(HMDB0036861);BloodExposome:(17751009 134692167 90479819 11973122 441294 129316870 45358010 6917929 24883993 129630527 6324617 102004390 101599976 92044465 129010073 65243);COCONUT:(CNP0254856);PUBCHEM:(17751009 17999835 21550935 21551275 21733098 124523550 124524085 124524854 124527172 124527173 124577265 58658116 58666414 124762321 124762322 124762324 124762325 58761012 9845233 6604658 6917929 155899846 163319923 16055219 16058210 15944904 15966679 15978246 23232093 23304389 23307247 5281047 5311117 16406472 160909350 160909351 129539567 129539566 129607064 129607065 129607066 129607067 129629043 129630527 129630646 22836632 23640525 23806094 102004390 137325772 101599976 101601044 162982540 162982541 162982542 162982543 136199658 6324617 97354626 146032393 146032394 146032396 146157361 155288760 145854131 16759286 16760083 100997204 100997205 92044465 92471980 92471981 92471982 92471983 70972318 139597140 25084901 10159360 25200021 25200035 25200290 60068769 73438906 60142720 129010073 129010213 129316870 78759361 129360620 129449996 89209774 90758134 44566830 131707917 132285149 132470872 11362268 98044225 98044226 98044227 98044229 98049745 98051311 98118588 98118589 59827872 10971931 65243 441294 91337258 133550293 11947755 11972614 11973122 122361604 122361935 164805849 90479819 73756137 138106957 44459376 138402868 138404401 24728714 24883993 24883994 24883995);GNPS:(CCMSLIB00000424775);CHEBI:(5356);NORMAN:(NS00070447 NS00097350);KEGG:(C07602);KNAPSACK:(SQOJOAFXDQDRGF-UHFFFAOYSA-N);SUPERNATURAL:(SN0352707);FooDB:(FDB015815);TeroMol:(TKC007076 TKC147576 TKC147536 TKC151785 TKC075341 TKC075303 TKC147571 TKC075324 TKC151784 TKC147580 TKC075333 TKC075345 TKC106537 TKC151786 TKC106540 TKC075320 TKC147578 TKC147577);MESH:(65243 441294 5281047 6324617 6917929 10971931 11973122 15944904 17751009 90479819 92044465 101599976 102004390 129010073 129316870 129630527 136199658 138402868 146157361);LOTUS:(Q105258350 Q104250683 Q27095719 Q105258345 Q105258347);DSSTox:(DTXSID70873223)	138260255038	425,144	123	622706397674057306	622705975311828742	622705975311828742
1	1	0.12237980375429128	0.12237980375429128	-278.2972757175173	nul	192,952	C18H26O11	[M + Na]+	C18H26NaO11+	JBBLCGRIZVRWJC	InChI=1S/C18H26O11/c1-25-15(24)9-6-27-16(11-8(9)3-4-18(11,7-20)26-2)29-17-14(23)13(22)12(21)10(5-19)28-17/h3-4,6,8,10-14,16-17,19-23H,5,7H2,1-2H3	methyl 7-(hydroxymethyl)-7-methoxy-1-{[3,4,5-trihydroxy-6-(hydroxymethyl)oxan-2-yl]oxy}-1H,4aH,7H,7aH-cyclopenta[c]pyran-4-carboxylate	COC(=O)C1=COC(C2C1C=CC2(CO)OC)OC3C(C(C(C(O3)CO)O)O)O	-2,300	101243871;162871830	SUPERNATURAL:(SN0160677);COCONUT:(CNP0136506);PUBCHEM:(101243871 162871830);TeroMol:(TKC165420);LOTUS:(Q105124199)	279969794	441,139	100	622706231575419977	622705975378937612	622705975378937612
1	1	0.3818027175221948	0.7598827752246616	-139.78511855077875	nul	33,269	C23H34O5	[M + Na]+	C23H34NaO5+	FLMSQRUGSHIKCT	InChI=1S/C23H34O5/c1-21-7-5-15(24)10-14(21)3-4-17-20(21)18(25)11-22(2)16(6-8-23(17,22)27)13-9-19(26)28-12-13/h9,14-18,20,24-25,27H,3-8,10-12H2,1-2H3	Sarmentogenin	CC12CCC(CC1CCC3C2C(CC4(C3(CCC4C5=CC(=O)OC5)O)C)O)O	3,049	42619422;101306704;124921070;124921071;124921072;124921073;124928619;9800581;6708600;155559137;50990208;162942730;162942731;162942732;162942733;162942734;162942735;162942736;125180606;125180607;91809623;99565669;99565670;99565671;99565672;44722408;45050664;6437;10054;3944478	TeroMol:(TKC117585);CHEBI:(91947 37665);LOTUS:(Q104997260 Q104997262 Q27117221);DSSTox:(DTXSID80878643);SUPERNATURAL:(SN0088936);PUBCHEM:(42619422 101306704 124921070 124921071 124921072 124921073 124928619 9800581 6708600 155559137 50990208 162942730 162942731 162942732 162942733 162942734 162942735 162942736 125180606 125180607 91809623 99565669 99565670 99565671 99565672 44722408 45050664 6437 10054 3944478);NORMAN:(NS00094829);COCONUT:(CNP0213079)	137719185442	413,230	121	622706244888141769	622705975454435090	622705975454435090
1	3	0.42322650301398546	0.5377159676062983	-94.1115469817795	nul	70,240	C41H64O14	[M + Na]+	C41H64NaO14+	LTMHDMANZUZIPE	InChI=1S/C41H64O14/c1-19-36(47)28(42)15-34(50-19)54-38-21(3)52-35(17-30(38)44)55-37-20(2)51-33(16-29(37)43)53-24-8-10-39(4)23(13-24)6-7-26-27(39)14-31(45)40(5)25(9-11-41(26,40)48)22-12-32(46)49-18-22/h12,19-21,23-31,33-38,42-45,47-48H,6-11,13-18H2,1-5H3	Digoxin	CC1C(C(CC(O1)OC2C(OC(CC2O)OC3C(OC(CC3O)OC4CCC5(C(C4)CCC6C5CC(C7(C6(CCC7C8=CC(=O)OC8)O)C)O)C)C)C)O)O	3,336	154731286;118855854;134370198;58559695;58616975;58616976;58695607;124746526;124746527;124746528;124746529;124746530;124898317;124898321;124898324;124898326;124898843;124898844;124898845;124898847;124900891;124900892;124900895;124900897;124901334;124901335;124901336;124901337;124902038;124902041;124902043;124902044;162411201;6604360;53477737;155765066;50924686;76973178;16394506;16403371;135056324;135249063;135391146;154496482;86579129;129606042;134694175;22833572;124112976;52931493;162898443;162898444;162898445;162898446;162898447;162898448;59173065;5702042;66683216;145738015;16757557;16757666;140501613;126657056;140635266;140635282;140889045;70882148;70886579;70920463;70920464;70920537;159451916;159451917;45933566;73265414;60055842;60134752;129010261;129121359;129121360;12940955;12940972;12940973;12940977;12940984;12940990;44568857;44659596;44663291;131801316;132470890;24031098;45039017;45073400;45358124;3062;30322;130476760;194123;117627601;117686431;117777085;133550128;117072395;133688115;133688116;90346909;71316113;71316114;44145769;57358314;73707466;73759829;138107252;2724385;24837624	GNPS:(CCMSLIB00000077027);CHEBI:(4551);HMDB:(HMDB0001917 HMDB0250399);BloodExposome:(2724385 30322 3062);NORMAN:(NS00008620);COCONUT:(CNP0166169);LIPIDMAPS:(LMST01120023);KEGG:(C06956);KNAPSACK:(LTMHDMANZUZIPE-UHFFFAOYSA-N);MiMeDB:(MMDBc0054457);SUPERNATURAL:(SN0214999);FooDB:(FDB022736);TeroMol:(TKC075772 TKC075769 TKC104114 TKC104115 TKC104116);MESH:(3062 2724385);METACYC:(CPD-19188 CPD-22580);LOTUS:(Q105157023 Q422222);DSSTox:(DTXSID10860258 DTXSID5022934 DTXSID701098613);HSDB:(20830-75-5);PUBCHEM:(154731286 118855854 134370198 58559695 58616975 58616976 58695607 124746526 124746527 124746528 124746529 124746530 124898317 124898321 124898324 124898326 124898843 124898844 124898845 124898847 124900891 124900892 124900895 124900897 124901334 124901335 124901336 124901337 124902038 124902041 124902043 124902044 162411201 6604360 53477737 155765066 50924686 76973178 16394506 16403371 135056324 135249063 135391146 154496482 86579129 129606042 134694175 22833572 124112976 52931493 162898443 162898444 162898445 162898446 162898447 162898448 59173065 5702042 66683216 145738015 16757557 16757666 140501613 126657056 140635266 140635282 140889045 70882148 70886579 70920463 70920464 70920537 159451916 159451917 45933566 73265414 60055842 60134752 129010261 129121359 129121360 12940955 12940972 12940973 12940977 12940984 12940990 44568857 44659596 44663291 131801316 132470890 24031098 45039017 45073400 45358124 3062 30322 130476760 194123 117627601 117686431 117777085 133550128 117072395 133688115 133688116 90346909 71316113 71316114 44145769 57358314 73707466 73759829 138107252 2724385 24837624)	141481483070	803,418	152	622706989083522955	622705975542515486	622705975542515486
1	1	0.19796700946383292	0.19796700946383292	-260.35308361277407	nul	155,672	C21H35NO	[M + H]+	C21H36NO+	FLEBIYNUTZNISZ	InChI=1S/C21H35NO/c1-13(22)17-6-7-18-16-5-4-14-12-15(23)8-10-20(14,2)19(16)9-11-21(17,18)3/h4,13,15-19,23H,5-12,22H2,1-3H3	1-(1-aminoethyl)-9a,11a-dimethyl-1H,2H,3H,3aH,3bH,4H,6H,7H,8H,9H,9aH,9bH,10H,11H,11aH-cyclopenta[a]phenanthren-7-ol	CC(C1CCC2C1(CCC3C2CC=C4C3(CCC(C4)O)C)C)N	4,051	162968200;162968201;162968202;162968203;541557;129366235;129447980;129447981;129447982;11001646;320374;12310540;12310542;11924030;11924031;11924032;11924033;11924034;11924035;11924036;11924037;57449470	TeroMol:(TKC112499 TKC206745);DSSTox:(DTXSID80313221);SUPERNATURAL:(SN0088682);PUBCHEM:(162968200 162968201 162968202 162968203 541557 129366235 129447980 129447981 129447982 11001646 320374 12310540 12310542 11924030 11924031 11924032 11924033 11924034 11924035 11924036 11924037 57449470);COCONUT:(CNP0239652)	137450487810	318,279	98	622706288223692567	622705975626401574	622705975626401574
1	1	0.4368701251607205	0.4368701251607205	-153.8101135184595	nul	197,907	C21H33NO	[M + H]+	C21H34NO+	NALAUKVLXQRUIM	InChI=1S/C21H33NO/c22-20(23)21-16-10-4-1-7-13(16)19(14-8-2-5-11-17(14)21)15-9-3-6-12-18(15)21/h13-19H,1-12H2,(H2,22,23)	Pentacyclo[6.6.6.0(2,7).0(9,14).0(15,20)]icosane-1-carboxamide	C1CCC2C(C1)C3C4CCCCC4C2(C5C3CCCC5)C(=O)N	6,100	91742290	PUBCHEM:(91742290)	2	316,264	126	622706266174235546	622705975760619308	622705975760619308
1	3	0.08769654511600244	0.08769654511600244	-184.62890026574942	nul	151,197	C19H37NO	[M + Na]+	C19H37NNaO+	OAKBFDJZWOPGMA	InChI=1S/C19H37NO/c1-2-3-4-5-6-7-8-9-10-11-12-13-14-15-16-19(21)17-18-20/h19,21H,2-17H2,1H3	(3S)-3-hydroxynonadecanenitrile	CCCCCCCCCCCCCCCCC(CC#N)O	7,600	98094131;98094132;121787	NORMAN:(NS00050812);PUBCHEM:(98094131 98094132 121787);DSSTox:(DTXSID30952927)	137439215618	318,280	131	622706700523779032	622705975836116787	622705975836116787
1	1	0.34738561823938074	0.34738561823938074	-239.23327041786473	nul	173,326	C21H33NO	[M + H]+	C21H34NO+	GPRZXDPWGLHIQE	InChI=1S/C21H33NO/c1-13(23)17-6-7-18-16-5-4-14-12-15(22)8-10-20(14,2)19(16)9-11-21(17,18)3/h4,15-19H,5-12,22H2,1-3H3	Holamine	CC(=O)C1CCC2C1(CCC3C2CC=C4C3(CCC(C4)N)C)C	3,732	144479130;135291352;135291371;162958157;162958158;162958159;162958160;162958161;162958162;121357594;12310547;12310548;11723249;57243699	TeroMol:(TKC112507);SUPERNATURAL:(SN0112075);MESH:(11723249);PUBCHEM:(144479130 135291352 135291371 162958157 162958158 162958159 162958160 162958161 162958162 121357594 12310547 12310548 11723249 57243699);COCONUT:(CNP0229108);LOTUS:(Q105015091 Q105015092 Q105015090);DSSTox:(DTXSID301307385 DTXSID901307626);KNAPSACK:(GPRZXDPWGLHIQE-UHFFFAOYSA-N)	137718923286	316,264	134	622706743498622322	622705975932585788	622705975932585788
1	1	0.5612736618548669	0.6922758231864876	-173.0583889311077	nul	160,730	C22H37NO	[M + H]+	C22H38NO+	CEHZYZVJEXXYPM	InChI=1S/C22H37NO/c1-14(13-23)18-6-7-19-17-5-4-15-12-16(24)8-10-21(15,2)20(17)9-11-22(18,19)3/h4,14,16-20,24H,5-13,23H2,1-3H3	21-Amino-20-methyl-pregn-5-en-3-ol	CC(CN)C1CCC2C1(CCC3C2CC=C4C3(CCC(C4)O)C)C	4,278	50987461;21120864;140647189;127605	MESH:(127605);PUBCHEM:(50987461 21120864 140647189 127605)	6	332,295	130	622706260323181149	622705976029054788	622705976029054788
1	1	0.10359672858746463	0.10359672858746463	-230.91684842839223	nul	159,705	C22H35NO	[M + H]+	C22H36NO+	SIHFFPMAENZEHO	InChI=1S/C22H35NO/c1-21-11-9-16(24)13-14(21)3-6-17-18-7-8-20(23-15-4-5-15)22(18,2)12-10-19(17)21/h3,15-20,23-24H,4-13H2,1-2H3	(10R,13S)-17-(cyclopropylamino)-10,13-dimethyl-2,3,4,7,8,9,11,12,14,15,16,17-dodecahydro-1H-cyclopenta[a]phenanthren-3-ol	CC12CCC3C(C1CCC2NC4CC4)CC=C5C3(CCC(C5)O)C	4,710	9862308;23288048;141795651;54307108;129323;57194850	MESH:(129323);PUBCHEM:(9862308 23288048 141795651 54307108 129323 57194850);DSSTox:(DTXSID30923617)	137438953478	330,279	138	622706756505159598	622705976117135181	622705976117135181
1	1	0.5097674584082811	0.6528386868368367	-177.21922103123453	nul	157,008	C22H37NO	[M + H]+	C22H38NO+	CEHZYZVJEXXYPM	InChI=1S/C22H37NO/c1-14(13-23)18-6-7-19-17-5-4-15-12-16(24)8-10-21(15,2)20(17)9-11-22(18,19)3/h4,14,16-20,24H,5-13,23H2,1-3H3	21-Amino-20-methyl-pregn-5-en-3-ol	CC(CN)C1CCC2C1(CCC3C2CC=C4C3(CCC(C4)O)C)C	4,278	50987461;21120864;140647189;127605	MESH:(127605);PUBCHEM:(50987461 21120864 140647189 127605)	6	332,295	130	622706620555178002	622705976196826967	622705976196826967
1	1	0.14339215197327262	0.14339215197327262	-239.0335631802886	nul	61,329	C30H42N4O2	[M + H]+	C30H43N4O2+	LNCIXDIFZNXBDP	InChI=1S/C30H42N4O2/c1-31-17-11-21-33(29(35)23-27(31)25-13-5-3-6-14-25)19-9-10-20-34-22-12-18-32(2)28(24-30(34)36)26-15-7-4-8-16-26/h3-8,13-16,27-28H,9-12,17-24H2,1-2H3	Homaline	CN1CCCN(C(=O)CC1C2=CC=CC=C2)CCCCN3CCCN(C(CC3=O)C4=CC=CC=C4)C	3,200	4485535;163015699;442860	COCONUT:(CNP0291382);CHEBI:(5746);SUPERNATURAL:(SN0210071);MESH:(442860);KEGG:(C10599);PUBCHEM:(4485535 163015699 442860);LOTUS:(Q27106877 Q105154260);DSSTox:(DTXSID80331980);KNAPSACK:(LNCIXDIFZNXBDP-UHFFFAOYSA-N)	137710534966	491,338	70	622706121512687409	622705976276518751	622705976276518751
1	2	0.5803791231171338	0.8352030210374742	-26.132823732080993	nul	91,121	C21H20O12	[M + H]+	C21H21O12+	OVSQVDMCBVZWGM	InChI=1S/C21H20O12/c22-6-13-15(27)17(29)18(30)21(32-13)33-20-16(28)14-11(26)4-8(23)5-12(14)31-19(20)7-1-2-9(24)10(25)3-7/h1-5,13,15,17-18,21-27,29-30H,6H2	Hyperin	C1=CC(=C(C=C1C2=C(C(=O)C3=C(C=C(C=C3O2)O)O)OC4C(C(C(C(O4)CO)O)O)O)O)O	0,400	51521831;51538333;67964649;94005022;5280804;5281643;5318390;5318574;5320845;5378597;51402807;134508329;22524459;69916445;102386402;162911731;162911732;162911733;162911734;162911735;162911736;162911737;6455156;5742688;89718967;140870744;92218159;25079947;25203368;45933929;60093724;148842048;90657624;71718904;93090065;132033982;24211968;68318041;153305279;59557448;10813969;130304727;46781931;93531727;12304321;12304322;12304323;12304324;12304327;12304328;12304330;12304331;11557027;133568467;11751616;11968606;44259091;44259136;73897337;57497930;68866016	GNPS:(CCMSLIB00000077231 CCMSLIB00000845303);CHEBI:(68352 67486 144437);HMDB:(HMDB0030775 HMDB0037362 HMDB0247252 HMDB0302881);BloodExposome:(44259136 11557027 11751616 5280804 5281643 90657624 25203368);NORMAN:(NS00003276 NS00069794 NS00079301);COCONUT:(CNP0180599);PLANTCYC:(CPD-13509 CPD1F-437);LIPIDMAPS:(LMPK12112041 LMPK12112086 LMPK12112170);KEGG:(C10073 C05623);KNAPSACK:(OVSQVDMCBVZWGM-UHFFFAOYSA-N);SUPERNATURAL:(SN0276481);FooDB:(FDB002711 FDB006655 FDB016407 FDB021640);MESH:(5280804 5281643 5378597 10813969 12304323 25203368 45933929 90657624);METACYC:(CPD-13509 CPD1F-437);LOTUS:(Q105201249 Q114780256 Q105201138 Q63398496 Q105201322 Q115949781 Q104193829 Q115949690 Q5242815 Q11644422 Q6086296 Q114780208 Q105201243 Q110183526 Q105201246 Q105201326 Q105201242 Q105201320 Q105201241 Q105201331 Q105201266);DSSTox:(DTXSID3041110 DTXSID501028789 DTXSID60859399);PUBCHEM:(51521831 51538333 67964649 94005022 5280804 5281643 5318390 5318574 5320845 5378597 51402807 134508329 22524459 69916445 102386402 162911731 162911732 162911733 162911734 162911735 162911736 162911737 6455156 5742688 89718967 140870744 92218159 25079947 25203368 45933929 60093724 148842048 90657624 71718904 93090065 132033982 24211968 68318041 153305279 59557448 10813969 130304727 46781931 93531727 12304321 12304322 12304323 12304324 12304327 12304328 12304330 12304331 11557027 133568467 11751616 11968606 44259091 44259136 73897337 57497930 68866016)	140399483198	465,103	90	622706179498940935	622705976335239013	622705976335239013
1	1	0.8298761907150427	0.887359251975686	-21.418301813984126	nul	43,558	C16H14O4	[M + H]+	C16H15O4+	OLOOJGVNMBJLLR	InChI=1S/C16H14O4/c1-10(2)5-7-19-16-14-12(6-8-18-14)9-11-3-4-13(17)20-15(11)16/h3-6,8-9H,7H2,1-2H3	Ammidin	CC(=CCOC1=C2C(=CC3=C1OC=C3)C=CC(=O)O2)C	3,484	10212	HMDB:(HMDB0034376);BloodExposome:(10212);HSDB:(482-44-0);SUPERNATURAL:(SN0268824);MESH:(10212);PUBCHEM:(10212);FooDB:(FDB012752);GNPS:(CCMSLIB00003138888);NORMAN:(NS00031781);COCONUT:(CNP0270767);METACYC:(CPD-20603);CHEBI:(5885);KEGG:(C09269);LOTUS:(Q1649534);DSSTox:(DTXSID8048737);KNAPSACK:(OLOOJGVNMBJLLR-UHFFFAOYSA-N)	138251868990	271,097	194	622706813841304259	622705976406542191	622705976406542191
1	1	0.9707589156110772	0.9866159214207405	-28.335020569730965	nul	108,854	C27H35NO12	[M + H]+	C27H36NO12+	QISXROCIXKXUPS	InChI=1S/C27H35NO12/c1-4-14-16(8-18-15-9-20(32)19(31)7-13(15)5-6-28(18)12(2)30)17(25(36)37-3)11-38-26(14)40-27-24(35)23(34)22(33)21(10-29)39-27/h4,7,9,11,14,16,18,21-24,26-27,29,31-35H,1,5-6,8,10H2,2-3H3	Ipecoside	CC(=O)N1CCC2=CC(=C(C=C2C1CC3C(C(OC=C3C(=O)OC)OC4C(C(C(C(O4)CO)O)O)O)C=C)O)O	-0,300	163003055;4589272;97046489;97046490;156620249;92278344;92339996;129375150;442249;462196;133556447	TeroMol:(TKC186566 TKC186568 TKC186567);SUPERNATURAL:(SN0306532);PUBCHEM:(163003055 4589272 97046489 97046490 156620249 92278344 92339996 129375150 442249 462196 133556447);GNPS:(CCMSLIB00000855957);COCONUT:(CNP0277033);CHEBI:(5952);KEGG:(C09464);LOTUS:(Q105221761 Q27106940);DSSTox:(DTXSID40934895);KNAPSACK:(QISXROCIXKXUPS-UHFFFAOYSA-N)	137718927666	566,223	92	622706232477195402	622705976498816894	622705976498816894
1	1	0.28458555070814534	0.5183808536043404	-183.6705985151615	nul	103,726	C16H19NO2	[M + H]+	C16H20NO2+	BBUNTGYDSHWDJU	InChI=1S/C16H19NO2/c1-12-5-6-14-13(10-16(18)19-15(14)9-12)11-17-7-3-2-4-8-17/h5-6,9-10H,2-4,7-8,11H2,1H3	7-methyl-4-[(piperidin-1-yl)methyl]-2H-chromen-2-one	CC1=CC2=C(C=C1)C(=CC(=O)O2)CN3CCCCC3	2,500	1772334;1772335	SUPERNATURAL:(SN0021311);COCONUT:(CNP0163391);PUBCHEM:(1772334 1772335)	3145730	258,149	93	622706239863365347	622705976557537156	622705976557537156
1	1	0.6752897976788478	0.6752897976788478	-91.81608971221362	nul	78,936	C10H10O4	[M + H]+	C10H11O4+	KSEBMYQBYZTDHS	InChI=1S/C10H10O4/c1-14-9-6-7(2-4-8(9)11)3-5-10(12)13/h2-6,11H,1H3,(H,12,13)	Ferulic Acid	COC1=C(C=CC(=C1)C=CC(=O)O)O	1,380	16109944;10262057;90887593;153709649;131871184;1548883;11310152;45039253;709;445858;117064991;54691413;54710368;54730542;71311006;57369490	GNPS:(CCMSLIB00003137199 CCMSLIB00003136569);CHEBI:(193350 29749 76117 17620 114954);KEGG:(C01494);KNAPSACK:(KSEBMYQBYZTDHS-UHFFFAOYSA-N);MiMeDB:(MMDBc0000174);SUPERNATURAL:(SN0193972 SN0193973);FooDB:(FDB012801 FDB012802 FDB019993 FDB021752 FDB030860);YMDB:(YMDB01325);MESH:(445858 1548883);METACYC:(BUTANOL CPD-87 CPD-9731 D-ALLOSE-6-PHOSPHATE FERULIC-ACID);LOTUS:(Q27145764 Q51617501 Q417362);DSSTox:(DTXSID00746436 DTXSID301034732 DTXSID5040673 DTXSID601034731 DTXSID70892035 DTXSID80894080);HMDB:(HMDB0000954 HMDB0240705 HMDB0303721);BloodExposome:(445858 709 23669636);HSDB:(1135-24-6);PUBCHEM:(16109944 10262057 90887593 153709649 131871184 1548883 11310152 45039253 709 445858 117064991 54691413 54710368 54730542 71311006 57369490);NORMAN:(NS00006133 NS00068201);COCONUT:(CNP0304940);PLANTCYC:(FERULIC-ACID)	139325807422	195,065	100	622706235522260324	622705976620451725	622705976620451725
1	1	0.3429343239221474	0.3429343239221474	-193.92933568829721	nul	158,662	C21H37NO	[M + H]+	C21H38NO+	DMANVUPVHRRYIP	InChI=1S/C21H37NO/c1-13(22)17-6-7-18-16-5-4-14-12-15(23)8-10-20(14,2)19(16)9-11-21(17,18)3/h13-19,23H,4-12,22H2,1-3H3	1-(1-aminoethyl)-9a,11a-dimethyl-hexadecahydro-1H-cyclopenta[a]phenanthren-7-ol	CC(C1CCC2C1(CCC3C2CCC4C3(CCC(C4)O)C)C)N	4,900	67742892;144427700;162900689;162900690;89921460;10313900;12309949;12309950;12309951	COCONUT:(CNP0168692);TeroMol:(TKC112479);SUPERNATURAL:(SN0069339);PUBCHEM:(67742892 144427700 162900689 162900690 89921460 10313900 12309949 12309950 12309951)	11534338	320,295	122	622706329206237678	622705976679171989	622705976679171989
1	1	0.5957628683099597	0.7033952372366553	-37.950041637278225	nul	98,782	C16H12O5	[M + H]+	C16H13O5+	KQMVAGISDHMXJJ	InChI=1S/C16H12O5/c1-20-11-6-13(18)15-14(7-11)21-8-12(16(15)19)9-2-4-10(17)5-3-9/h2-8,17-18H,1H3	Prunetin	COC1=CC(=C2C(=C1)OC=C(C2=O)C3=CC=C(C=C3)O)O	3,000	5281804;146026597	HMDB:(HMDB0034127);BloodExposome:(5281804);SUPERNATURAL:(SN0192675);LIPIDMAPS:(LMPK12050353);MESH:(5281804);PUBCHEM:(5281804 146026597);FooDB:(FDB012400);NORMAN:(NS00033278);COCONUT:(CNP0231615);METACYC:(CPD-3521);CHEBI:(8600 147403);PLANTCYC:(CPD-3521);KEGG:(C10521);LOTUS:(Q7253051);DSSTox:(DTXSID3022530);KNAPSACK:(KQMVAGISDHMXJJ-UHFFFAOYSA-N)	140399479102	285,076	109	622706103871444350	622705976746280860	622705976746280860
1	3	0.45255250787503704	0.8443906934839224	-23.36507707089082	nul	122,296	C21H20O12	[M + H]+	C21H21O12+	OVSQVDMCBVZWGM	InChI=1S/C21H20O12/c22-6-13-15(27)17(29)18(30)21(32-13)33-20-16(28)14-11(26)4-8(23)5-12(14)31-19(20)7-1-2-9(24)10(25)3-7/h1-5,13,15,17-18,21-27,29-30H,6H2	Hyperin	C1=CC(=C(C=C1C2=C(C(=O)C3=C(C=C(C=C3O2)O)O)OC4C(C(C(C(O4)CO)O)O)O)O)O	0,400	51521831;51538333;67964649;94005022;5280804;5281643;5318390;5318574;5320845;5378597;51402807;134508329;22524459;69916445;102386402;162911731;162911732;162911733;162911734;162911735;162911736;162911737;6455156;5742688;89718967;140870744;92218159;25079947;25203368;45933929;60093724;148842048;90657624;71718904;93090065;132033982;24211968;68318041;153305279;59557448;10813969;130304727;46781931;93531727;12304321;12304322;12304323;12304324;12304327;12304328;12304330;12304331;11557027;133568467;11751616;11968606;44259091;44259136;73897337;57497930;68866016	GNPS:(CCMSLIB00000077231 CCMSLIB00000845303);CHEBI:(68352 67486 144437);HMDB:(HMDB0030775 HMDB0037362 HMDB0247252 HMDB0302881);BloodExposome:(44259136 11557027 11751616 5280804 5281643 90657624 25203368);NORMAN:(NS00003276 NS00069794 NS00079301);COCONUT:(CNP0180599);PLANTCYC:(CPD-13509 CPD1F-437);LIPIDMAPS:(LMPK12112041 LMPK12112086 LMPK12112170);KEGG:(C10073 C05623);KNAPSACK:(OVSQVDMCBVZWGM-UHFFFAOYSA-N);SUPERNATURAL:(SN0276481);FooDB:(FDB002711 FDB006655 FDB016407 FDB021640);MESH:(5280804 5281643 5378597 10813969 12304323 25203368 45933929 90657624);METACYC:(CPD-13509 CPD1F-437);LOTUS:(Q105201249 Q114780256 Q105201138 Q63398496 Q105201322 Q115949781 Q104193829 Q115949690 Q5242815 Q11644422 Q6086296 Q114780208 Q105201243 Q110183526 Q105201246 Q105201326 Q105201242 Q105201320 Q105201241 Q105201331 Q105201266);DSSTox:(DTXSID3041110 DTXSID501028789 DTXSID60859399);PUBCHEM:(51521831 51538333 67964649 94005022 5280804 5281643 5318390 5318574 5320845 5378597 51402807 134508329 22524459 69916445 102386402 162911731 162911732 162911733 162911734 162911735 162911736 162911737 6455156 5742688 89718967 140870744 92218159 25079947 25203368 45933929 60093724 148842048 90657624 71718904 93090065 132033982 24211968 68318041 153305279 59557448 10813969 130304727 46781931 93531727 12304321 12304322 12304323 12304324 12304327 12304328 12304330 12304331 11557027 133568467 11751616 11968606 44259091 44259136 73897337 57497930 68866016)	140399483198	465,103	89	622706339905907469	622705976813389733	622705976813389733
1	1	0.2782737074414084	0.8028839235180084	-21.967912814012642	nul	132,404	C16H12O7	[M + H]+	C16H13O7+	WEPBGSIAWZTEJR	InChI=1S/C16H12O7/c1-22-16-14(21)13-11(20)5-8(17)6-12(13)23-15(16)7-2-3-9(18)10(19)4-7/h2-6,17-20H,1H3	3-O-Methylquercetin	COC1=C(OC2=CC(=CC(=C2C1=O)O)O)C3=CC(=C(C=C3)O)O	2,500	5280681;162642204;25202270	BloodExposome:(5280681);SUPERNATURAL:(SN0408180);LIPIDMAPS:(LMPK12112729);MESH:(5280681);PUBCHEM:(5280681 162642204 25202270);FooDB:(FDB006540);GNPS:(CCMSLIB00000079418 CCMSLIB00000077223);NORMAN:(NS00097338);COCONUT:(CNP0115195);METACYC:(3457-TETRAHYDROXY-3-METHOXYFLAVONE);CHEBI:(16860 57928);PLANTCYC:(3457-TETRAHYDROXY-3-METHOXYFLAVONE);KEGG:(C04443);LOTUS:(Q23068616);DSSTox:(DTXSID20164032);KNAPSACK:(WEPBGSIAWZTEJR-UHFFFAOYSA-N)	140399483190	317,066	138	622706851741036276	622705976884692909	622705976884692909
1	1	0.7276592797981477	0.7931767653460163	-19.958185784513656	nul	136,431	C15H10O6	[M + H]+	C15H11O6+	IYRMWMYZSQPJKC	InChI=1S/C15H10O6/c16-8-3-1-7(2-4-8)15-14(20)13(19)12-10(18)5-9(17)6-11(12)21-15/h1-6,16-18,20H	Swartziol	C1=CC(=CC=C1C2=C(C(=O)C3=C(C=C(C=C3O2)O)O)O)O	1,790	5280863;156767822;156767824;156767825;25202062;49849755;18661268;143536606	LIPIDMAPS:(LMPK12110003);MESH:(5280863);GNPS:(CCMSLIB00000079932 CCMSLIB00000077232);METACYC:(CPD1F-90);CHEBI:(28499 58573);KEGG:(C05903);LOTUS:(Q393336);DSSTox:(DTXSID7020768);KNAPSACK:(IYRMWMYZSQPJKC-UHFFFAOYSA-N);HMDB:(HMDB0005801);MiMeDB:(MMDBc0033662);BloodExposome:(5280863);HSDB:(520-18-3);SUPERNATURAL:(SN0158894);PUBCHEM:(5280863 156767822 156767824 156767825 25202062 49849755 18661268 143536606);FooDB:(FDB000633);NORMAN:(NS00001605);COCONUT:(CNP0292269);PLANTCYC:(CPD1F-90);YMDB:(YMDB01722)	141473291070	287,055	138	622706787677234909	622705976951801783	622705976951801783
1	1	0.6228100028511299	0.892843932667763	-27.126894926387045	nul	163,338	C15H24N2O	[M + H]+	C15H25N2O+	ZSBXGIUJOOQZMP	InChI=1S/C15H24N2O/c18-14-7-1-6-13-12-5-3-9-16-8-2-4-11(15(12)16)10-17(13)14/h11-13,15H,1-10H2	Matrine	C1CC2C3CCCN4C3C(CCC4)CN2C(=O)C1	1,600	9881396;6543591;6567552;5251892;5271983;5271984;5271985;5271990;86573029;129895666;7000680;7000681;7075140;7126661;7126663;124081964;6350977;156620303;16759298;638232;817174;907213;927782;164167098;1742225;139242414;98047168;91466;165549;285698;476484;11860526;11869587;11872168;11881816;11881817;11881818;73949592;138106978	CHEBI:(6700 81092);KEGG:(C17442 C10774);KNAPSACK:(ZSBXGIUJOOQZMP-UHFFFAOYSA-N);SUPERNATURAL:(SN0478798);MESH:(91466 165549 285698 476484 7000681);LOTUS:(Q27292355 Q105382418 Q104375824 Q105382428 Q105382429 Q105382426 Q27155048 Q6787831 Q105382427);DSSTox:(DTXSID00274188 DTXSID601118430 DTXSID60218927);HMDB:(HMDB0243621);BloodExposome:(165549 91466 638232);PUBCHEM:(9881396 6543591 6567552 5251892 5271983 5271984 5271985 5271990 86573029 129895666 7000680 7000681 7075140 7126661 7126663 124081964 6350977 156620303 16759298 638232 817174 907213 927782 164167098 1742225 139242414 98047168 91466 165549 285698 476484 11860526 11869587 11872168 11881816 11881817 11881818 73949592 138106978);NORMAN:(NS00066991);COCONUT:(CNP0288763)	137714991422	249,196	54	622706068450545142	622705977048270784	622705977048270784
1	1	0.7403880716204889	0.7403880716204889	-97.05788073632462	nul	51,658	C25H31N3O2	[M + H]+	C25H32N3O2+	MYKCJTMBUXHIMQ	InChI=1S/C25H31N3O2/c29-24(16-14-22-10-3-1-4-11-22)27-20-8-7-18-26-19-9-21-28-25(30)17-15-23-12-5-2-6-13-23/h1-6,10-17,26H,7-9,18-21H2,(H,27,29)(H,28,30)	Maytenine	C1=CC=C(C=C1)C=CC(=O)NCCCCNCCCNC(=O)C=CC2=CC=CC=C2	3,700	6443530;191063	COCONUT:(CNP0277100);SUPERNATURAL:(SN0238725);MESH:(6443530);PUBCHEM:(6443530 191063);LOTUS:(Q77492359 Q104172170)	271581190	406,248	151	622706795096959175	622705977144739783	622705977144739783
1	1	0.8324917556736824	0.994310603238646	-11.707604845801095	nul	108,256	C16H23NO6	[M + H]+	C16H24NO6+	QVCMHGGNRFRMAD	InChI=1S/C16H23NO6/c1-9-13(18)23-11-5-7-17-6-4-10(12(11)17)8-22-14(19)16(3,21)15(9,2)20/h4,9,11-12,20-21H,5-8H2,1-3H3	Monocrotaline	CC1C(=O)OC2CCN3C2C(=CC3)COC(=O)C(C1(C)O)(C)O	-0,700	124514865;124918259;6604238;6604673;6971200;6971201;53298479;134762360;137706332;7059591;7059592;7059671;7059672;7157200;7566625;7566626;7566635;124300554;124352398;162850765;162850766;6325704;16757794;16759293;56840789;139025652;139292032;4246;9415;120834;231893;1151331;133550121;133645839;11869409;11869408;11869410;11869411;11869412;44285050;138107162	GNPS:(CCMSLIB00000085787 CCMSLIB00003136212);CHEBI:(6980 125403);KEGG:(C10350);KNAPSACK:(QVCMHGGNRFRMAD-UHFFFAOYSA-N);SUPERNATURAL:(SN0316032);FooDB:(FDB012736);MESH:(9415);LOTUS:(Q105228563 Q27107379 Q27215982);DSSTox:(DTXSID501009159 DTXSID9020902);HMDB:(HMDB0034363);BloodExposome:(9415 4246);HSDB:(315-22-0);PUBCHEM:(124514865 124918259 6604238 6604673 6971200 6971201 53298479 134762360 137706332 7059591 7059592 7059671 7059672 7157200 7566625 7566626 7566635 124300554 124352398 162850765 162850766 6325704 16757794 16759293 56840789 139025652 139292032 4246 9415 120834 231893 1151331 133550121 133645839 11869409 11869408 11869410 11869411 11869412 44285050 138107162);NORMAN:(NS00015471);COCONUT:(CNP0112982)	138251866942	326,159	62	622706096367834025	622705977241208781	622705977241208781
1	1	0.29128567123441546	0.408287234327858	-46.25074701576839	nul	122,080	C21H20O12	[M + H]+	C21H21O12+	OVSQVDMCBVZWGM	InChI=1S/C21H20O12/c22-6-13-15(27)17(29)18(30)21(32-13)33-20-16(28)14-11(26)4-8(23)5-12(14)31-19(20)7-1-2-9(24)10(25)3-7/h1-5,13,15,17-18,21-27,29-30H,6H2	Hyperin	C1=CC(=C(C=C1C2=C(C(=O)C3=C(C=C(C=C3O2)O)O)OC4C(C(C(C(O4)CO)O)O)O)O)O	0,400	51521831;51538333;67964649;94005022;5280804;5281643;5318390;5318574;5320845;5378597;51402807;134508329;22524459;69916445;102386402;162911731;162911732;162911733;162911734;162911735;162911736;162911737;6455156;5742688;89718967;140870744;92218159;25079947;25203368;45933929;60093724;148842048;90657624;71718904;93090065;132033982;24211968;68318041;153305279;59557448;10813969;130304727;46781931;93531727;12304321;12304322;12304323;12304324;12304327;12304328;12304330;12304331;11557027;133568467;11751616;11968606;44259091;44259136;73897337;57497930;68866016	GNPS:(CCMSLIB00000077231 CCMSLIB00000845303);CHEBI:(68352 67486 144437);HMDB:(HMDB0030775 HMDB0037362 HMDB0247252 HMDB0302881);BloodExposome:(44259136 11557027 11751616 5280804 5281643 90657624 25203368);NORMAN:(NS00003276 NS00069794 NS00079301);COCONUT:(CNP0180599);PLANTCYC:(CPD-13509 CPD1F-437);LIPIDMAPS:(LMPK12112041 LMPK12112086 LMPK12112170);KEGG:(C10073 C05623);KNAPSACK:(OVSQVDMCBVZWGM-UHFFFAOYSA-N);SUPERNATURAL:(SN0276481);FooDB:(FDB002711 FDB006655 FDB016407 FDB021640);MESH:(5280804 5281643 5378597 10813969 12304323 25203368 45933929 90657624);METACYC:(CPD-13509 CPD1F-437);LOTUS:(Q105201249 Q114780256 Q105201138 Q63398496 Q105201322 Q115949781 Q104193829 Q115949690 Q5242815 Q11644422 Q6086296 Q114780208 Q105201243 Q110183526 Q105201246 Q105201326 Q105201242 Q105201320 Q105201241 Q105201331 Q105201266);DSSTox:(DTXSID3041110 DTXSID501028789 DTXSID60859399);PUBCHEM:(51521831 51538333 67964649 94005022 5280804 5281643 5318390 5318574 5320845 5378597 51402807 134508329 22524459 69916445 102386402 162911731 162911732 162911733 162911734 162911735 162911736 162911737 6455156 5742688 89718967 140870744 92218159 25079947 25203368 45933929 60093724 148842048 90657624 71718904 93090065 132033982 24211968 68318041 153305279 59557448 10813969 130304727 46781931 93531727 12304321 12304322 12304323 12304324 12304327 12304328 12304330 12304331 11557027 133568467 11751616 11968606 44259091 44259136 73897337 57497930 68866016)	140399483198	465,103	90	622706167910078893	622705977408980949	622705977408980949
1	2	0.11975563264346867	0.11975563264346867	-413.12750598943046	nul	105,398	C30H47NO6	[M + H]+	C30H48NO6+	ANQHHOQJQKOSGD	InChI=1S/C30H47NO6/c1-17-26(31-18(2)32)23(33-5)15-25(35-17)36-20-8-11-27(3)19(14-20)6-7-22-21(27)9-12-29-16-34-28(4)24(29)10-13-30(22,29)37-28/h17,19-26H,6-16H2,1-5H3,(H,31,32)	N-[6-({10,17-dimethyl-16,21-dioxahexacyclo[15.3.1.0¹,¹⁴.0²,¹¹.0⁵,¹⁰.0¹⁴,¹⁸]henicosan-7-yl}oxy)-4-methoxy-2-methyloxan-3-yl]acetamide	CC1C(C(CC(O1)OC2CCC3(C(C2)CCC4C3CCC56C47CCC5C(O7)(OC6)C)C)OC)NC(=O)C	4,000	162891060;162891061	SUPERNATURAL:(SN0010420);COCONUT:(CNP0158010);PUBCHEM:(162891060 162891061)	3145730	518,347	118	622706364018961719	622705977492867036	622705977492867036
1	1	0.6368734894586587	0.6368734894586587	-158.13462492634727	nul	94,713	C12H16N2O	[M + H]+	C12H17N2O+	CULUKMPMGVXCEI	InChI=1S/C12H16N2O/c1-13-6-9-5-10(8-13)11-3-2-4-12(15)14(11)7-9/h2-4,9-10H,5-8H2,1H3	Caulophylline	CN1CC2CC(C1)C3=CC=CC(=O)N3C2	0,700	6545858;6919429;16053863;10058743;3402072;670971;927505;1747617;10655771;234566;442947;450844;12302566;1278189	MESH:(670971);CHEBI:(3474);KEGG:(C10760);LOTUS:(Q104250330 Q27106098 Q104970370 Q105103264 Q27290285);DSSTox:(DTXSID201119381 DTXSID80876866);KNAPSACK:(CULUKMPMGVXCEI-UHFFFAOYSA-N);SUPERNATURAL:(SN0055929);PUBCHEM:(6545858 6919429 16053863 10058743 3402072 670971 927505 1747617 10655771 234566 442947 450844 12302566 1278189);NORMAN:(NS00094828);COCONUT:(CNP0264180)	137710797110	205,134	32	622706076247756911	622705977572558819	622705977572558819
1	1	0.17141730745044342	0.17141730745044342	-212.97553967989	nul	100,746	C19H37NO3	[M + H]+	C19H38NO3+	PTGGMPLMNDBPGB	InChI=1S/C19H37NO3/c1-2-3-4-5-6-7-8-9-10-11-12-13-14-15-19(23)18(16-21)20-17-22/h14-15,17-19,21,23H,2-13,16H2,1H3,(H,20,22)	N-[(2S,3R)-1,3-dihydroxyoctadec-4-en-2-yl]formamide	CCCCCCCCCCCCCC=CC(C(CO)NC=O)O	5,600	17756770;156963528;158315735	HMDB:(HMDB0255191);BloodExposome:(17756770);MESH:(17756770 156963528);PUBCHEM:(17756770 156963528 158315735);GNPS:(CCMSLIB00003104604 CCMSLIB00003093791 CCMSLIB00003119215 CCMSLIB00003093361 CCMSLIB00003131521 CCMSLIB00003115530 CCMSLIB00003095082 CCMSLIB00003104999 CCMSLIB00003109213 CCMSLIB00003095910)	4198414	328,285	442	622706845214699109	622705977660639210	622705977660639210
1	1	0.929082330643454	0.9764493385149986	-27.762289423972852	nul	67,975	C11H14N2	[M + H]+	C11H15N2+	NCIKQJBVUNUXLW	InChI=1S/C11H14N2/c1-12-7-6-9-8-13-11-5-3-2-4-10(9)11/h2-5,8,12-13H,6-7H2,1H3	Methyltryptamine	CNCCC1=CNC2=CC=CC=C21	2,003	162488034;162488043;71750654;1711924;6088;451062;164780402;164780403;164806234	HMDB:(HMDB0004370);BloodExposome:(6088);SUPERNATURAL:(SN0241681);MESH:(6088);PUBCHEM:(162488034 162488043 71750654 1711924 6088 451062 164780402 164780403 164806234);NORMAN:(NS00014895);COCONUT:(CNP0113759);METACYC:(CPD-21514);CHEBI:(28136 193123);KEGG:(C06213);LOTUS:(Q308875);DSSTox:(DTXSID00916197 DTXSID70209846);KNAPSACK:(NCIKQJBVUNUXLW-UHFFFAOYSA-N)	137714993470	175,123	72	622706071864708865	622705977723553777	622705977723553777
1	1	0.9351831786338272	0.9351831786338272	-12.342770000398298	nul	29,236	C9H6O3	[M + H]+	C9H7O3+	ORHBXUUXSCNDEV	InChI=1S/C9H6O3/c10-7-3-1-6-2-4-9(11)12-8(6)5-7/h1-5,10H	Skimmetin	C1=CC(=CC2=C1C=CC(=O)O2)O	1,589	5281426;45358955;46781768;57369215;57981635	HMDB:(HMDB0029865);BloodExposome:(5281426);SUPERNATURAL:(SN0273182 SN0273183);MESH:(5281426);PUBCHEM:(5281426 45358955 46781768 57369215 57981635);FooDB:(FDB001094);GNPS:(CCMSLIB00000078883);NORMAN:(NS00001324);COCONUT:(CNP0291283);METACYC:(CPD-8186);CHEBI:(27510);PLANTCYC:(CPD-8186);KEGG:(C09315);LOTUS:(Q416196);DSSTox:(DTXSID30670078 DTXSID5052626);KNAPSACK:(ORHBXUUXSCNDEV-UHFFFAOYSA-N)	138251999550	163,039	97	622706310369618222	622705977790662648	622705977790662648
1	1	0.4129326151634119	0.4129326151634119	-76.07123701288972	nul	83,138	C13H9NO	[M + H]+	C13H10NO+	ZVBAUAXBXPSCCK	InChI=1S/C13H9NO/c15-13-12-7-2-1-5-10(12)9-11-6-3-4-8-14(11)13/h1-9H		C1=CC=C2C(=C1)C=C3C=CC=CN3C2=O	2,500	290341	COCONUT:(CNP0478495);PUBCHEM:(290341);DSSTox:(DTXSID70996926)	137441050626	196,076	159	622706854219870037	622705977870354431	622705977870354431
1	2	0.054274362183011605	0.054274362183011605	-270.96509979998564	nul	55,717	C16H23N5O4	[M + H]+	C16H24N5O4+	BNELRKBQHVNRME	InChI=1S/C16H23N5O4/c1-8(2)4-9(3)20-14-11-15(18-6-17-14)21(7-19-11)16-13(24)12(23)10(5-22)25-16/h4,6-7,9-10,12-13,16,22-24H,5H2,1-3H3,(H,17,18,20)	N-Dmb-adenosine	CC(C=C(C)C)NC1=C2C(=NC=N1)N(C=N2)C3C(C(C(O3)CO)O)O	0,346	9997946;53462663;21123586;10089168;157816	MESH:(157816);PUBCHEM:(9997946 53462663 21123586 10089168 157816);DSSTox:(DTXSID50935893)	137438953478	350,175	97	622706258364441006	622705977966823443	622705977966823443
1	1	0.8014356685391472	0.8519506561367957	-37.758972770925716	nul	217,541	C18H16O7	[M + H]+	C18H17O7+	KQFUXLQBMQGNRT	InChI=1S/C18H16O7/c1-22-10-7-12(20)15-14(8-10)25-17(18(24-3)16(15)21)9-4-5-11(19)13(6-9)23-2/h4-8,19-20H,1-3H3	Pachypodol	COC1=CC(=C2C(=C1)OC(=C(C2=O)OC)C3=CC(=C(C=C3)O)OC)O	3,100	5281677	COCONUT:(CNP0392086);CHEBI:(70007);SUPERNATURAL:(SN0192474);LIPIDMAPS:(LMPK12112754);MESH:(5281677);KEGG:(C10117);PUBCHEM:(5281677);GNPS:(CCMSLIB00000846039);LOTUS:(Q3036425);DSSTox:(DTXSID80187388);KNAPSACK:(KQFUXLQBMQGNRT-UHFFFAOYSA-N)	139858022710	345,096	200	622706815326087934	622705978042320921	622705978042320921
1	2	0.06199229551560628	0.06199229551560628	-195.17585108379603	nul	106,469	C11H17NO2	[M + Na]+	C11H17NNaO2+	GVIZSPVYUCBWKE	InChI=1S/C11H17NO2/c13-8-2-6-10-4-1-5-11(12-10)7-3-9-14/h1,4-5,13-14H,2-3,6-9H2	Pyridine-2,6-dipropanol	C1=CC(=NC(=C1)CCCO)CCCO	0,800	40787531	NORMAN:(NS00062447);PUBCHEM:(40787531);DSSTox:(DTXSID30219582)	137439215618	218,117	53	622706077455716546	622705978172344358	622705978172344358
1	1	0.8373691121824621	0.8373691121824621	-83.87825258308355	nul	136,164	C11H16N2O2	[M + H]+	C11H17N2O2+	QCHFTSOMWOSFHM	InChI=1S/C11H16N2O2/c1-3-10-8(6-15-11(10)14)4-9-5-12-7-13(9)2/h5,7-8,10H,3-4,6H2,1-2H3	Pilocarpine	CCC1C(COC1=O)CC2=CN=CN2C	1,100	51372447;22856197;58225278;58225281;58225282;58225285;58225287;58225288;58225300;58225301;58225304;58225306;58225308;58225319;58225320;58225321;58225322;58225323;58225326;58225327;58225329;58225330;58225337;58225339;58225340;58225341;58225348;58225351;58225355;58225359;58225361;58225362;58225368;58225370;58225373;58225376;58225379;58225381;58225382;58225383;58225391;58225392;58225393;58225402;58225403;58225405;58225407;58225412;58225417;58225420;58225426;58225428;58225429;58225430;58225431;58225434;58225436;58225437;52915783;52915784;52915785;52915786;52915787;52915788;52915789;52915790;52915791;52915792;52915793;52915794;52915795;52915796;52915797;52915798;52915799;52915800;52915801;52915802;52915803;52915804;52915805;52915806;52915807;52915808;52915809;52915810;52915811;52915812;52915813;52915814;52915815;52915894;52915895;52915896;52915903;52915897;52915898;52915899;52915900;52915901;52915902;52915904;52915905;52915906;52915907;52915908;52915909;52915910;52915911;52915912;52915913;52915914;52915915;52915916;52915917;52915918;52915919;52915920;52915921;52915922;52915923;52915924;52915925;52915926;52915927;52915928;52915929;52915930;52915931;52915932;52915933;52915934;52915935;52915936;52915937;52915938;52915939;52915940;52916013;52916014;52916015;52916016;52916017;52916018;52916019;52916020;16757720;3392815;3458425;719334;44656246;4819;5910;83931;91468;307957;46782755;12311175;133687012;164709667	CHEBI:(8207 39458 141029 39461 39460 39464);HMDB:(HMDB0015217 HMDB0243539);BloodExposome:(91468 5909 5910);NORMAN:(NS00007560 NS00076232 NS00080124 NS00085222);COCONUT:(CNP0397085);KEGG:(C07474);KNAPSACK:(QCHFTSOMWOSFHM-UHFFFAOYSA-N);SUPERNATURAL:(SN0301497);MESH:(5910 91468);LOTUS:(Q106041468 Q411461);DSSTox:(DTXSID1021162 DTXSID2041096 DTXSID701316166 DTXSID70858994 DTXSID801337521);HSDB:(92-13-7);PUBCHEM:(51372447 22856197 58225278 58225281 58225282 58225285 58225287 58225288 58225300 58225301 58225304 58225306 58225308 58225319 58225320 58225321 58225322 58225323 58225326 58225327 58225329 58225330 58225337 58225339 58225340 58225341 58225348 58225351 58225355 58225359 58225361 58225362 58225368 58225370 58225373 58225376 58225379 58225381 58225382 58225383 58225391 58225392 58225393 58225402 58225403 58225405 58225407 58225412 58225417 58225420 58225426 58225428 58225429 58225430 58225431 58225434 58225436 58225437 52915783 52915784 52915785 52915786 52915787 52915788 52915789 52915790 52915791 52915792 52915793 52915794 52915795 52915796 52915797 52915798 52915799 52915800 52915801 52915802 52915803 52915804 52915805 52915806 52915807 52915808 52915809 52915810 52915811 52915812 52915813 52915814 52915815 52915894 52915895 52915896 52915903 52915897 52915898 52915899 52915900 52915901 52915902 52915904 52915905 52915906 52915907 52915908 52915909 52915910 52915911 52915912 52915913 52915914 52915915 52915916 52915917 52915918 52915919 52915920 52915921 52915922 52915923 52915924 52915925 52915926 52915927 52915928 52915929 52915930 52915931 52915932 52915933 52915934 52915935 52915936 52915937 52915938 52915939 52915940 52916013 52916014 52916015 52916016 52916017 52916018 52916019 52916020 16757720 3392815 3458425 719334 44656246 4819 5910 83931 91468 307957 46782755 12311175 133687012 164709667)	137714991934	209,128	81	622706123660171167	622705978256230449	622705978256230449
1	1	0.39894298422741215	0.5857906718992822	-32.97741306129457	nul	15,804	C37H42N2O6	[M + H]+	C37H43N2O6+	BURJAQFYNVMZDV	InChI=1S/C37H42N2O6/c1-38-15-13-26-20-36(43-4)37(44-5)22-29(26)30(38)16-23-6-9-27(10-7-23)45-35-18-24(8-11-32(35)40)17-31-28-21-33(41)34(42-3)19-25(28)12-14-39(31)2/h6-11,18-22,30-31,40-41H,12-17H2,1-5H3	Daurisoline	CN1CCC2=CC(=C(C=C2C1CC3=CC=C(C=C3)OC4=C(C=CC(=C4)CC5C6=CC(=C(C=C6CCN5C)OC)O)O)OC)OC	6,400	124511419;5316323;125037915;13895814;13895815;51106	HMDB:(HMDB0250882);BloodExposome:(51106);SUPERNATURAL:(SN0035947);MESH:(51106);PUBCHEM:(124511419 5316323 125037915 13895814 13895815 51106);COCONUT:(CNP0291444);CHEBI:(184038);LOTUS:(Q72461464);DSSTox:(DTXSID40220841);KNAPSACK:(BURJAQFYNVMZDV-UHFFFAOYSA-N)	137714729022	611,311	85	622706376249552292	622705978319145018	622705978319145018
1	1	0.3851094951335384	0.3851094951335384	-170.62193345818548	nul	111,819	C18H35NO3	[M + H]+	C18H36NO3+	NUADXXZZTZBHBO	InChI=1S/C18H35NO3/c1-2-3-4-5-6-7-8-9-10-11-12-13-17-19-18(14-20,15-21)16-22-17/h20-21H,2-16H2,1H3	2-Tridecyl-2-oxazoline-4,4-dimethanol	CCCCCCCCCCCCCC1=NC(CO1)(CO)CO	4,500	6454957	NORMAN:(NS00035742);PUBCHEM:(6454957);DSSTox:(DTXSID60215072)	137439215618	314,269	121	622706278656484954	622705978386253890	622705978386253890
1	1	0.06402752026286651	0.06402752026286651	-302.55208149620427	nul	97,914	C27H46N6O7	[M + K]+	C27H46KN6O7+	AGPIOXWTGKGPPK	InChI=1S/C27H46N6O7/c1-14(2)10-17-24(37)32-22(16(5)6)26(39)30-18(11-15(3)4)27(40)33-9-7-8-20(33)25(38)31-19(13-34)23(36)28-12-21(35)29-17/h14-20,22,34H,7-13H2,1-6H3,(H,28,36)(H,29,35)(H,30,39)(H,31,38)(H,32,37)	3-(hydroxymethyl)-9,15-bis(2-methylpropyl)-12-(propan-2-yl)-icosahydropyrrolo[1,2-a]1,4,7,10,13,16-hexaazacyclooctadecane-1,4,7,10,13,16-hexone	CC(C)CC1C(=O)NC(C(=O)NC(C(=O)N2CCCC2C(=O)NC(C(=O)NCC(=O)N1)CO)CC(C)C)C(C)C	1,500	85396302;11092968	SUPERNATURAL:(SN0005095);COCONUT:(CNP0143709);PUBCHEM:(85396302 11092968);HMDB:(HMDB0303709);FooDB:(FDB019055)	540016650	605,303	1337	622706936566641461	622705978449168456	622705978449168456
1	3	0.3134674759142733	0.2839770117535618	-31.82810332860448	nul	105,417	C15H8O6	[M + H]+	C15H9O6+	FCDLCPWAQCPTKC	InChI=1S/C15H8O6/c16-9-3-1-2-7-11(9)14(19)12-8(13(7)18)4-6(15(20)21)5-10(12)17/h1-5,16-17H,(H,20,21)	Rhein	C1=CC2=C(C(=C1)O)C(=O)C3=C(C2=O)C=C(C=C3O)C(=O)O	2,200	155888428;71752058;10168;46782876;54678683	HMDB:(HMDB0032876);BloodExposome:(10168);SUPERNATURAL:(SN0081717);LIPIDMAPS:(LMPK13040015);MESH:(10168);PUBCHEM:(155888428 71752058 10168 46782876 54678683);FooDB:(FDB010856);NORMAN:(NS00015851);COCONUT:(CNP0221661);METACYC:(CPD-21676);CHEBI:(8825);KEGG:(C10401);LOTUS:(Q720356);DSSTox:(DTXSID4026000 DTXSID70858373 DTXSID90676132);KNAPSACK:(FCDLCPWAQCPTKC-UHFFFAOYSA-N)	140399348030	285,038	196	622706805213620672	622705978461751373	622705978461751373
