ID	inchi_gnps	score_gnps	inchi_sirius	score_sirius	inchi_isdb	score_isdb	tgs	tgi	tsi	K	ranking by k	ranking by k without *
69	InChI=1S/C21H20O12/c22-6-13-15(27)17(29)18(30)21(32-13)33-20-16(28)14-11(26)4-8(23)5-12(14)31-19(20)7-1-2-9(24)10(25)3-7/h1-5,13,15,17-18,21-27,29-30H,6H2/t13-,15+,17+,18-,21+/m1/s1	0.006019755	InChI=1S/C7H8O4/c1-4(3-6(8)9)5(2)7(10)11/h1-3H2,(H,8,9)(H,10,11)	0.031	InChI=1S/C7H6O3/c8-4-5-3-6(9)1-2-7(5)10/h1-3,8H,4H2	0.3025552906285211	0.044776119402985	0.1076923076923077	0.0909090909090909	-4.984108336714349	1	1
95	InChI=1S/C30H34N8/c31-29-33-30(32-24-13-10-20-11-14-25(15-12-22(20)18-24)37-16-3-4-17-37)36-38(29)27-19-23-8-5-7-21-6-1-2-9-26(21)28(23)35-34-27/h1-2,6,9-10,13,18-19,25H,3-5,7-8,11-12,14-17H2,(H3,31,32,33,36)/t25-/m0/s1	0.058650975	InChI=1S/C44H54N4O4/c1-6-23-19-47-35-16-30(23)43(18-38(50)51-5)36(21-49)44(17-37(43)47)29-12-9-11-28-40(29)48(41(35)44)20-31-25-14-34-39-26(24-10-7-8-13-32(24)46(39)4)15-33(45(34)3)27(25)22-52-42(28,31)2/h6-13,25-27,30-31,33-37,39,41,49H,14-22H2,1-5H3	0.114	InChI=1S/C45H56N4O5/c1-9-53-45(3)35(28-17-41-43-30(18-38(47(41)5)34(28)23-54-45)26-12-10-11-13-36(26)48(43)6)15-25-14-29-31-19-37-33-22-52-21-32(24(2)50)27(33)16-40(46(37)4)44(31)49(7)39(29)20-42(25)51-8/h10-14,20-21,27-28,33-35,37-38,40-41H,9,15-19,22-23H2,1-8H3	0.056336311165717	0.0769230769230769	0.0681818181818181	0.2068965517241379	-4.558069861042854	2	2
86	InChI=1S/C16H18O9/c17-9-3-1-8(5-10(9)18)2-4-13(20)25-12-7-16(24,15(22)23)6-11(19)14(12)21/h1-5,11-12,14,17-19,21,24H,6-7H2,(H,22,23)/b4-2+/t11-,12-,14+,16-/m1/s1	0.0105489	InChI=1S/C7H7NO2/c8-6-4-2-1-3-5(6)7(9)10/h1-4H,8H2,(H,9,10)	0.094	InChI=1S/C7H7NO2/c9-7-8-5-3-1-2-4-6(5)10-7/h1-6H,(H,8,9)	0.4307920539734768	0.1228070175438596	0.0806451612903225	0.0789473684210526	-4.505550730132616	3	3
92	InChI=1S/C41H46N4O3/c1-5-24-21-44-17-15-32-27-11-7-9-13-34(27)45-39(40(46)47-4)29(24)20-37(44)41(32,45)16-14-25-22-48-23-31-28(25)18-36-38-30(19-35(31)42(36)2)26-10-6-8-12-33(26)43(38)3/h5-14,16,22,28-29,31-32,35-37,39H,15,17-21,23H2,1-4H3/b16-14+,24-5-/t28-,29-,31+,32+,35-,36-,37-,39-,41-/m0/s1	0.09686865	InChI=1S/C27H36N6O5/c1-26(2,3)36-24(34)31-11-9-17(10-12-31)23-29-22(30-38-23)18-7-8-19-14-28-33(21(19)13-18)20-15-32(16-20)25(35)37-27(4,5)6/h7-8,13-14,17,20H,9-12,15-16H2,1-6H3	0.009	InChI=1S/C41H48N4O3/c1-5-39-14-9-17-43-19-13-26-25-11-7-8-12-31(25)45(34(26)36(39)43)32(24-39)27-21-29-30(22-33(27)47-3)42-35-28(37(46)48-4)23-40(6-2)15-10-18-44-20-16-41(29,35)38(40)44/h7-9,11-12,14,21-22,32,36,38,42H,5-6,10,13,15-20,23-24H2,1-4H3	0.1729204794259945	0.1472868217054263	0.1830065359477124	0.1203007518796992	-4.292662900717508	4	4
5	InChI=1S/C18H23NO2/c1-4-5-9-19-10-8-18(21)15-12-14(20)7-6-13(15)11-16(19)17(18,2)3/h1,6-7,12,16,20-21H,5,8-11H2,2-3H3	0.09885	InChI=1S/C12H19N3O/c1-8-12(10-3-4-11(13)7-10)9(2)15(14-8)5-6-16/h3-4,10-11,16H,5-7,13H2,1-2H3	0.031	InChI=1S/C12H19N3O/c1-8(2)10-6-14-7-11(9(3)4)15(16-5)12(14)13-10/h10-11H,1,3,6-7H2,2,4-5H3	0.2242494045923828	0.1428571428571428	0.0845070422535211	0.1551724137931034	-4.153688244259521	5	5
77	InChI=1S/C15H14O6/c16-8-4-11(18)9-6-13(20)15(21-14(9)5-8)7-1-2-10(17)12(19)3-7/h1-5,13,15-20H,6H2/t13-,15-/m1/s1	0.1059759	InChI=1S/C11H12N6O5/c18-1-4-6(19)7(20)10(22-4)16-3-13-5-8(16)15-11-12-2-14-17(11)9(5)21/h2-4,6-7,10,18-20H,1H2,(H,12,14,15)	0.125	InChI=1S/C11H20N2O4S2/c1-18-5-3-8(12-7-14)10(15)13-9(11(16)17)4-6-19-2/h7-9H,3-6H2,1-2H3,(H,12,14)(H,13,15)(H,16,17)	0.1284427188616801	0.0789473684210526	0.0153846153846153	0.0684931506849315	-3.9671876014229	8	6
94	InChI=1S/C36H58O12/c1-31(2)9-11-36(30(46)48-29-25(43)24(42)23(41)20(15-37)47-29)12-10-34(5)17(22(36)28(31)45)7-8-21-32(3)13-19(40)27(44)33(4,16-38)26(32)18(39)14-35(21,34)6/h7,18-29,37-45H,8-16H2,1-6H3/t18-,19-,20-,21?,22?,23-,24+,25-,26?,27+,28+,29+,32-,33+,34-,35-,36+/m1/s1	0.1700993999999999	InChI=1S/C41H50N4O3/c1-6-23-14-22-15-32-38-26(12-13-45(20-22)40(23)32)28-19-36(47-4)29(17-34(28)43-38)30-16-27-24(7-2)21-44(3)35(37(27)41(46)48-5)18-31-25-10-8-9-11-33(25)42-39(30)31/h7-11,17,19,22-23,27,30,32,35,37,40,42-43H,6,12-16,18,20-21H2,1-5H3	0.2	#	0.0	0.0827586206896551	0.0	0.0	-3.2990060000000003	10	7
93	InChI=1S/C26H46N6O10/c33-21-7-10-24(36)30(39)16-5-2-4-14-28-22(34)8-12-26(38)32(41)18-20-42-19-15-29-23(35)9-11-25(37)31(40)17-6-1-3-13-27-21/h39-41H,1-20H2,(H,27,33)(H,28,34)(H,29,35)	0.1543149	InChI=1S/C41H48N4O3/c1-4-37-13-8-17-44-19-16-39(35(37)44)28-21-25-20-26-24-45-18-9-14-38(5-2)23-29(34(46)47-3)41(48-32(25)22-31(28)42-33(39)12-15-37)40(26,36(38)45)27-10-6-7-11-30(27)43-41/h6-8,10-13,21-22,26,29,35-36,42-43H,4-5,9,14-20,23-24H2,1-3H3	0.367	InChI=1S/C28H42N10O8/c1-13(2)5-18-23(34-19(25(42)36-18)6-16-8-29-11-31-16)35-21(10-39)26(43)33-14(3)24(41)38-22(15(4)40)27(44)37-20(28(45)46)7-17-9-30-12-32-17/h8-9,11-15,18-22,39-40H,5-7,10H2,1-4H3,(H,29,31)(H,30,32)(H,33,43)(H,34,35)(H,36,42)(H,37,44)(H,38,41)(H,45,46)	0.016129968959275	0.0677966101694915	0.05	0.0662251655629139	-3.0191885388009063	11	8
50	InChI=1S/C15H14O4/c1-15(2)7-6-10-8-9-4-5-11(16)18-12(9)14(17-3)13(10)19-15/h4-8H,1-3H3	0.1653443999999999	InChI=1S/C16H19NO2/c1-2-10-4-5-17-8-11-6-14-15(19-9-18-14)7-13(11)12(3-1)16(10)17/h6-7,10,12,16H,1-5,8-9H2	0.269	InChI=1S/C16H19NO2/c1-10-4-2-6-12-14(10)16(18)15-11-5-3-8-17(11)9-7-13(15)19-12/h2,4,6,11,13,15H,3,5,7-9H2,1H3	0.3163185832882422	0.0704225352112676	0.1126760563380281	0.203125	-2.7786577708896973	12	9
10	InChI=1S/C32H49NO4/c1-20(4-11-29(37)33-17-14-21-5-7-23(34)8-6-21)25-9-10-26-30-27(13-16-32(25,26)3)31(2)15-12-24(35)18-22(31)19-28(30)36/h5-8,20,22,24-28,30,34-36H,4,9-19H2,1-3H3,(H,33,37)/t20-,22+,24-,25-,26+,27+,28-,30+,31+,32-/m1/s1	0.2636079	InChI=1S/C30H50N2O4/c1-17(2)15-26(34)31-24-12-14-29(5)21-11-13-30(6)23(20(21)9-10-22(29)28(24)35)16-25(36-19(4)33)27(30)18(3)32(7)8/h15,18,20-25,27-28,35H,9-14,16H2,1-8H3,(H,31,34)	0.038	InChI=1S/C30H50N2O4/c1-9-17(2)28(35)31-26-25(34)16-30(6)23-14-15-29(5)21(18(3)32(7)8)12-13-22(29)20(23)10-11-24(30)27(26)36-19(4)33/h9,18,20-27,34H,10-16H2,1-8H3,(H,31,35)	0.1744276983265121	0.202020202020202	0.2291666666666666	0.4444444444444444	-2.5508863770918597	13	10
70	InChI=1S/C17H23NO3/c1-18-13-7-8-14(18)10-15(9-13)21-17(20)16(11-19)12-5-3-2-4-6-12/h2-6,13-16,19H,7-11H2,1H3/t13-,14+,15+,16?	0.066449005	InChI=1S/C13H15NO2/c15-8-10-7-9-3-1-5-14-6-2-4-11(12(9)14)13(10)16/h7-8,16H,1-6H2	0.471	InChI=1S/C13H15NO2/c1-9(8-15)2-3-10-4-5-11-7-13(16)14-12(11)6-10/h2,4-6,15H,3,7-8H2,1H3,(H,14,16)	0.4379092782553386	0.09375	0.1212121212121212	0.1525423728813559	-2.435963558723307	14	11
82	InChI=1S/C29H36O11/c1-13(30)38-23-25(2,3)19(18(32)21(33)36-6)27(5)15-7-9-26(4)16(29(15)24(40-29)28(23,35)22(27)34)11-17(31)39-20(26)14-8-10-37-12-14/h8,10,12,15-16,18-20,23-24,32,35H,7,9,11H2,1-6H3/t15?,16?,18-,19+,20+,23+,24-,26-,27-,28+,29-/m1/s1	0.3367427	InChI=1S/C32H43NO9/c1-6-33-14-30(15-38-2)18(34)12-19(39-3)32-17-13-31(37)27(42-29(36)16-10-8-7-9-11-16)20(17)21(23(35)28(31)41-5)22(26(32)33)24(40-4)25(30)32/h7-11,17-22,24-28,34,37H,6,12-15H2,1-5H3	0.06	InChI=1S/C32H43NO9/c1-27(2)22-21(39-25(42-27)24-28(3,4)40-24)23-32(41-23)20(38-22)12-13-29(5)30(6,26(35)36)16(11-14-31(29,32)37)15-19(34)17-9-7-8-10-18(17)33/h7-10,16,20-25,37H,11-15,33H2,1-6H3,(H,35,36)	0.0356678837827582	0.125	0.134453781512605	0.1610169491525423	-1.937988145271552	15	12
31	InChI=1S/C26H32O14/c1-36-24(35)14-10-38-25(40-26-23(34)22(33)20(31)15(8-27)39-26)18-13(19(30)21(32)17(14)18)9-37-16(29)7-4-11-2-5-12(28)6-3-11/h2-7,10,13,15,17-23,25-28,30-34H,8-9H2,1H3/b7-4+	0.34422015	InChI=1S/C29H39NO12/c1-39-27(38)21-15-40-28(42-29-25(35)24(34)23(33)22(14-32)41-29)20(11-16-4-2-3-5-16)19(21)7-6-17-10-18(26(36)37)13-30(12-17)8-9-31/h6-7,10-11,13,15,19-20,22-25,28-29,31-35H,2-5,8-9,12,14H2,1H3,(H,36,37)	0.309	#	0.0	0.3689320388349514	0.0	0.0	-1.2852985	16	13
6	InChI=1S/C16H12O3/c1-10-15(11-5-3-2-4-6-11)16(18)13-8-7-12(17)9-14(13)19-10/h2-9,17H,1H3	0.44033925	InChI=1S/C15H15N3O/c1-15(2)10-18(13-8-4-3-6-11(13)15)14-12(17-19)7-5-9-16-14/h3-9H,10H2,1-2H3	0.051	InChI=1S/C15H15N3O/c1-18-10-16-9-14(18)13-8-17-15(19)12(13)7-11-5-3-2-4-6-11/h2-7,9-10,13H,8H2,1H3,(H,17,19)	0.3210863910713036	0.1076923076923077	0.1384615384615384	0.1304347826086956	0.6424279888391287	17	14
4	InChI=1S/C21H34O3/c1-12(22)16-6-7-17-15-5-4-13-10-14(23)8-9-20(13,2)19(15)18(24)11-21(16,17)3/h12-17,19,22-23H,4-11H2,1-3H3	0.4318956499999999	InChI=1S/C22H35NO/c1-14(24)18-7-8-19-17-6-5-15-13-16(23-4)9-11-21(15,2)20(17)10-12-22(18,19)3/h5,7,14,16-17,19-20,23-24H,6,8-13H2,1-4H3	0.274	InChI=1S/C22H35NO/c1-14(23-4)18-7-8-19-17-6-5-15-13-16(24)9-11-21(15,2)20(17)10-12-22(18,19)3/h13-14,17-20,23H,5-12H2,1-4H3	0.3171819885775029	0.1917808219178082	0.2898550724637681	0.2941176470588235	0.8573034857218773	18	15
84	InChI=1S/C19H20N2O/c1-2-13-12-21-9-7-16-15-5-3-4-6-17(15)20-19(16)18(21)11-14(13)8-10-22/h2-7,9,14,22H,8,10-12H2,1H3/p+1/b13-2-	0.331191	InChI=1S/C20H24N2O/c1-3-14-13-22-10-8-17-16-6-4-5-7-18(16)21-20(17)19(22)12-15(14)9-11-23-2/h3-7,9,11,14-15,19,21H,1,8,10,12-13H2,2H3	0.582	InChI=1S/C20H24N2O/c23-12-14-5-3-4-13-11-22-9-8-16-15-6-1-2-7-18(15)21-20(16)19(22)10-17(13)14/h1-2,5-7,13,17,19,21,23H,3-4,8-12H2	0.4506389339820006	0.1829268292682926	0.1975308641975308	0.4492753623188406	1.3851046699100027	19	16
46	InChI=1S/C25H35NO6/c1-6-13(3)16-8-7-15-10-12(2)9-14(4)18(15)19(16)22(28)20-21(27)17(26-23(20)29)11-25(5,32)24(30)31/h6-8,12,14-19,28,32H,9-11H2,1-5H3,(H,26,29)(H,30,31)/b13-6+,22-20-	0.2871861	InChI=1S/C30H42N4O2/c1-31-17-11-21-33(29(35)23-27(31)25-13-5-3-6-14-25)19-9-10-20-34-22-12-18-32(2)28(24-30(34)36)26-15-7-4-8-16-26/h3-8,13-16,27-28H,9-12,17-24H2,1-2H3	0.127	InChI=1S/C30H42N4O2/c1-31-17-11-21-33(29(35)23-27(31)25-13-5-3-6-14-25)19-9-10-20-34-22-12-18-32(2)28(24-30(34)36)26-15-7-4-8-16-26/h3-8,13-16,27-28H,9-12,17-24H2,1-2H3	0.4027285348081047	0.1204819277108433	0.1204819277108433	1.0	1.8051072849719016	20	17
96	InChI=1S/C27H34N2O9/c1-3-13-16(10-19-21-15(8-9-28-19)14-6-4-5-7-18(14)29-21)17(25(34)35-2)12-36-26(13)38-27-24(33)23(32)22(31)20(11-30)37-27/h3-7,12-13,16,19-20,22-24,26-33H,1,8-11H2,2H3/t13-,16+,19+,20-,22-,23+,24-,26+,27+/m1/s1	0.47937665	InChI=1S/C45H56N4O5/c1-9-53-45(3)35(28-17-41-43-30(18-38(47(41)5)34(28)23-54-45)26-12-10-11-13-36(26)48(43)6)15-25-14-29-31-19-37-33-22-52-21-32(24(2)50)27(33)16-40(46(37)4)44(31)49(7)39(29)20-42(25)51-8/h10-14,20-21,27-28,33-35,37-38,40-41H,9,15-19,22-23H2,1-8H3	0.065	#	0.0	0.1578947368421052	0.0	0.0	1.8375660000000007	21	18
26	InChI=1S/C15H22O/c1-10(2)12-5-6-13-8-14(16)7-11(3)15(13,4)9-12/h8,11-12H,1,5-7,9H2,2-4H3	0.4735579	InChI=1S/C13H18O3/c1-9-7-11(15)8-12(3,4)13(9,16)6-5-10(2)14/h5-7,16H,8H2,1-4H3	0.093	InChI=1S/C13H18O3/c1-8-10-7-9(12(15)16)3-5-13(10,2)6-4-11(8)14/h9H,3-7H2,1-2H3,(H,15,16)	0.4042682949645802	0.2142857142857142	0.2321428571428571	0.1818181818181818	2.196157474822899	22	19
44	InChI=1S/C21H34O3/c1-12(22)16-6-7-17-15-5-4-13-10-14(23)8-9-20(13,2)19(15)18(24)11-21(16,17)3/h12-17,19,22-23H,4-11H2,1-3H3	0.4759747	InChI=1S/C22H35NO/c1-14(23-4)15-9-11-21(2)16(13-15)5-6-17-18-7-8-20(24)22(18,3)12-10-19(17)21/h5,14-15,17-19,23H,6-13H2,1-4H3	0.136	InChI=1S/C22H35NO/c1-14(23-4)18-7-8-19-17-6-5-15-13-16(24)9-11-21(15,2)20(17)10-12-22(18,19)3/h13-14,17-20,23H,5-12H2,1-4H3	0.3916486050524982	0.1917808219178082	0.2898550724637681	0.4193548387096774	2.3685487563156227	23	20
39	InChI=1S/C19H28O3/c1-17-7-3-8-18(2,16(21)22)14(17)6-9-19-10-12(13(20)11-19)4-5-15(17)19/h12,14-15H,3-11H2,1-2H3,(H,21,22)	0.47600985	InChI=1S/C21H35NO/c1-3-4-5-6-7-8-9-10-11-12-13-14-15-16-17-18-19-20-21(23)22-2/h7-8,10-11,13-14,16-17H,3-6,9,12,15,18-20H2,1-2H3,(H,22,23)	0.11	InChI=1S/C21H35NO/c1-13(22)17-6-7-18-16-5-4-14-12-15(23)8-10-20(14,2)19(16)9-11-21(17,18)3/h4,13,15-19,23H,5-12,22H2,1-3H3	0.4291857304063414	0.0634920634920634	0.136986301369863	0.0606060606060606	2.461322652031706	24	21
33	InChI=1S/C20H32O3/c1-15-7-5-9-17(19(21)22)10-6-8-16(2)12-14-18(13-11-15)20(3,4)23/h7,10,12,18,23H,5-6,8-9,11,13-14H2,1-4H3,(H,21,22)/b15-7-,16-12-,17-10+/t18-/m1/s1	0.47673565	InChI=1S/C21H35NO/c1-15(2)16-6-8-18-17(12-16)7-9-19-20(3,13-22-14-23)10-5-11-21(18,19)4/h15-19H,5-13H2,1-4H3	0.241	InChI=1S/C21H35NO/c1-13(22)17-6-7-18-16-5-4-14-12-15(23)8-10-20(14,2)19(16)9-11-21(17,18)3/h4,13,15-19,23H,5-12,22H2,1-3H3	0.4489306407387187	0.0821917808219178	0.1267605633802817	0.1643835616438356	2.9165792036935936	25	22
7	InChI=1S/C26H31NO4/c1-14-11-20(29-5)25-17(9-8-10-19(25)28-4)23(14)26-18-12-15(2)27-16(3)24(18)21(30-6)13-22(26)31-7/h8-11,13,15-16,27H,12H2,1-7H3	0.46897225	InChI=1S/C26H29NO4/c1-28-24-13-20(9-10-23(24)31-18-19-7-5-4-6-8-19)16-27-12-11-21-14-25(29-2)26(30-3)15-22(21)17-27/h4-10,13-15H,11-12,16-18H2,1-3H3	0.358	InChI=1S/C26H29NO4/c1-14-11-20(29-5)25-17(9-8-10-19(25)28-4)23(14)26-18-12-15(2)27-16(3)24(18)21(30-6)13-22(26)31-7/h8-11,13,15H,12H2,1-7H3	0.285645648278399	0.1558441558441558	0.6071428571428571	0.16	3.062848325303713	26	23
87	InChI=1S/C20H18O6/c1-3-15-17(25-9-23-15)5-11(1)19-13-7-22-20(14(13)8-21-19)12-2-4-16-18(6-12)26-10-24-16/h1-6,13-14,19-20H,7-10H2	0.2208284999999999	InChI=1S/C11H14O3/c1-5-8-6-10(13-3)11(14-4)7-9(8)12-2/h5-7H,1H2,2-4H3	0.735	InChI=1S/C11H14O3/c1-8(13)2-3-9-4-5-11(14)10(6-9)7-12/h4-8,13-14H,2-3H2,1H3	0.4470592948056919	0.0681818181818181	0.074074074074074	0.1590909090909091	3.1435814740284598	27	24
18	InChI=1S/C19H28O4/c1-17(2)9-14-13(17)5-7-18(3)6-4-12-11(16(21)22)8-15(20)23-19(12,14)10-18/h11-14H,4-10H2,1-3H3,(H,21,22)/t11?,12?,13?,14?,18-,19-/m0/s1	0.4676251499999999	InChI=1S/C21H34N2/c1-13-17-5-6-19-16-4-3-14-11-15(22)7-9-20(14,2)18(16)8-10-21(17,19)12-23-13/h3,13,15-19,23H,4-12,22H2,1-2H3	0.511	InChI=1S/C21H34N2/c22-18-14-12-10-8-6-4-2-1-3-5-7-9-11-13-15-21-16-19-23-20-17-21/h16-17,19-20H,1,3,5-15,18,22H2	0.144766076317145	0.1527777777777778	0.0149253731343283	0.0597014925373134	3.495963595396429	28	25
3	InChI=1S/C17H18O6/c1-17(2)9-12(19)13(15(20)14(17)16(21)22-3)11(18)7-6-10-5-4-8-23-10/h4-8,13-14H,9H2,1-3H3	0.5157455	InChI=1S/C23H39NO/c1-15(25)19-8-9-20-18-7-6-16-14-17(24(4)5)10-12-22(16,2)21(18)11-13-23(19,20)3/h16-21H,6-14H2,1-5H3	0.034	InChI=1S/C23H39NO/c1-15(24(4)5)19-8-9-20-18-7-6-16-14-17(25)10-12-22(16,2)21(18)11-13-23(19,20)3/h6,15,17-21,25H,7-14H2,1-5H3	0.3068760698828242	0.1025641025641025	0.0952380952380952	0.2537313432835821	3.598415087353529	29	26
63	InChI=1S/C18H39NO3/c1-2-3-4-5-6-7-8-9-10-11-12-13-14-17(21)18(22)16(19)15-20/h16-18,20-22H,2-15,19H2,1H3	0.5232932499999999	InChI=1S/C19H37NO3/c1-2-3-4-5-6-7-8-9-10-11-12-13-14-15-19(23)18(16-21)20-17-22/h14-15,17-19,21,23H,2-13,16H2,1H3,(H,20,22)	0.138	InChI=1S/C19H37NO3/c1-16(2)14-12-10-8-6-5-7-9-11-13-15-18(21)20-17(3)19(22)23-4/h16-17H,5-15H2,1-4H3,(H,20,21)	0.2749759127821309	0.2954545454545454	0.1666666666666666	0.1454545454545454	4.120449890977661	31	27
91	InChI=1S/C24H32N2O9/c1-6-13(4)23(32)35-20(15(7-2)22(30)31)14(5)34-24(33)17(8-3)26-21(29)16-10-9-11-18(19(16)28)25-12-27/h8-15,20,28H,6-7H2,1-5H3,(H,25,27)(H,26,29)(H,30,31)/b17-8-	0.5582169	InChI=1S/C23H32N2O9/c1-6-7-8-14-19(34-21(28)12(2)3)13(4)33-23(30)15(11-32-22(14)29)25-20(27)17-18(26)16(31-5)9-10-24-17/h9-10,12-15,19,26H,6-8,11H2,1-5H3,(H,25,27)	0.271	InChI=1S/C24H36N2O4S2/c1-6-7-8-10-15-11-9-12-18(27)19(15)21-25-16(13-31-21)22-26(4)17(14-32-22)20(28)24(2,3)23(29)30-5/h9,11-12,16-17,20,22,27-28H,6-8,10,13-14H2,1-5H3	0.0254492161232151	0.146788990825688	0.1388888888888889	0.2037037037037037	5.5379875201540205	32	28
43	InChI=1S/C17H18O6/c1-17(2)9-12(19)13(15(20)14(17)16(21)22-3)11(18)7-6-10-5-4-8-23-10/h4-8,13-14H,9H2,1-3H3	0.5415912	InChI=1S/C22H37NO/c1-14-18-6-7-20-17-5-4-15-12-16(24)8-10-21(15,2)19(17)9-11-22(18,20)13-23(14)3/h14-20,24H,4-13H2,1-3H3	0.401	InChI=1S/C22H37NO/c1-14(23-4)18-7-8-19-17-6-5-15-13-16(24)9-11-21(15,2)20(17)10-12-22(18,19)3/h5,14,16-20,23-24H,6-13H2,1-4H3	0.4234152625218191	0.073170731707317	0.108433734939759	0.2647058823529412	5.790724312609097	33	29
90	InChI=1S/C15H22O3/c1-9-5-4-6-14(3)7-8-15(17)10(2)13(16)18-12(15)11(9)14/h10,12,17H,4-8H2,1-3H3	0.54454655	InChI=1S/C13H18O2/c1-9-7-11(15)8-13(3,4)12(9)6-5-10(2)14/h5,7,10,14H,8H2,1-4H3	0.235	InChI=1S/C13H18O2/c1-8-12(15)5-4-11-6-10(9(2)14)7-13(8,11)3/h4,7-8,12,15H,5-6H2,1-3H3	0.4945339453267322	0.1475409836065573	0.1475409836065573	0.1578947368421052	5.8420317266336586	34	30
61	InChI=1S/C30H46O7/c1-17-27(32)24(34-4)15-26(36-17)37-20-7-10-28(2)19(14-20)5-6-23-22(28)8-11-29(3)21(9-12-30(23,29)33)18-13-25(31)35-16-18/h13,17,19-24,26-27,32-33H,5-12,14-16H2,1-4H3/t17?,19?,20-,21+,22?,23?,24?,26?,27?,28-,29+,30-/m0/s1	0.52260545	InChI=1S/C30H47NO6/c1-17-26(31-18(2)32)23(33-5)15-25(35-17)36-20-8-11-27(3)19(14-20)6-7-22-21(27)9-12-29-16-34-28(4)24(29)10-13-30(22,29)37-28/h17,19-26H,6-16H2,1-5H3,(H,31,32)	0.096	InChI=1S/C30H47NO6/c1-17-27(31)24(34-4)15-26(36-17)37-20-7-10-28(2)19(14-20)5-6-23-22(28)8-11-29(3)21(9-12-30(23,29)33)18-13-25(32)35-16-18/h13,17,19-24,26-27,33H,5-12,14-16,31H2,1-4H3	0.2504949697701606	0.4148936170212766	0.8513513513513513	0.4105263157894737	6.10481518813144	35	31
2	InChI=1S/C19H38N2O/c1-2-3-4-5-6-7-8-9-10-11-12-13-16-19(22)21-18-15-14-17-20/h5-6H,2-4,7-18,20H2,1H3,(H,21,22)	0.5892337	InChI=1S/C21H37N/c1-16-7-2-3-9-18(16)15-22-14-6-11-20-19-10-5-4-8-17(19)12-13-21(20)22/h16-21H,2-15H2,1H3	0.05	InChI=1S/C21H37N/c1-3-4-5-6-7-8-9-10-11-12-13-14-15-18-21-19-16-17-20(2)22-21/h16-17,19H,3-15,18H2,1-2H3	0.2828208415369676	0.0317460317460317	0.1372549019607843	0.0350877192982456	6.547874051921207	36	32
30	InChI=1S/C10H13N5O/c1-7(4-16)2-3-11-9-8-10(13-5-12-8)15-6-14-9/h2,5-6,16H,3-4H2,1H3,(H2,11,12,13,14,15)/b7-2+	0.566433	InChI=1S/C10H15N5/c1-7(2)3-4-11-9-8-10(13-5-12-8)15-6-14-9/h5-7H,3-4H2,1-2H3,(H2,11,12,13,14,15)	0.46	InChI=1S/C10H15N5/c1-6(2)7(3)15-5-14-9(11)8-10(15)13-4-12-8/h4-7H,11H2,1-3H3	0.4802559985056199	0.5217391304347826	0.1578947368421052	0.2156862745098039	7.989681514267229	37	33
42	InChI=1S/C21H32O2/c1-13(22)17-6-7-18-16-5-4-14-12-15(23)8-10-20(14,2)19(16)9-11-21(17,18)3/h4,15-19,23H,5-12H2,1-3H3/t15-,16-,17+,18-,19-,20-,21+/m0/s1	0.45351195	InChI=1S/C21H33NO/c1-13(23)17-6-7-18-16-5-4-14-12-15(22)8-10-20(14,2)19(16)9-11-21(17,18)3/h4,15-19H,5-12,22H2,1-3H3	0.165	InChI=1S/C21H33NO/c1-13(23)17-6-7-18-16-5-4-14-12-15(22)8-10-20(14,2)19(16)9-11-21(17,18)3/h4,15-19H,5-12,22H2,1-3H3	0.3460919248245697	0.7708333333333334	0.7708333333333334	1.0	8.185001489980893	38	34
65	InChI=1S/C21H24O5/c1-12(2)4-6-16-19(24)10-20-17(21(16)25-3)8-13(11-26-20)15-7-5-14(22)9-18(15)23/h4-5,7,9-10,13,22-24H,6,8,11H2,1-3H3	0.1478325	InChI=1S/C9H6O3/c10-7-3-1-6-2-4-9(11)12-8(6)5-7/h1-5,10H	0.922	InChI=1S/C9H6O3/c10-7-3-1-2-6-4-5-12-9(11)8(6)7/h1-5,10H	0.6361313611791811	0.1587301587301587	0.1363636363636363	0.2307692307692307	8.80463861179181	39	35
52	InChI=1S/C18H35NO3/c1-3-4-5-6-7-8-9-10-11-12-13-14-15-17(20)19-16(2)18(21)22/h16H,3-15H2,1-2H3,(H,19,20)(H,21,22)/t16-/m0/s1	0.56057695	InChI=1S/C21H37NO/c1-13(22)17-6-7-18-16-5-4-14-12-15(23)8-10-20(14,2)19(16)9-11-21(17,18)3/h13-19,23H,4-12,22H2,1-3H3	0.357	InChI=1S/C21H37NO/c1-13(22)17-6-7-18-16-5-4-14-12-15(23)8-10-20(14,2)19(16)9-11-21(17,18)3/h13-19,23H,4-12,22H2,1-3H3	0.3882553811327579	0.0677966101694915	0.0677966101694915	1.0	11.291446653644234	41	36
38	InChI=1S/C41H64O14/c1-19-36(47)27(42)14-33(50-19)54-38-21(3)52-34(16-29(38)44)55-37-20(2)51-32(15-28(37)43)53-24-8-10-39(4)23(13-24)6-7-26-25(39)9-11-40(5)35(22-12-31(46)49-18-22)30(45)17-41(26,40)48/h12,19-21,23-30,32-38,42-45,47-48H,6-11,13-18H2,1-5H3	0.653415	InChI=1S/C43H62O14/c1-22(52-24(3)45)28-15-17-43(50)29-13-12-26-18-27(14-16-41(26,4)30(29)19-33(42(28,43)5)56-39(49)25-10-8-7-9-11-25)54-34-20-31(51-6)38(23(2)53-34)57-40-37(48)36(47)35(46)32(21-44)55-40/h7-12,22-23,27-38,40,44,46-48,50H,13-21H2,1-6H3	0.348	#	0.0	0.225563909774436	0.0	0.0	11.643199999999997	42	37
28	InChI=1S/C20H36O2/c1-14(11-13-21)6-8-16-15(2)7-9-17-19(3,4)18(22)10-12-20(16,17)5/h14,16-18,21-22H,2,6-13H2,1,3-5H3	0.4657678999999999	InChI=1S/C22H22O7/c1-24-17-6-12(7-18(25-2)21(17)26-3)19-14-8-16-15(28-10-29-16)5-11(14)4-13-9-27-22(23)20(13)19/h5-8,13,19-20H,4,9-10H2,1-3H3	0.901	InChI=1S/C21H37N/c1-3-4-5-6-7-8-9-10-11-12-13-14-15-18-21-19-16-17-20(2)22-21/h16-17,19H,3-15,18H2,1-2H3	0.2093599189712388	0.0476190476190476	0.0461538461538461	0.0434782608695652	11.674915898714053	43	38
88	InChI=1S/C24H27NO3/c1-13-11-20(28-5)23-17(7-6-8-19(23)27-4)21(13)18-10-9-16-12-14(2)25-15(3)22(16)24(18)26/h6-11,14-15,25-26H,12H2,1-5H3/t14-,15-/m1/s1	0.506366	InChI=1S/C24H27NO3/c1-13-11-20(27-4)23-17(7-6-8-19(23)26)21(13)18-10-9-16-12-14(2)25-15(3)22(16)24(18)28-5/h6-11,14-15,25-26H,12H2,1-5H3	0.404	InChI=1S/C24H27NO3/c1-13-11-20(27-4)23-17(7-6-8-19(23)26)21(13)18-10-9-16-12-14(2)25-15(3)22(16)24(18)28-5/h6-11,14-15,25-26H,12H2,1-5H3	0.2082684191673656	0.7413793103448276	0.7413793103448276	1.0	12.247636323649212	44	39
81	InChI=1S/C15H24N2O/c18-14-7-1-6-13-12-5-3-9-16-8-2-4-11(15(12)16)10-17(13)14/h11-13,15H,1-10H2/t11-,12+,13+,15-/m0/s1	0.5774436	InChI=1S/C15H26N2/c1-3-7-16-11-13-9-12(14(16)5-1)10-17-8-4-2-6-15(13)17/h12-15H,1-11H2	0.734	InChI=1S/C15H26N2/c1-2-9-16-11-13-6-3-5-12-7-4-10-17(15(12)13)14(16)8-1/h12-15H,1-11H2	0.4943010768427966	0.3	0.3409090909090909	0.3823529411764705	12.249249384213982	45	40
40	InChI=1S/C19H30O2/c1-18-9-7-13(20)11-12(18)3-4-14-15-5-6-17(21)19(15,2)10-8-16(14)18/h12-16,20H,3-11H2,1-2H3/t12-,13+,14-,15-,16-,18-,19-/m0/s1	0.5663928500000001	InChI=1S/C21H33NO/c1-13(23)17-6-7-18-16-5-4-14-12-15(22)8-10-20(14,2)19(16)9-11-21(17,18)3/h4,15-19H,5-12,22H2,1-3H3	0.267	InChI=1S/C21H33NO/c1-13(23)17-6-7-18-16-5-4-14-12-15(22)8-10-20(14,2)19(16)9-11-21(17,18)3/h4,15-19H,5-12,22H2,1-3H3	0.4553562783298936	0.2903225806451613	0.2903225806451613	1.0	12.54927070405734	46	41
45	InChI=1S/C17H18O6/c1-17(2)9-12(19)13(15(20)14(17)16(21)22-3)11(18)7-6-10-5-4-8-23-10/h4-8,13-14H,9H2,1-3H3	0.5258744	InChI=1S/C22H37NO/c1-14(23-4)18-7-8-19-17-6-5-15-13-16(24)9-11-21(15,2)20(17)10-12-22(18,19)3/h5,14,16-20,23-24H,6-13H2,1-4H3	0.478	InChI=1S/C22H37NO/c1-14(23-4)18-7-8-19-17-6-5-15-13-16(24)9-11-21(15,2)20(17)10-12-22(18,19)3/h5,14,16-20,23-24H,6-13H2,1-4H3	0.3796375780053979	0.108433734939759	0.108433734939759	1.0	13.099596039507178	47	42
21	InChI=1S/C12H15NO3/c1-13-5-4-8-6-10(15-2)11(16-3)7-9(8)12(13)14/h6-7H,4-5H2,1-3H3	0.5924781	InChI=1S/C11H13NO3/c1-14-9-5-7-3-4-12-11(13)8(7)6-10(9)15-2/h5-6H,3-4H2,1-2H3,(H,12,13)	0.815	InChI=1S/C11H13NO3/c1-14-9-5-3-8(4-6-11(12)13)7-10(9)15-2/h3-7H,1-2H3,(H2,12,13)	0.374115367112437	0.425	0.2127659574468085	0.2444444444444444	14.154268208890544	48	43
41	InChI=1S/C21H34O2/c1-13(22)17-6-7-18-16-5-4-14-12-15(23)8-10-20(14,2)19(16)9-11-21(17,18)3/h14-19,23H,4-12H2,1-3H3	0.5610567000000001	InChI=1S/C21H35NO/c1-13(22)17-6-7-18-16-5-4-14-12-15(23)8-10-20(14,2)19(16)9-11-21(17,18)3/h4,13,15-19,23H,5-12,22H2,1-3H3	0.362	InChI=1S/C21H35NO/c1-13(22)17-6-7-18-16-5-4-14-12-15(23)8-10-20(14,2)19(16)9-11-21(17,18)3/h4,13,15-19,23H,5-12,22H2,1-3H3	0.4924871606050224	0.2950819672131147	0.2950819672131147	1.0	14.389717033516789	49	44
67	InChI=1S/C21H22O4/c1-14(2)5-4-6-15(3)9-11-24-21-16-7-8-20(22)25-19(16)13-18-17(21)10-12-23-18/h5,7-10,12-13H,4,6,11H2,1-3H3	0.2527377999999999	InChI=1S/C22H23NO3/c1-25-21-10-18-16-8-13-4-3-7-23(13)12-20(16)15-6-5-14(24)9-17(15)19(18)11-22(21)26-2/h5-6,9-11,13,24H,3-4,7-8,12H2,1-2H3	0.821	InChI=1S/C22H23NO3/c1-25-14-5-6-15-16-8-13-4-3-7-23(13)12-20(16)19-11-22(26-2)21(24)10-18(19)17(15)9-14/h5-6,9-11,13,24H,3-4,7-8,12H2,1-2H3	0.1728506471718578	0.125	0.1204819277108433	0.7450980392156863	15.58065062872538	50	45
75	InChI=1S/C15H8O6/c16-9-3-1-2-7-11(9)14(19)12-8(13(7)18)4-6(15(20)21)5-10(12)17/h1-5,16-17H,(H,20,21)	0.554459	InChI=1S/C15H8O6/c16-9-3-1-2-7-11(9)14(19)12-8(13(7)18)4-6(15(20)21)5-10(12)17/h1-5,16-17H,(H,20,21)	0.546	InChI=1S/C15H8O6/c16-6-1-2-7-11(3-6)20-14-8-4-9(17)10(18)5-12(8)21-15(19)13(7)14/h1-5,16-18H	0.2951070787980939	1.0	0.1886792452830188	0.1886792452830188	16.444011705640477	51	46
58	InChI=1S/C17H25F3N4O2S/c1-16(2,3)14-4-5-15(22-21-14)23-8-12-10-24(11-13(12)9-23)27(25,26)7-6-17(18,19)20/h4-5,12-13H,6-11H2,1-3H3	0.3784201499999999	InChI=1S/C25H31N3O2/c29-24(16-14-22-10-3-1-4-11-22)27-20-8-7-18-26-19-9-21-28-25(30)17-15-23-12-5-2-6-13-23/h1-6,10-17,26H,7-9,18-21H2,(H,27,29)(H,28,30)	0.644	InChI=1S/C25H31N3O2/c29-24(16-14-22-10-3-1-4-11-22)27-20-8-7-18-26-19-9-21-28-25(30)17-15-23-12-5-2-6-13-23/h1-6,10-17,26H,7-9,18-21H2,(H,27,29)(H,28,30)	0.4476307140471326	0.0714285714285714	0.0714285714285714	1.0	17.24960633935529	52	47
37	InChI=1S/C23H34O5/c1-21-7-5-15(24)10-14(21)3-4-17-16(21)6-8-22(2)20(13-9-19(26)28-12-13)18(25)11-23(17,22)27/h9,14-18,20,24-25,27H,3-8,10-12H2,1-2H3/t14-,15+,16+,17-,18+,20+,21+,22-,23+/m1/s1	0.749519	InChI=1S/C25H32O5/c1-23-9-7-17(29-14-26)11-16(23)4-5-19-18(23)8-10-24(2)20(12-21-25(19,24)30-21)15-3-6-22(27)28-13-15/h3,6,13-14,16-21H,4-5,7-12H2,1-2H3	0.312	#	0.0	0.3012048192771084	0.0	0.0	19.24152000000001	53	48
85	InChI=1S/C7H9N5/c1-2-12-4-11-5-6(8)9-3-10-7(5)12/h3-4H,2H2,1H3,(H2,8,9,10)	0.6419948	InChI=1S/C10H13N5/c1-7(2)3-4-15-6-14-10-8(15)9(11)12-5-13-10/h3,5-6H,4H2,1-2H3,(H2,11,12,13)	0.661	InChI=1S/C10H13N5/c1-7(2)3-4-15-6-14-8-9(11)12-5-13-10(8)15/h3,5-6H,4H2,1-2H3,(H2,11,12,13)	0.56999729864564	0.3636363636363636	0.6216216216216216	0.6097560975609756	21.20277595082357	54	49
66	InChI=1S/C10H10O4/c1-14-9-6-7(2-4-8(9)11)3-5-10(12)13/h2-6,11H,1H3,(H,12,13)	0.7486009499999999	InChI=1S/C13H9NO/c1-2-4-12-11(3-1)9-13(15-12)10-5-7-14-8-6-10/h1-9H	0.556	InChI=1S/C13H9NO/c15-8-9-5-6-13-11(7-9)10-3-1-2-4-12(10)14-13/h1-8,14H	0.4699673162476089	0.0769230769230769	0.1666666666666666	0.1304347826086956	21.797912581238045	55	50
20	InChI=1S/C14H16O9/c1-21-11-5(16)2-4-7(9(11)18)12-13(23-14(4)20)10(19)8(17)6(3-15)22-12/h2,6,8,10,12-13,15-19H,3H2,1H3	0.6835801	InChI=1S/C22H36N2/c1-14-18-6-7-20-17-5-4-15-12-16(23-3)8-10-21(15,2)19(17)9-11-22(18,20)13-24-14/h4,14,16-20,23-24H,5-13H2,1-3H3	0.858	InChI=1S/C22H36N2/c1-14-18-6-7-20-17-5-4-15-12-16(23)8-10-21(15,2)19(17)9-11-22(18,20)13-24(14)3/h15-17,19-20H,4-13,23H2,1-3H3	0.2548585995254773	0.0476190476190476	0.0357142857142857	0.1558441558441558	22.389981249406844	56	51
14	InChI=1S/C22H26N4/c1-25-13-11-21(15-7-3-5-9-17(15)23-19(21)25)22-12-14-26(2)20(22)24-18-10-6-4-8-16(18)22/h3-10,19-20,23-24H,11-14H2,1-2H3/t19?,20?,21-,22-/m1/s1	0.671355	InChI=1S/C22H26N4/c1-25-13-11-22-16-8-4-5-9-17(16)23-19(25)21(22)12-14-26(2)20(22)24-18-10-6-3-7-15(18)21/h3-10,19-20,23-24H,11-14H2,1-2H3	0.498	InChI=1S/C22H26N4/c1-23-13-11-16-15-26(20-10-6-3-7-17(16)20)22-12-14-25(2)21(22)24-19-9-5-4-8-18(19)22/h3-10,15,21,23-24H,11-14H2,1-2H3	0.4453357627269509	1.0	0.4545454545454545	0.4545454545454545	26.356328813634764	57	52
57	InChI=1S/C15H24N2O/c18-15-6-3-5-14-11-8-12(10-17(14)15)13-4-1-2-7-16(13)9-11/h11-14H,1-10H2	0.629744	InChI=1S/C15H24N2O/c18-15-6-3-5-14-11-8-12(10-17(14)15)13-4-1-2-7-16(13)9-11/h11-14H,1-10H2	0.704	InChI=1S/C15H24N2O/c18-14-8-2-7-13-16-9-3-6-11-4-1-5-12(15(11)16)10-17(13)14/h11-13,15H,1-10H2	0.5097773972866915	1.0	0.4090909090909091	0.4090909090909091	30.499264129290594	58	53
83	InChI=1S/C9H10O5/c1-13-6-3-5(9(11)12)4-7(14-2)8(6)10/h3-4,10H,1-2H3,(H,11,12)	0.6176926	InChI=1S/C9H10O5/c1-13-6-3-5(9(11)12)4-7(14-2)8(6)10/h3-4,10H,1-2H3,(H,11,12)	0.756	InChI=1S/C9H10O5/c10-6-2-1-5(3-7(6)11)4-8(12)9(13)14/h1-3,8,10-12H,4H2,(H,13,14)	0.2356339448000102	1.0	0.2	0.2	31.24754328814287	59	54
22	InChI=1S/C15H10O6/c16-8-4-11(18)9-6-13(20)15(21-14(9)5-8)7-1-2-10(17)12(19)3-7/h1-6H,(H4-,16,17,18,19,20)/p+1	0.8440848000000001	InChI=1S/C15H10O6/c16-8-2-3-9-12(6-8)21-15(14(20)13(9)19)7-1-4-10(17)11(18)5-7/h1-6,16-18,20H	0.511	InChI=1S/C15H10O6/c16-7-1-3-9(11(18)5-7)13-14(19)10-4-2-8(17)6-12(10)21-15(13)20/h1-6,16-19H	0.5191835929127578	0.3061224489795918	0.196078431372549	0.4444444444444444	31.436941964563797	60	55
74	InChI=1S/C37H40N4O4/c1-4-22-19-40(2)33-18-29-26-10-6-8-12-32(26)39-36(29)30(17-28(22)34(33)37(44)45-3)35-27(25-9-5-7-11-31(25)38-35)15-16-41-23(20-42)13-14-24(41)21-43/h4-14,20,28,30,33-34,38-39,43H,15-19,21H2,1-3H3/b22-4-/t28-,30-,33?,34+/m1/s1	0.87683	InChI=1S/C31H44N2O10/c1-36-24-18-22(19-25(37-2)28(24)40-5)30(34)42-16-8-12-32-10-7-11-33(15-14-32)13-9-17-43-31(35)23-20-26(38-3)29(41-6)27(21-23)39-4/h18-21H,7-17H2,1-6H3	0.039	InChI=1S/C30H53BrO7/c1-25(2,33)20(32)12-15-27(5,34)21-13-17-29(7,36-21)24-10-9-22-28(6,37-24)18-14-23(35-22)30(8)16-11-19(31)26(3,4)38-30/h19-24,32-34H,9-18H2,1-8H3	0.0047953158399218	0.1176470588235294	0.0677966101694915	0.0714285714285714	32.59139414479989	61	56
27	InChI=1S/C22H22O7/c1-24-17-6-12(7-18(25-2)21(17)26-3)19-14-8-16-15(28-10-29-16)5-11(14)4-13-9-27-22(23)20(13)19/h5-8,13,19-20H,4,9-10H2,1-3H3/t13?,19-,20+/m1/s1	0.854053	InChI=1S/C21H37N/c1-16-7-2-3-9-18(16)15-22-14-6-11-20-19-10-5-4-8-17(19)12-13-21(20)22/h16-21H,2-15H2,1H3	0.055	InChI=1S/C22H22O7/c1-24-18-6-12(7-19(25-2)21(18)26-3)20-13-8-17-16(28-10-29-17)5-11(13)4-14-15(20)9-27-22(14)23/h5-8,14-15,20H,4,9-10H2,1-3H3	0.3393281241122404	0.0533333333333333	0.7037037037037037	0.0533333333333333	34.28122757232627	62	57
54	InChI=1S/C21H20O12/c22-6-13-15(26)17(28)19(30)21(33-13)32-11-2-1-7(3-9(11)24)20-18(29)16(27)14-10(25)4-8(23)5-12(14)31-20/h1-5,13,15,17,19,21-26,28-30H,6H2/t13-,15-,17+,19-,21-/m1/s1	0.809899	InChI=1S/C21H20O12/c22-6-13-15(27)17(29)18(30)21(32-13)33-20-16(28)14-11(26)4-8(23)5-12(14)31-19(20)7-1-2-9(24)10(25)3-7/h1-5,13,15,17-18,21-27,29-30H,6H2	0.622	InChI=1S/C18H24O12S/c1-31-18(26)28-4-6-2-8(20)11-7(15(24)25)5-27-16(10(6)11)30-17-14(23)13(22)12(21)9(3-19)29-17/h2,5,8-14,16-17,19-23H,3-4H2,1H3,(H,24,25)	0.0102583413133864	0.7377049180327869	0.2738095238095238	0.2738095238095238	36.3758114131757	63	58
13	InChI=1S/C8H10N4O2/c1-10-4-9-6-5(10)7(13)12(3)8(14)11(6)2/h4H,1-3H3	0.6454462	InChI=1S/C8H10N4O2/c1-10-4-9-6-5(10)7(13)12(3)8(14)11(6)2/h4H,1-3H3	0.788	InChI=1S/C8H10N4O2/c1-10-4-9-6(13)5-7(10)12(3)8(14)11(5)2/h4H,1-3H3	0.4451611106748342	1.0	0.4705882352941176	0.4705882352941176	36.67315155337417	64	59
68	InChI=1S/C18H16O7/c1-22-10-7-12(20)15-14(8-10)25-17(18(24-3)16(15)21)9-4-5-11(19)13(6-9)23-2/h4-8,19-20H,1-3H3	0.700557	InChI=1S/C18H16O7/c1-22-10-7-12(20)15-14(8-10)25-17(18(24-3)16(15)21)9-4-5-11(19)13(6-9)23-2/h4-8,19-20H,1-3H3	0.68	InChI=1S/C18H16O7/c1-22-10-4-5-11-13(8-10)25-17(18(24-3)15(11)20)9-6-12(19)16(21)14(7-9)23-2/h4-8,19,21H,1-3H3	0.3216318321449409	1.0	0.5849056603773585	0.5849056603773585	40.22542998118011	65	60
9	InChI=1S/C10H12O4/c1-12-8-4-7(6-11)5-9(13-2)10(8)14-3/h4-6H,1-3H3	0.876587	InChI=1S/C10H12O4/c1-12-8-5-10(14-3)9(13-2)4-7(8)6-11/h4-6H,1-3H3	0.896	InChI=1S/C10H12O4/c1-5-4-6-2-3-7(11)9(12)8(6)10(13)14-5/h5-6,12H,2-4H2,1H3	0.3200550544225428	0.4642857142857143	0.0625	0.0638297872340425	42.97637881802819	66	61
17	InChI=1S/C14H9NO2/c1-8-6-7-15-12-11(8)13(16)9-4-2-3-5-10(9)14(12)17/h2-7H,1H3	0.952688	InChI=1S/C14H9NO2/c15-11-7-3-6-10-12(11)14(17)9-5-2-1-4-8(9)13(10)16/h1-7H,15H2	0.464	InChI=1S/C14H9NO2/c1-2-4-12-10(3-1)11-6-14-13(16-8-17-14)5-9(11)7-15-12/h1-7H,8H2	0.1474894332306365	0.4	0.1428571428571428	0.108695652173913	44.173801791538295	67	62
19	InChI=1S/C24H40N2/c1-16-20-8-9-22-19-7-6-17-14-18(25(3)4)10-12-23(17,2)21(19)11-13-24(20,22)15-26(16)5/h6,16,18-22H,7-15H2,1-5H3/t16-,18-,19+,20+,21-,22-,23-,24-/m0/s1	0.639997	InChI=1S/C24H40N2/c1-16-20-8-9-22-19-7-6-17-14-18(25(3)4)10-12-23(17,2)21(19)11-13-24(20,22)15-26(16)5/h6,16,18-22H,7-15H2,1-5H3	0.875	InChI=1S/C24H40N2/c1-16(25-4)20-9-10-21-19-8-7-17-15-18(26(5)6)11-13-23(17,2)22(19)12-14-24(20,21)3/h7,9,16,18-19,21-22,25H,8,10-15H2,1-6H3	0.3499812261424422	1.0	0.5166666666666667	0.5166666666666667	44.300737451561865	68	63
89	InChI=1S/C18H16O7/c1-6-14(22)12(8(3)20)16-13(15(6)23)18(4)10(25-16)5-9(21)11(7(2)19)17(18)24/h5,21-23H,1-4H3	0.693734	InChI=1S/C18H16O7/c1-6-14(22)12(8(3)20)16-13(15(6)23)18(4)10(25-16)5-9(21)11(7(2)19)17(18)24/h5,21-23H,1-4H3	0.852	InChI=1S/C18H16O7/c1-10(19)8-18(23)9-14(21)17-11(3-2-4-15(17)25-18)5-13-6-12(20)7-16(22)24-13/h2-4,6-7,20,23H,5,8-9H2,1H3	0.3593880688361898	1.0	0.1538461538461538	0.1538461538461538	47.36059794318808	69	64
11	InChI=1S/C21H22O6/c1-23-17-5-3-14(9-19(17)24-2)8-16-15(11-25-21(16)22)7-13-4-6-18-20(10-13)27-12-26-18/h3-6,9-10,15-16H,7-8,11-12H2,1-2H3	0.823642	InChI=1S/C21H22O6/c1-23-17-5-3-14(9-19(17)24-2)8-16-15(11-25-21(16)22)7-13-4-6-18-20(10-13)27-12-26-18/h3-6,9-10,15-16H,7-8,11-12H2,1-2H3	0.595	InChI=1S/C21H22O6/c1-24-17-7-6-14(11-18(17)25-2)20-16(12-23)15-9-13(5-4-8-22)10-19(26-3)21(15)27-20/h4-11,16,20,23H,12H2,1-3H3	0.4359270648570835	1.0	0.2676056338028169	0.2676056338028169	48.343032824285416	70	65
29	InChI=1S/C23H34O5/c1-21-7-5-15(24)10-14(21)3-4-17-18(21)11-19(25)22(2)16(6-8-23(17,22)27)13-9-20(26)28-12-13/h9,14-19,24-25,27H,3-8,10-12H2,1-2H3/t14-,15+,16-,17-,18+,19-,21+,22+,23+/m1/s1	0.835707	InChI=1S/C23H34O5/c1-21-7-5-15(24)10-14(21)3-4-17-16(21)6-8-22(2)20(13-9-19(26)28-12-13)18(25)11-23(17,22)27/h9,14-18,20,24-25,27H,3-8,10-12H2,1-2H3	0.971	InChI=1S/C23H34O5/c1-4-6-8-10-11-13-15-17-19(16-14-12-9-7-5-2)28-23-22(26)21(25)20(24)18(3)27-23/h5,15,17-26H,2,4,6-7,9,12,14,16H2,1,3H3	0.3226108752723734	0.6190476190476191	0.0625	0.0625	48.911337497151685	71	66
51	InChI=1S/C18H19NO5/c1-24-17-10-12(2-8-15(17)21)3-9-18(23)19-11-16(22)13-4-6-14(20)7-5-13/h2-10,16,20-22H,11H2,1H3,(H,19,23)/b9-3+	0.62165925	InChI=1S/C10H10O4/c1-14-9-6-7(2-4-8(9)11)3-5-10(12)13/h2-6,11H,1H3,(H,12,13)	0.903	InChI=1S/C10H10O4/c1-14-9-6-7(2-4-8(9)11)3-5-10(12)13/h2-6,11H,1H3,(H,12,13)	0.4270959958908098	0.5102040816326531	0.5102040816326531	1.0	50.941666734377165	72	67
53	InChI=1S/C16H12O5/c1-20-13-6-11(18)7-14-15(13)16(19)12(8-21-14)9-2-4-10(17)5-3-9/h2-8,17-18H,1H3	0.896656	InChI=1S/C16H12O5/c1-20-11-6-13(18)15-14(7-11)21-8-12(16(15)19)9-2-4-10(17)5-3-9/h2-8,17-18H,1H3	0.737	InChI=1S/C16H12O5/c1-20-11-4-2-9(3-5-11)14-8-13(19)16-12(18)6-10(17)7-15(16)21-14/h2-8,17-18H,1H3	0.4235107224227184	0.6818181818181818	0.3703703703703703	0.4509803921568627	51.73537906665905	73	68
1	InChI=1S/C15H24N2O2/c18-12-4-5-16-8-10-6-11(14(16)7-12)9-17-13(10)2-1-3-15(17)19/h10-14,18H,1-9H2	0.783404	InChI=1S/C15H24N2O2/c18-12-4-5-16-8-10-6-11(14(16)7-12)9-17-13(10)2-1-3-15(17)19/h10-14,18H,1-9H2	0.76	InChI=1S/C15H24N2O2/c18-11-7-10-8-17-13(4-1-5-14(17)19)12-3-2-6-16(9-11)15(10)12/h10-13,15,18H,1-9H2	0.4506162121743761	1.0	0.5208333333333334	0.5208333333333334	52.32909960668006	74	69
25	InChI=1S/C11H14N2O/c14-11-3-1-2-10-9-4-8(5-12-6-9)7-13(10)11/h1-3,8-9,12H,4-7H2/t8-,9+/m0/s1	0.6363182	InChI=1S/C11H14N2O/c14-11-3-1-2-10-9-4-8(5-12-6-9)7-13(10)11/h1-3,8-9,12H,4-7H2	0.983	InChI=1S/C11H14N2O/c1-12(2)7-9-8-13(14)11-6-4-3-5-10(9)11/h3-6,8,14H,7H2,1-2H3	0.4115255444744068	1.0	0.0909090909090909	0.0909090909090909	52.685340865229165	75	70
72	InChI=1S/C37H42N2O6/c1-38-15-13-26-20-36(43-4)37(44-5)22-29(26)30(38)16-23-6-9-27(10-7-23)45-35-18-24(8-11-32(35)40)17-31-28-21-33(41)34(42-3)19-25(28)12-14-39(31)2/h6-11,18-22,30-31,40-41H,12-17H2,1-5H3/t30-,31-/m1/s1	0.658266	InChI=1S/C37H42N2O6/c1-38-15-13-26-20-36(43-4)37(44-5)22-29(26)30(38)16-23-6-9-27(10-7-23)45-35-18-24(8-11-32(35)40)17-31-28-21-33(41)34(42-3)19-25(28)12-14-39(31)2/h6-11,18-22,30-31,40-41H,12-17H2,1-5H3	0.764	InChI=1S/C37H42N2O6/c1-38-15-13-26-20-35(43-4)33(41)21-28(26)30(38)16-23-6-9-27(10-7-23)45-37-18-24(8-11-34(37)42-3)17-31-29-22-36(44-5)32(40)19-25(29)12-14-39(31)2/h6-11,18-22,30-31,40-41H,12-17H2,1-5H3	0.2885879357713122	1.0	0.8518518518518519	0.8518518518518519	53.33607144042767	76	71
55	InChI=1S/C16H12O7/c1-22-11-4-7(2-3-9(11)18)16-15(21)14(20)13-10(19)5-8(17)6-12(13)23-16/h2-6,17-19,21H,1H3	0.743998	InChI=1S/C16H12O7/c1-22-11-4-7(2-3-9(11)18)16-15(21)14(20)13-10(19)5-8(17)6-12(13)23-16/h2-6,17-19,21H,1H3	0.836	InChI=1S/C16H12O7/c1-22-14-3-7(2-11(20)16(14)21)12-6-10(19)15-9(18)4-8(17)5-13(15)23-12/h2-6,17-18,20-21H,1H3	0.362468504070441	1.0	0.5294117647058824	0.5294117647058824	53.58990626521093	77	72
62	InChI=1S/C12H16N2O/c1-13-6-9-5-10(8-13)11-3-2-4-12(15)14(11)7-9/h2-4,9-10H,5-8H2,1H3	0.925107	InChI=1S/C12H16N2O/c1-15-8-7-13-9-10-3-2-4-12-11(10)5-6-14-12/h2-6,13-14H,7-9H2,1H3	0.045	InChI=1S/C12H16N2O/c1-13-6-9-5-10(8-13)11-3-2-4-12(15)14(11)7-9/h2-4,9-10H,5-8H2,1H3	0.4834472597093363	0.1	1.0	0.1	53.615557116861	78	73
71	InChI=1S/C15H18O2/c1-8-4-7-12-10(3)15(16)17-14(12)13-9(2)5-6-11(8)13/h11-14H,1-7H2/t11-,12-,13-,14-/m0/s1	0.7366878	InChI=1S/C11H16N2O2/c1-3-10-8(6-15-11(10)14)4-9-5-12-7-13(9)2/h5,7-8,10H,3-4,6H2,1-2H3	0.923	InChI=1S/C11H16N2O2/c1-3-10-8(6-15-11(10)14)4-9-5-12-7-13(9)2/h5,7-8,10H,3-4,6H2,1-2H3	0.4039166601836495	0.1034482758620689	0.1034482758620689	1.0	61.19317855583744	79	74
36	InChI=1S/C20H24O11/c1-5-12(24)28-11-8(22)18-10-6(21)7(16(2,3)4)17(18)9(23)13(25)30-15(17)31-20(18,14(26)29-10)19(5,11)27/h5-11,15,21-23,27H,1-4H3	0.719944	InChI=1S/C20H24O11/c1-5-12(24)28-11-8(22)18-10-6(21)7(16(2,3)4)17(18)9(23)13(25)30-15(17)31-20(18,14(26)29-10)19(5,11)27/h5-11,15,21-23,27H,1-4H3	0.982	InChI=1S/C20H24O11/c1-27-13-6-10(2-4-12(13)21)3-5-15(22)29-9-14-17(24)18(25)19(26)20(31-14)30-11-7-16(23)28-8-11/h2-6,11,14,17-21,24-26H,7-9H2,1H3	0.2291221335908302	1.0	0.101010101010101	0.101010101010101	62.00027980984568	80	75
35	InChI=1S/C20H24O10/c1-6-12(23)28-11-9(21)18-8-5-7(16(2,3)4)17(18)10(22)13(24)29-15(17)30-20(18,14(25)27-8)19(6,11)26/h6-11,15,21-22,26H,5H2,1-4H3/t6-,7?,8-,9-,10+,11+,15+,17+,18+,19-,20-/m1/s1	0.749182	InChI=1S/C20H24O10/c1-6-12(23)28-11-9(21)18-8-5-7(16(2,3)4)17(18)10(22)13(24)29-15(17)30-20(18,14(25)27-8)19(6,11)26/h6-11,15,21-22,26H,5H2,1-4H3	0.97	InChI=1S/C20H24O10/c1-20(26,8-27-19-18(25)17(24)16(23)13(7-21)30-19)14-5-10-4-9-2-3-15(22)29-11(9)6-12(10)28-14/h2-4,6,13-14,16-19,21,23-26H,5,7-8H2,1H3	0.1956011981860336	1.0	0.1368421052631579	0.1368421052631579	64.25520435487542	81	76
34	InChI=1S/C20H24O9/c1-7-12(22)26-10-6-17-9-5-8(16(2,3)4)18(17)11(21)13(23)28-15(18)29-20(17,14(24)27-9)19(7,10)25/h7-11,15,21,25H,5-6H2,1-4H3/t7-,8+,9-,10+,11+,15+,17-,18+,19-,20-/m1/s1	0.770877	InChI=1S/C20H24O9/c1-7-12(22)26-10-6-17-9-5-8(16(2,3)4)18(17)11(21)13(23)28-15(18)29-20(17,14(24)27-9)19(7,10)25/h7-11,15,21,25H,5-6H2,1-4H3	0.968	InChI=1S/C20H24O9/c1-8-4-12(21)20(27)18(3)10(8)5-13(29-20)19(7-28-17(26)15(18)19)11(6-14(22)23)9(2)16(24)25/h4,9-11,13,15,27H,5-7H2,1-3H3,(H,22,23)(H,24,25)	0.3399100769635602	1.0	0.1648351648351648	0.1648351648351648	66.76494045334732	82	77
76	InChI=1S/C27H30O16/c1-8-17(32)20(35)22(37)26(40-8)39-7-15-18(33)21(36)23(38)27(42-15)43-25-19(34)16-13(31)5-10(28)6-14(16)41-24(25)9-2-3-11(29)12(30)4-9/h2-6,8,15,17-18,20-23,26-33,35-38H,7H2,1H3/t8-,15+,17-,18+,20+,21-,22+,23+,26+,27-/m0/s1	0.728807	InChI=1S/C27H30O16/c1-8-17(32)20(35)22(37)26(40-8)39-7-15-18(33)21(36)23(38)27(42-15)43-25-19(34)16-13(31)5-10(28)6-14(16)41-24(25)9-2-3-11(29)12(30)4-9/h2-6,8,15,17-18,20-23,26-33,35-38H,7H2,1H3	0.832	InChI=1S/C27H30O16/c1-8-17(31)20(34)23(37)26(40-8)39-7-15-18(32)21(35)24(38)27(43-15)41-10-5-13(30)16-14(6-10)42-25(22(36)19(16)33)9-2-3-11(28)12(29)4-9/h2-6,8,15,17-18,20-21,23-24,26-32,34-38H,7H2,1H3	0.4267490413182746	1.0	0.7681159420289855	0.7681159420289855	67.09341838216847	83	78
78	InChI=1S/C15H18O3/c1-8-10-4-6-15(3)7-5-11(16)9(2)12(15)13(10)18-14(8)17/h5,7-8,10,13H,4,6H2,1-3H3/t8-,10-,13-,15-/m0/s1	0.837808	InChI=1S/C15H18O3/c1-8-10-4-6-15(3)7-5-11(16)9(2)12(15)13(10)18-14(8)17/h5,7-8,10,13H,4,6H2,1-3H3	0.87	InChI=1S/C15H18O3/c1-9(14(17)18)11-4-5-12-6-7-13(16)10(2)15(12,3)8-11/h5-7,10-11H,1,4,8H2,2-3H3,(H,17,18)	0.3999623542323637	1.0	0.171875	0.171875	68.44670722850475	84	79
49	InChI=1S/C27H35NO12/c1-4-14-16(8-18-15-9-20(32)19(31)7-13(15)5-6-28(18)12(2)30)17(25(36)37-3)11-38-26(14)40-27-24(35)23(34)22(33)21(10-29)39-27/h4,7,9,11,14,16,18,21-24,26-27,29,31-35H,1,5-6,8,10H2,2-3H3/t14-,16+,18-,21-,22-,23+,24-,26+,27+/m1/s1	0.777053	InChI=1S/C27H35NO12/c1-4-14-16(8-18-15-9-20(32)19(31)7-13(15)5-6-28(18)12(2)30)17(25(36)37-3)11-38-26(14)40-27-24(35)23(34)22(33)21(10-29)39-27/h4,7,9,11,14,16,18,21-24,26-27,29,31-35H,1,5-6,8,10H2,2-3H3	0.936	InChI=1S/C27H35NO12/c1-4-15-17(8-14-7-16-13(9-28(14)12(2)30)5-6-19(31)21(16)32)18(25(36)37-3)11-38-26(15)40-27-24(35)23(34)22(33)20(10-29)39-27/h4-6,11,14-15,17,20,22-24,26-27,29,31-35H,1,7-10H2,2-3H3	0.1364601675789697	1.0	0.6404494382022472	0.6404494382022472	75.24860808657525	85	80
60	InChI=1S/C21H20O12/c1-6-14(26)17(29)18(30)21(31-6)33-20-16(28)13-9(23)4-8(22)5-12(13)32-19(20)7-2-10(24)15(27)11(25)3-7/h2-6,14,17-18,21-27,29-30H,1H3/t6-,14-,17+,18+,21-/m0/s1	0.855941	InChI=1S/C21H20O12/c1-6-14(26)17(29)18(30)21(31-6)33-20-16(28)13-9(23)4-8(22)5-12(13)32-19(20)7-2-10(24)15(27)11(25)3-7/h2-6,14,17-18,21-27,29-30H,1H3	0.75	InChI=1S/C21H20O12/c1-6-14(25)17(28)19(30)21(31-6)32-8-4-9(22)13-12(5-8)33-20(18(29)16(13)27)7-2-10(23)15(26)11(24)3-7/h2-6,14,17,19,21-26,28-30H,1H3	0.3923482036630292	1.0	0.7321428571428571	0.7321428571428571	76.27967331580336	86	81
47	InChI=1S/C21H20O12/c22-6-13-15(26)17(28)19(30)21(33-13)32-11-2-1-7(3-9(11)24)20-18(29)16(27)14-10(25)4-8(23)5-12(14)31-20/h1-5,13,15,17,19,21-26,28-30H,6H2/t13-,15-,17+,19-,21-/m1/s1	0.918962	InChI=1S/C21H20O12/c22-6-13-15(27)17(29)18(30)21(32-13)33-20-16(28)14-11(26)4-8(23)5-12(14)31-19(20)7-1-2-9(24)10(25)3-7/h1-5,13,15,17-18,21-27,29-30H,6H2	0.745	InChI=1S/C21H20O12/c22-6-13-15(27)17(29)18(30)21(32-13)33-20-16(28)14-11(26)4-8(23)5-12(14)31-19(20)7-1-2-9(24)10(25)3-7/h1-5,13,15,17-18,21-27,29-30H,6H2	0.4225543549463608	0.7377049180327869	0.7377049180327869	1.0	83.9569415094094	87	82
80	InChI=1S/C10H8O4/c1-13-9-5-8-6(4-7(9)11)2-3-10(12)14-8/h2-5,11H,1H3	0.944674	InChI=1S/C10H8O4/c1-13-9-4-6-2-3-10(12)14-8(6)5-7(9)11/h2-5,11H,1H3	0.911	InChI=1S/C10H8O4/c11-5-7-4-6-2-1-3-8(12)9(6)10(13)14-7/h1-4,11-12H,5H2	0.4458954385966313	0.9032258064516128	0.2553191489361702	0.25	84.7721965593426	88	83
8	InChI=1S/C15H11N5/c16-15-18-8-6-12(20-15)14-13-10(5-7-17-14)9-3-1-2-4-11(9)19-13/h1-8,19H,(H2,16,18,20)	0.798883	InChI=1S/C15H11N5/c16-15-18-8-6-12(20-15)14-13-10(5-7-17-14)9-3-1-2-4-11(9)19-13/h1-8,19H,(H2,16,18,20)	0.846	InChI=1S/C15H11N5/c16-15-18-8-6-12(20-15)14-13-10(5-7-17-14)9-3-1-2-4-11(9)19-13/h1-8,19H,(H2,16,18,20)	0.3428939410137855	1.0	1.0	1.0	92.40916669470003	89	84
48	InChI=1S/C16H14O4/c1-10(2)5-7-19-16-14-12(6-8-18-14)9-11-3-4-13(17)20-15(11)16/h3-6,8-9H,7H2,1-2H3	0.700213	InChI=1S/C16H14O4/c1-10(2)5-7-19-16-14-12(6-8-18-14)9-11-3-4-13(17)20-15(11)16/h3-6,8-9H,7H2,1-2H3	0.906	InChI=1S/C16H14O4/c1-10(2)5-7-19-16-14-12(6-8-18-14)9-11-3-4-13(17)20-15(11)16/h3-6,8-9H,7H2,1-2H3	0.4618044749672335	1.0	1.0	1.0	92.76608018610742	90	85
79	InChI=1S/C17H21NO4/c1-18-13-7-11(8-14(18)16-15(13)22-16)21-17(20)12(9-19)10-5-3-2-4-6-10/h2-6,11-16,19H,7-9H2,1H3	0.651046	InChI=1S/C17H21NO4/c1-18-13-7-11(8-14(18)16-15(13)22-16)21-17(20)12(9-19)10-5-3-2-4-6-10/h2-6,11-16,19H,7-9H2,1H3	0.971	InChI=1S/C17H21NO4/c1-18-13-7-11(8-14(18)16-15(13)22-16)21-17(20)12(9-19)10-5-3-2-4-6-10/h2-6,11-16,19H,7-9H2,1H3	0.218366620722857	1.0	1.0	1.0	93.00993605946609	91	86
32	InChI=1S/C15H21N3O2/c1-15-7-8-17(3)13(15)18(4)12-6-5-10(9-11(12)15)20-14(19)16-2/h5-6,9,13H,7-8H2,1-4H3,(H,16,19)	0.638646	InChI=1S/C15H21N3O2/c1-15-7-8-17(3)13(15)18(4)12-6-5-10(9-11(12)15)20-14(19)16-2/h5-6,9,13H,7-8H2,1-4H3,(H,16,19)	0.998	InChI=1S/C15H21N3O2/c1-15-7-8-17(3)13(15)18(4)12-6-5-10(9-11(12)15)20-14(19)16-2/h5-6,9,13H,7-8H2,1-4H3,(H,16,19)	0.3210943245326461	1.0	1.0	1.0	97.1957571981594	92	87
64	InChI=1S/C11H14N2/c1-12-7-6-9-8-13-11-5-3-2-4-10(9)11/h2-5,8,12-13H,6-7H2,1H3	0.741162	InChI=1S/C11H14N2/c1-12-7-6-9-8-13-11-5-3-2-4-10(9)11/h2-5,8,12-13H,6-7H2,1H3	0.972	InChI=1S/C11H14N2/c1-12-7-6-9-8-13-11-5-3-2-4-10(9)11/h2-5,8,12-13H,6-7H2,1H3	0.5706653672581533	1.0	1.0	1.0	114.72942382275724	93	88
12	InChI=1S/C9H8O4/c10-7-3-1-6(5-8(7)11)2-4-9(12)13/h1-5,10-11H,(H,12,13)/b4-2+	0.812745	InChI=1S/C9H8O4/c10-7-3-1-6(5-8(7)11)2-4-9(12)13/h1-5,10-11H,(H,12,13)	0.933	InChI=1S/C9H8O4/c10-7-3-1-6(5-8(7)11)2-4-9(12)13/h1-5,10-11H,(H,12,13)	0.51145703365663	1.0	1.0	1.0	116.19661321612112	94	89
56	InChI=1S/C15H10O6/c16-8-3-1-7(2-4-8)15-14(20)13(19)12-10(18)5-9(17)6-11(12)21-15/h1-6,16-18,20H	0.914008	InChI=1S/C15H10O6/c16-8-3-1-7(2-4-8)15-14(20)13(19)12-10(18)5-9(17)6-11(12)21-15/h1-6,16-18,20H	0.861	InChI=1S/C15H10O6/c16-8-3-1-7(2-4-8)15-14(20)13(19)12-10(18)5-9(17)6-11(12)21-15/h1-6,16-18,20H	0.3916376708453667	1.0	1.0	1.0	121.1515938241606	95	90
59	InChI=1S/C16H23NO6/c1-9-13(18)23-11-5-7-17-6-4-10(12(11)17)8-22-14(19)16(3,21)15(9,2)20/h4,9,11-12,20-21H,5-8H2,1-3H3/t9-,11+,12+,15+,16-/m0/s1	0.815385	InChI=1S/C16H23NO6/c1-9-13(18)23-11-5-7-17-6-4-10(12(11)17)8-22-14(19)16(3,21)15(9,2)20/h4,9,11-12,20-21H,5-8H2,1-3H3	0.994	InChI=1S/C16H23NO6/c1-9-13(18)23-11-5-7-17-6-4-10(12(11)17)8-22-14(19)16(3,21)15(9,2)20/h4,9,11-12,20-21H,5-8H2,1-3H3	0.3103497643868868	1.0	1.0	1.0	121.92844481803924	96	91
15	*	0.04226958	InChI=1S/C24H26N6O2/c1-2-5-20-19(4-1)18(15-26-20)16-30-9-3-6-21(30)24-27-23(28-32-24)17-7-8-25-22(14-17)29-10-12-31-13-11-29/h1-2,4-5,7-8,14-15,21,26H,3,6,9-13,16H2	0.145	InChI=1S/C23H30N2O6/c1-30-22-19(26)8-13(9-20(22)27)23(29)31-16-5-6-24-11-14-7-15(18(24)10-16)12-25-17(14)3-2-4-21(25)28/h8-9,14-18,26-27H,2-7,10-12H2,1H3	0.4270149929702512	0.25	0.25	0.1238095238095238	-4.079729235148744	6	92
24	*	0.0539388	InChI=1S/C23H23N3O3/c1-2-8-21(27)26(17-20-12-7-14-29-20)22(19-11-6-13-24-16-19)23(28)25-15-18-9-4-3-5-10-18/h2-14,16,22H,15,17H2,1H3,(H,25,28)	0.246	InChI=1S/C23H23N3O3/c1-25-14-19(24-15-25)18-13-26(2)22(27)20(18)21(16-9-5-3-6-10-16)29-23(28)17-11-7-4-8-12-17/h3-12,14-15,18,20-21H,13H2,1-2H3	0.2800056661306314	0.25	0.25	0.1630434782608695	-3.995604917336711	7	93
16	*	0.03910446	InChI=1S/C24H32N2O5/c1-29-17-8-9-19(21(14-17)30-2)23-20-7-3-4-10-24(20,28)11-12-26(23)16-22(27)25-15-18-6-5-13-31-18/h5-6,8-9,13-14,20,23,28H,3-4,7,10-12,15-16H2,1-2H3,(H,25,27)	0.389	InChI=1S/C24H32N2O5/c1-29-21-7-6-15(11-22(21)30-2)24(28)31-18-8-9-25-13-16-10-17(20(25)12-18)14-26-19(16)4-3-5-23(26)27/h6-7,11,16-20H,3-5,8-10,12-14H2,1-2H3	0.407068553819863	0.25	0.25	0.1782178217821782	-3.601112630900685	9	94
23	*	0.07346608	InChI=1S/C33H42N6O6/c1-20(2)28-33(45)37-25(18-23-13-8-5-9-14-23)31(43)36-24(17-22-11-6-4-7-12-22)30(42)35-21(3)29(41)34-19-27(40)39-16-10-15-26(39)32(44)38-28/h4-9,11-14,20-21,24-26,28H,10,15-19H2,1-3H3,(H,34,41)(H,35,42)(H,36,43)(H,37,45)(H,38,44)	0.845	InChI=1S/C31H52Cl2N2O6/c1-4-6-14-18-26-24-27(19-15-7-5-2)41-35(34-26)29(36)22-23-39-31(38)25(3)40-30(37)21-17-13-11-9-8-10-12-16-20-28(32)33/h13,17,25,27-28H,4-12,14-16,18-24H2,1-3H3	0.0126825630884866	0.25	0.25	0.125	3.713014003860607	30	95
73	*	0.5788768	InChI=1S/C18H35NO3/c1-2-3-4-5-6-7-8-9-10-11-12-16(21)13-14-18(22)17(19)15-20/h16-18,20-22H,2-12,15,19H2,1H3	0.554	InChI=1S/C18H35NO3/c1-2-3-6-10-16(21)11-8-5-4-7-9-15-12-13-18(22)17(14-20)19-15/h15,17-20,22H,2-14H2,1H3	0.4286469456567041	0.25	0.25	0.1818181818181818	8.838306728283518	40	96
