ID	inchi_gnps	score_gnps	inchi_sirius	score_sirius	inchi_isdb	score_isdb	tgs	tgi	tsi	K	ranking by k
91	InChI=1S/C26H40O8/c1-15-5-8-19-25(2,14-33-24-22(30)21(29)20(28)18(13-27)34-24)10-4-11-26(19,3)17(15)7-6-16-9-12-32-23(16)31/h9,17-22,24,27-30H,1,4-8,10-14H2,2-3H3/t17-,18-,19-,20-,21+,22-,24-,25+,26+/m1/s1	0.045815152500000005	InChI=1S/C32H56O11/c1-15(13-42-29-27(40)24(37)19(35)14-43-29)6-5-7-16(2)21-25(38)26(39)28-31(21,4)11-9-20-30(3)10-8-17(33)23(36)22(30)18(34)12-32(20,28)41/h15-29,33-41H,5-14H2,1-4H3	0.1432834039078272	InChI=1S/C27H33ClN4O2/c1-19(2)18-34-25-11-10-24(28)15-23(25)17-32-20(3)14-26(30-32)29-27(33)22-8-6-21(7-9-22)16-31-12-4-5-13-31/h6-11,14-15,19H,4-5,12-13,16-18H2,1-3H3,(H,29,30,33)	0.04828298078179152	0.17592592592592593	0.10434782608695652	0.07964601769911504	-4.623286239253193	1
50	InChI=1S/C12H16O5/c1-15-9-6-8(4-5-11(13)14)7-10(16-2)12(9)17-3/h6-7H,4-5H2,1-3H3,(H,13,14)	0.1071049999999999	InChI=1S/C21H34O/c1-20-12-4-3-5-15(20)6-8-17-18-9-7-16(11-14-22)21(18,2)13-10-19(17)20/h14-19H,3-13H2,1-2H3	0.1696294031022113	InChI=1S/C16H19NO2/c18-13-3-1-11-5-7-17-8-6-12-2-4-14(19)10-16(12,17)15(11)9-13/h1-3,9,14,18-19H,4-8,10H2	0.11274553334133831	0.04918032786885246	0.06557377049180328	0.056338028169014086	-3.8639445755678	2
23	InChI=1S/C33H46O11/c1-11-15(2)27(42-18(5)35)16(3)22-24(36)29-23(25(37)28(22)40-10)26(38)30-32(8,44-29)13-12-19-33(30,9)21(41-17(4)34)14-20(43-19)31(6,7)39/h11,16,19-21,26-27,30,38-39H,12-14H2,1-10H3/b15-11+	0.1549549999999999	InChI=1S/C23H23N3O3/c1-23-21-17(16-8-4-5-9-18(16)24-21)11-12-26(23)20(27)14-25(22(23)28)13-15-7-3-6-10-19(15)29-2/h3-10,24H,11-14H2,1-2H3	0.0706209084838025	InChI=1S/C34H42N4O7/c1-8-21-16(2)26(37-34(21)44)13-24-17(3)22(9-11-30(39)40)27(35-24)15-28-23(10-12-31(41)42)18(4)25(36-28)14-29-32(20(6)45-7)19(5)33(43)38-29/h13-15,19-20,32,35H,8-12H2,1-7H3,(H,37,44)(H,38,43)(H,39,40)(H,41,42)	0.02475826143577331	0.11206896551724138	0.11363636363636363	0.11504424778761062	-3.742949901995778	3
16	InChI=1S/C25H34O7/c1-13-6-7-20-23(3,4)22(30)19(31-14(2)28)10-24(20,5)25(13)9-16-18(29)8-15(11-26)17(12-27)21(16)32-25/h8,12-13,19-20,22,26,29-30H,6-7,9-11H2,1-5H3	0.164013	InChI=1S/C14H9NO2/c15-11-7-3-6-10-12(11)14(17)9-5-2-1-4-8(9)13(10)16/h1-7H,15H2	0.3633416581909436	InChI=1S/C25H32O6/c1-9-15(5)24(28)30-21(12-11-14(3)4)17(7)19-13-20(26)18(8)23(22(19)27)31-25(29)16(6)10-2/h9-11,13,21,26-27H,7,12H2,1-6,8H3	0.056327210139398995	0.037037037037037035	0.14736842105263157	0.06153846153846154	-2.881106841848392	4
96	InChI=1S/C32H36N4O3/c1-6-31(4,5)27-21(20-11-7-8-13-23(20)33-27)16-24-29(38)36-25(28(37)34-24)17-32(39)22-12-9-10-19(15-14-18(2)3)26(22)35-30(32)36/h6-14,24-25,30,33,35,39H,1,15-17H2,2-5H3,(H,34,37)/t24-,25-,30+,32-/m0/s1	0.221073	InChI=1S/C15H8O6/c16-9-3-1-2-7-11(9)14(19)12-8(13(7)18)4-6(15(20)21)5-10(12)17/h1-5,16-17H,(H,20,21)	0.2730876040113539	InChI=1S/C31H40O7/c1-7-16(2)27(35)38-26-24-25-28(3,15-37-24)21(32)13-23(34)31(25,6)20-12-22(33)29(4)18(17-10-11-36-14-17)8-9-19(29)30(20,26)5/h7,9-11,14,18,20-21,23-26,32,34H,8,12-13,15H2,1-6H3	0.05684327895835124	0.09183673469387756	0.09923664122137404	0.08791208791208792	-2.5354968912736764	5
15	InChI=1S/C22H32O7/c1-11-13-8-15(25)29-22(13,27)9-14-16(11)17(26)18(28-12(2)24)19-20(3,10-23)6-5-7-21(14,19)4/h8,11,14,16-19,23,26-27H,5-7,9-10H2,1-4H3	0.239528	InChI=1S/C24H32N2O5/c1-29-17-8-9-19(21(14-17)30-2)23-20-7-3-4-10-24(20,28)11-12-26(23)16-22(27)25-15-18-6-5-13-31-18/h5-6,8-9,13-14,20,23,28H,3-4,7,10-12,15-16H2,1-2H3,(H,25,27)	0.3525026852849977	InChI=1S/C24H30O7/c1-14(25)30-13-23(2)10-9-19(26)24(3)17-12-29-22(28)16(17)11-18(20(23)24)31-21(27)15-7-5-4-6-8-15/h4-8,16-20,26H,9-13H2,1-3H3	0.04748916439528341	0.1619047619047619	0.23404255319148937	0.1509433962264151	-2.1641018312934013	6
39	InChI=1S/C20H35N3/c1-3-9-21-18(8-1)20-13-16(12-15-6-5-10-22-19(15)20)17-7-2-4-11-23(17)14-20/h15-19,21-22H,1-14H2/t15-,16+,17+,18+,19+,20+/m0/s1	0.259209	InChI=1S/C21H30O/c1-14(22)17-9-10-18-16-8-7-15-6-4-5-12-20(15,2)19(16)11-13-21(17,18)3/h7,9,16,18-19H,4-6,8,10-13H2,1-3H3	0.315040919033345	InChI=1S/C17H35NO4/c1-2-3-4-5-6-7-8-9-14(20)10-13-11-16(21)17(22)15(12-19)18-13/h13-22H,2-12H2,1H3	0.09882725365821415	0.08108108108108109	0.0547945205479452	0.06944444444444445	-1.9967736353438696	7
94	InChI=1S/C42H46N4O6/c1-5-39-12-8-16-45-17-14-42(37(39)45)27-19-23(31(48)20-28(27)43-33(42)24(21-39)35(49)51-3)29-11-13-40(6-2)22-25(36(50)52-4)34-41(15-18-46(29)38(40)41)26-9-7-10-30(47)32(26)44-34/h7-13,19-20,29,37-38,43-44,47-48H,5-6,14-18,21-22H2,1-4H3/t29-,37+,38+,39+,40+,41+,42+/m1/s1	0.3420494999999999	InChI=1S/C36H54N4O13/c1-4-23-24(11-10-21-16-40(13-15-42)17-25(32(46)47)28(21)39-36(37)38-12-7-14-41)26(33(48)51-22-8-5-6-9-22)19-49-34(23)53-35-31(50-20(2)3)30(45)29(44)27(18-43)52-35/h4,10-11,16,19-20,22-24,27,29-31,34-35,41-45H,1,5-9,12-15,17-18H2,2-3H3,(H,46,47)(H3,37,38,39)	0.0314962978363244	InChI=1S/C36H62O11S/c1-19-26-20-9-10-23-32(4)13-12-25(46-30-29(47-48(42,43)44)28(40)27(39)21(18-37)45-30)31(2,3)22(32)11-14-34(23,6)35(20,7)17-24(38)33(26,5)15-16-36(19,8)41/h19-30,37-41H,9-18H2,1-8H3,(H,42,43,44)	0.07349820022976943	0.10191082802547771	0.07246376811594203	0.176056338028169	-1.9088915051219781	8
46	InChI=1S/C31H38O5/c1-18(2)8-9-21-14-22(15-24(32)28(21)35-7)23-11-12-30-17-25(20(5)6)36-27(30)16-26(33)31(23,29(30)34)13-10-19(3)4/h8,10,14-16,23,25,32H,5,9,11-13,17H2,1-4,6-7H3/t23-,25+,30+,31+/m0/s1	0.27838882499999995	InChI=1S/C21H20O12/c22-6-13-15(27)17(29)18(30)21(32-13)33-20-16(28)14-11(26)4-8(23)5-12(14)31-19(20)7-1-2-9(24)10(25)3-7/h1-5,13,15,17-18,21-27,29-30H,6H2	0.3154911508606886	InChI=1S/C29H46O6/c1-6-18-8-10-22-21-9-7-19-15-20(11-13-29(19,5)23(21)12-14-28(18,22)4)35-27-25(32)24(31)26(16(2)33-27)34-17(3)30/h6,16,18-27,31-32H,1,7-15H2,2-5H3	0.10950128154685312	0.13725490196078433	0.14018691588785046	0.10891089108910891	-1.7905072709147127	9
6	InChI=1S/C16H15NO2/c1-19-15-10-8-14(9-11-15)17-16(18)12-7-13-5-3-2-4-6-13/h2-12H,1H3,(H,17,18)/b12-7+	0.328133	InChI=1S/C26H29NO4/c1-28-24-13-20(9-10-23(24)31-18-19-7-5-4-6-8-19)16-27-12-11-21-14-25(29-2)26(30-3)15-22(21)17-27/h4-10,13-15H,11-12,16-18H2,1-3H3	0.0619182818710621	InChI=1S/C13H19NO4/c1-2-3-4-10-5-6-12(14-7-10)13(17)18-9-11(16)8-15/h5-7,11,15-16H,2-4,8-9H2,1H3	0.22140493440882136	0.15151515151515152	0.12307692307692308	0.12162162162162163	-1.787118127311318	10
73	InChI=1S/C18H35NO3/c1-2-3-4-5-6-7-8-9-10-11-12-13-14-15-17(20)19-16-18(21)22/h2-16H2,1H3,(H,19,20)(H,21,22)	0.260717	InChI=1S/C33H40N4O7/c1-7-17-13(3)20(11-23-18(8-2)15(5)32(42)36-23)34-22(17)12-21-16(6)25-29(35-21)26(31(41)30(25)40)28-19(9-10-24(38)39)14(4)27(37-28)33(43)44/h8,14,19,23,25,27,29,34-35,37H,2,7,9-12H2,1,3-6H3,(H,36,42)(H,38,39)(H,43,44)	0.192696586647372	InChI=1S/C18H35NO3/c1-2-3-6-10-16(21)11-8-5-4-7-9-15-12-13-18(22)17(14-20)19-15/h15,17-20,22H,2-14H2,1H3	0.4346118885017925	0.0967741935483871	0.2708333333333333	0.09523809523809523	-1.7380290908726073	11
92	InChI=1S/C35H58O9/c1-19(2)32-24(7)27(36)18-35(40,44-32)26(9)31(38)25(8)33-28(41-10)14-12-13-20(3)15-22(5)30(37)23(6)16-21(4)17-29(42-11)34(39)43-33/h12-14,16-17,19,22-28,30-33,36-38,40H,15,18H2,1-11H3/b14-12+,20-13+,21-16+,29-17-/t22-,23+,24-,25-,26-,27+,28-,30-,31+,32+,33+,35+/m0/s1	0.145016	InChI=1S/C40H49N4O5/c1-4-25-23-44(47)18-14-37-22-26-19-29-30(41-39-13-12-36(5-2)11-8-16-43(39,24-36)17-15-38(29,39)46)21-32(26)49-40(37)33(44)20-27(25)34(35(45)48-3)42(40)31-10-7-6-9-28(31)37/h4,6-7,9-10,19,21,27,33-34,41,46H,5,8,11-18,20,22-24H2,1-3H3/q+1	0.5197389824578957	InChI=1S/C41H48N4O3/c1-4-37-12-8-19-44-21-17-40(36(37)44)28-10-6-7-11-31(28)45-25-26-22-29-30(23-32(26)48-41(40,45)15-14-37)42-33-27(34(46)47-3)24-38(5-2)13-9-18-43-20-16-39(29,33)35(38)43/h6-7,9-11,13,22-23,35-36,42H,4-5,8,12,14-21,24-25H2,1-3H3	0.11433154122183539	0.0915032679738562	0.08843537414965986	0.2534246575342466	-1.7095357488937482	12
93	InChI=1S/C40H46N4O4/c1-4-37-13-14-40-24(12-16-43(36(37)40)20-28-32(37)47-28)22-18-21(10-11-26(22)42-40)29-30-33(48-30)38(5-2)19-23(34(45)46-3)31-39(15-17-44(29)35(38)39)25-8-6-7-9-27(25)41-31/h6-11,18,24,28-30,32-33,35-36,41-42H,4-5,12-17,19-20H2,1-3H3/t24-,28+,29-,30+,32+,33+,35-,36-,37+,38+,39-,40+/m0/s1	0.356873	InChI=1S/C39H58N2O5S2/c1-23-28-14-25(39(46)30-16-33(43)31-17-34(44)35(45)19-37(31,4)27(30)10-11-38(28,39)5)20-47-48-21-26(41-13-12-40-22-41)18-36(2,3)29(15-32(23)42)24-8-6-7-9-24/h12-13,16,22-23,25-28,31-32,34-35,42,44-46H,6-11,14-15,17-21H2,1-5H3	0.0454563223669167	InChI=1S/C35H50O11/c1-11-14-28(39)45-32-26-17-25(44-31(40)20(5)13-3)18-27-34(10,16-15-19(4)12-2)21(6)29(41-22(7)36)30(42-23(8)37)35(26,27)33(46-32)43-24(9)38/h12,17,20-21,25,27,29-30,32-33H,2,4,11,13-16,18H2,1,3,5-10H3	0.1316932567855343	0.10135135135135136	0.10273972602739725	0.10144927536231885	-1.6530126231007904	13
5	InChI=1S/C12H19N3O/c1-9(2)15-12(16)11-6-4-10(5-7-11)8-14-13-3/h4-7,9,13-14H,8H2,1-3H3,(H,15,16)	0.277591	InChI=1S/C39H54N10O14S/c1-4-16(2)31-36(60)42-11-29(55)43-25-15-64(63)38-21(20-6-5-18(51)7-22(20)46-38)9-23(33(57)41-12-30(56)47-31)44-37(61)32(17(3)27(53)14-50)48-35(59)26-8-19(52)13-49(26)39(62)24(10-28(40)54)45-34(25)58/h5-7,16-17,19,23-27,31-32,46,50-53H,4,8-15H2,1-3H3,(H2,40,54)(H,41,57)(H,42,60)(H,43,55)(H,44,61)(H,45,58)(H,47,56)(H,48,59)	0.3121169786352297	InChI=1S/C13H19NO2/c1-9-12-10(7-8-14(9)2)5-6-11(15-3)13(12)16-4/h5-6,9H,7-8H2,1-4H3	0.27070244701442375	0.09401709401709402	0.10714285714285714	0.06557377049180328	-1.6054194946438964	14
41	InChI=1S/C21H35NO/c1-3-4-5-6-7-8-12-15-19-17-21(23)20(22(19)2)16-18-13-10-9-11-14-18/h9-11,13-14,19-21,23H,3-8,12,15-17H2,1-2H3	0.272451	InChI=1S/C21H30O/c1-14(22)17-9-10-18-16-8-7-15-6-4-5-12-20(15,2)19(16)11-13-21(17,18)3/h7,9,16,18-19H,4-6,8,10-13H2,1-3H3	0.4058128792182575	InChI=1S/C17H35NO4/c1-2-3-4-5-6-7-8-9-14(20)10-13-11-16(21)17(22)15(12-19)18-13/h13-22H,2-12H2,1H3	0.15169704380799912	0.08333333333333333	0.25	0.06944444444444445	-1.5277399030574266	15
27	InChI=1S/C13H20O3/c14-12-10-8-6-4-2-1-3-5-7-9-11-13(15)16/h4,6,8,10,12H,1-3,5,7,9,11H2,(H,15,16)	0.351576	InChI=1S/C21H34/c1-14(2)17-8-7-16(4)18-10-11-20(5,6)21(18)12-9-15(3)13-19(17)21/h13-14,17,19H,7-12H2,1-6H3	0.0613462793734984	InChI=1S/C13H18O3/c1-4-16-9-5-6-11-7-8-12(14-2)13(10-11)15-3/h5-8,10H,4,9H2,1-3H3	0.2816458147271722	0.0	0.057692307692307696	0.046875	-1.4788170331572887	16
4	InChI=1S/C20H27NO3/c1-8-3-19-6-10-15-18(2)4-9(22)5-20(15)16(19)14(24)11(8)13(23)12(19)17(20)21(10)7-18/h9-17,22-24H,1,3-7H2,2H3	0.35947762499999997	InChI=1S/C24H28N6O5/c1-35-18-7-2-6-17(13-18)27-24(34)29-11-12-30(23(33)16-5-3-9-25-14-16)20(15-29)22(32)28-19-8-4-10-26-21(19)31/h2-3,5-7,9,13-14,19-20H,4,8,10-12,15H2,1H3,(H,26,31)(H,27,34)(H,28,32)	0.036065781555718	InChI=1S/C22H35NO/c1-14(23-4)18-7-8-19-17-6-5-15-13-16(24)9-11-21(15,2)20(17)10-12-22(18,19)3/h13-14,17-20,23H,5-12H2,1-4H3	0.4050470807046803	0.07547169811320754	0.07142857142857142	0.10679611650485436	-1.2898238925873036	17
45	InChI=1S/C21H35NO.ClH/c1-7-21(5,6)20-10-8-19(9-11-20)12-16(2)13-22-14-17(3)23-18(4)15-22;/h8-11,16-18H,7,12-15H2,1-6H3;1H/t16?,17-,18+;	0.3442199999999999	InChI=1S/C30H42N4O2/c1-31-17-11-21-33(29(35)23-27(31)25-13-5-3-6-14-25)19-9-10-20-34-22-12-18-32(2)28(24-30(34)36)26-15-7-4-8-16-26/h3-8,13-16,27-28H,9-12,17-24H2,1-2H3	0.1312171734220335	InChI=1S/C22H37NO/c1-14(24-4)18-7-8-19-17-6-5-15-13-16(23)9-11-21(15,2)20(17)10-12-22(18,19)3/h5-6,14-20H,7-13,23H2,1-4H3	0.38207591389772727	0.11940298507462686	0.08	0.08571428571428572	-1.2521621740727578	18
43	InChI=1S/C21H35NO.ClH/c1-7-21(5,6)20-10-8-19(9-11-20)12-16(2)13-22-14-17(3)23-18(4)15-22;/h8-11,16-18H,7,12-15H2,1-6H3;1H/t16?,17-,18+;	0.337377	InChI=1S/C22H35NO/c1-14(23-4)15-9-11-21(2)16(13-15)5-6-17-18-7-8-20(24)22(18,3)12-10-19(17)21/h5,14-15,17-19,23H,6-13H2,1-4H3	0.1966207325318092	InChI=1S/C22H37NO/c1-14(24-4)18-7-8-19-17-6-5-15-13-16(23)9-11-21(15,2)20(17)10-12-22(18,19)3/h5-6,14-20H,7-13,23H2,1-4H3	0.3831432959927458	0.10666666666666667	0.08	0.18309859154929578	-1.1557490486795448	19
77	InChI=1S/C19H16O4/c20-16-7-1-14(2-8-16)5-11-18(22)13-19(23)12-6-15-3-9-17(21)10-4-15/h1-12,20-21H,13H2	0.405785	InChI=1S/C13H16N3O2/c1-9-5-4-6-11(7-9)14-13(17)12-10(2)15(3)8-16(12)18/h4-8,18H,1-3H3,(H,14,17)	0.0091772075601306	InChI=1S/C15H16O7/c1-7-5-10(18)15(21)13(20)11-8(17)3-2-4-9(11)22-14(15,6-16)12(7)19/h2-4,7,10,16-18,21H,5-6H2,1H3	0.17285747070035998	0.07547169811320754	0.11666666666666667	0.0958904109589041	-1.0295851427242229	20
40	InChI=1S/C17H30O4/c1-3-4-5-6-7-8-9-10-11-12-14-15(16(18)19)13(2)17(20)21-14/h13-15H,3-12H2,1-2H3,(H,18,19)/t13?,14?,15-/m1/s1	0.346957	InChI=1S/C21H32O/c1-4-14-6-8-18-17-7-5-15-13-16(22)9-11-21(15,3)19(17)10-12-20(14,18)2/h4-5,16-19,22H,6-13H2,1-3H3	0.355158445185268	InChI=1S/C21H33NO/c1-2-3-4-5-6-7-8-9-10-14-17-21(23)22-19-18-20-15-12-11-13-16-20/h7-8,11-13,15-16H,2-6,9-10,14,17-19H2,1H3,(H,22,23)	0.22608035968970083	0.06060606060606061	0.19642857142857142	0.08695652173913043	-0.8599334374247039	21
3	InChI=1S/C19H36O4/c1-3-4-5-6-7-8-9-10-11-12-13-14-19(23-17(2)21)15-18(22)16-20/h3,18-20,22H,1,4-16H2,2H3	0.323265	InChI=1S/C22H35NO/c1-14(23-4)15-9-11-21(2)16(13-15)5-6-17-18-7-8-20(24)22(18,3)12-10-19(17)21/h5,14-15,17-19,23H,6-13H2,1-4H3	0.3887395743557746	InChI=1S/C23H39NO/c1-15(24(4)5)19-8-9-20-18-7-6-16-14-17(25)10-12-22(16,2)21(18)11-13-23(19,20)3/h15-16,18-21H,6-14H2,1-5H3	0.3860895523897709	0.04	0.04054054054054054	0.25	-0.8128891236233493	22
42	InChI=1S/C17H30O4/c1-3-4-5-6-7-8-9-10-11-12-14-15(16(18)19)13(2)17(20)21-14/h13-15H,3-12H2,1-2H3,(H,18,19)/t13?,14?,15-/m1/s1	0.330221	InChI=1S/C22H37NO/c1-14(23-4)18-7-8-19-17-6-5-15-13-16(24)9-11-21(15,2)20(17)10-12-22(18,19)3/h5,14,16-20,23-24H,6-13H2,1-4H3	0.4160489171241679	InChI=1S/C21H33NO/c1-2-3-4-5-6-7-8-9-10-14-17-21(23)22-19-18-20-15-12-11-13-16-20/h7-8,11-13,15-16H,2-6,9-10,14,17-19H2,1H3,(H,22,23)	0.1875959784862457	0.05555555555555555	0.19642857142857142	0.06578947368421052	-0.8028058556505144	23
10	InChI=1S/C30H52N2O5/c1-18(7-12-27(35)32-25(28(36)37)6-4-5-15-31)22-10-11-23-21-9-8-19-16-20(33)13-14-29(19,2)24(21)17-26(34)30(22,23)3/h18-26,33-34H,4-17,31H2,1-3H3,(H,32,35)(H,36,37)/t18-,19-,20-,21+,22-,23+,24+,25+,26+,29+,30-/m1/s1	0.42932	InChI=1S/C21H34/c1-7-19(5)13-10-14-20(6)15-11-17-21(8-2)16-9-12-18(3)4/h7,12,14,17H,1,5,8-11,13,15-16H2,2-4,6H3	0.0359319771567303	InChI=1S/C31H50O5/c1-25-30(32)27(31(33)36-25)20-18-16-14-12-10-8-6-4-2-3-5-7-9-11-13-15-17-19-26-21-22-28-29(23-26)35-24-34-28/h21-23,25,27,30,32H,2-20,24H2,1H3	0.2432617083034123	0.05555555555555555	0.08	0.056338028169014086	0.06670707827108985	24
82	InChI=1S/C31H43N3O8/c1-8-12-33-26-21-13-17(2)14-25(41-7)27(36)19(4)15-20(5)29(42-31(32)39)24(40-6)11-9-10-18(3)30(38)34-22(28(21)37)16-23(26)35/h8-11,15-17,19,24-25,27,29,33,36H,1,12-14H2,2-7H3,(H2,32,39)(H,34,38)	0.0445952	InChI=1S/C9H10O5/c1-13-6-3-5(9(11)12)4-7(14-2)8(6)10/h3-4,10H,1-2H3,(H,11,12)	0.7093483784234039	InChI=1S/C32H43NO9/c1-6-33-14-30(15-38-2)19(34)13-20(39-3)31-18-12-17-23(42-29(36)16-10-8-7-9-11-16)21(18)32(37,28(35)24(17)40-4)22(27(31)33)25(41-5)26(30)31/h7-11,17-27,34,37H,6,12-15H2,1-5H3	0.026974517074827734	0.08695652173913043	0.13740458015267176	0.13414634146341464	0.1666377148116137	25
90	InChI=1S/C13H18O2/c1-9(2)8-11-4-6-12(7-5-11)10(3)13(14)15/h4-7,9-10H,8H2,1-3H3,(H,14,15)/t10-/m0/s1	0.440176	#	0.0	InChI=1S/C13H18O2/c1-10(11(2)13(14)15)8-9-12-6-4-3-5-7-12/h3-7,10-11H,8-9H2,1-2H3,(H,14,15)	0.2788277299889999	0.0	0.34210526315789475	0.0	0.4555746624862512	26
95	InChI=1S/C24H30O3/c1-22-6-3-12(25)9-17(22)13-10-14(13)20-16(22)4-7-23(2)21(20)15-11-18(15)24(23)8-5-19(26)27-24/h9,13-16,18,20-21H,3-8,10-11H2,1-2H3/t13-,14+,15-,16+,18+,20-,21+,22-,23+,24+/m1/s1	0.0983579	InChI=1S/C10H10O4/c1-14-9-6-7(2-4-8(9)11)3-5-10(12)13/h2-6,11H,1H3,(H,12,13)	0.714929087846825	InChI=1S/C37H64O14/c1-17(2)24(49-34-32(30(44)25(15-38)50-34)51-33-31(47-5)29(43)23(41)16-48-33)8-6-18(3)21-12-22(40)28-20(21)7-9-26-35(4)11-10-19(39)13-37(35,46)27(42)14-36(26,28)45/h17-34,38-46H,6-16H2,1-5H3	0.029752408834587275	0.08108108108108109	0.12173913043478261	0.04807692307692308	0.8193512679797336	27
44	InChI=1S/C20H27NO3/c1-18-7-6-14-12(13(18)3-4-15(18)22)5-8-20-17(24-20)16(23)11(10-21)9-19(14,20)2/h12-15,17,22-23H,3-9H2,1-2H3/t12-,13-,14-,15-,17+,18-,19+,20+/m0/s1	0.4236297	InChI=1S/C22H37NO/c1-14(23-4)18-7-8-19-17-6-5-15-13-16(24)9-11-21(15,2)20(17)10-12-22(18,19)3/h5,14,16-20,23-24H,6-13H2,1-4H3	0.4350456047246511	InChI=1S/C22H35NO/c1-14(23-4)18-7-8-19-17-6-5-15-13-16(24)9-11-21(15,2)20(17)10-12-22(18,19)3/h13-14,17-20,23H,5-12H2,1-4H3	0.4141007233676906	0.22972972972972974	0.21333333333333335	0.5517241379310345	2.0565161840452726	28
62	InChI=1S/C12H16N2O/c1-13-6-9-5-10(8-13)11-3-2-4-12(15)14(11)7-9/h2-4,9-10H,5-8H2,1H3	0.472343	InChI=1S/C19H39NO4/c1-2-3-4-5-6-7-8-9-10-11-16(22)12-15-13-18(23)19(24)17(14-21)20-15/h15-24H,2-14H2,1H3	0.2421197293914795	InChI=1S/C13H16O2/c1-8-5-4-6-11-9(2)7-12(13(8)11)15-10(3)14/h4-6,9,12H,7H2,1-3H3	0.12678021386811852	0.078125	0.18181818181818182	0.07692307692307693	2.1574945908138483	29
29	InChI=1S/C20H24O7/c1-6-11(2)19(23)27-18(20(3,4)24)17(22)13-9-12-7-8-16(21)26-14(12)10-15(13)25-5/h6-10,17-18,22,24H,1-5H3	0.241726	InChI=1S/C23H34O5/c1-21-7-5-15(24)10-14(21)3-4-17-16(21)6-8-22(2)20(13-9-19(26)28-12-13)18(25)11-23(17,22)27/h9,14-18,20,24-25,27H,3-8,10-12H2,1-2H3	0.79326098610741	InChI=1S/C22H22O7/c1-12(23)28-16-9-22-11-27-19(24)14(22)4-3-5-17(22)21(2)8-15(13-6-7-26-10-13)29-20(25)18(16)21/h3-7,10,15-18H,8-9,11H2,1-2H3	0.05821845716032103	0.09782608695652174	0.12244897959183673	0.18085106382978725	3.8552527935986016	30
58	InChI=1S/C19H33N3O5/c1-11(2)9-14-18(25)20-8-6-7-16(23)27-15(10-12(3)4)19(26)21-13(5)17(24)22-14/h11-15H,6-10H2,1-5H3,(H,20,25)(H,21,26)(H,22,24)	0.105448	InChI=1S/C16H23NO6/c1-9-13(18)23-11-5-7-17-6-4-10(12(11)17)8-22-14(19)16(3,21)15(9,2)20/h4,9,11-12,20-21H,5-8H2,1-3H3	0.8401307149366063	InChI=1S/C26H31NO3/c1-14-13-26(4,5)9-8-18(14)11-17-6-7-21-20(12-17)22-23(27-21)19(10-15(2)28)16(3)24(29)25(22)30/h6-7,12,15,27-28H,8-11,13H2,1-5H3	0.04426095981555356	0.16	0.11235955056179775	0.0967741935483871	3.914054435209146	31
67	InChI=1S/C22H23NO3/c1-25-21-10-18-16-8-13-4-3-7-23(13)12-20(16)15-6-5-14(24)9-17(15)19(18)11-22(21)26-2/h5-6,9-11,13,24H,3-4,7-8,12H2,1-2H3	0.358699	InChI=1S/C18H16O7/c1-22-10-7-12(20)15-14(8-10)25-17(18(24-3)16(15)21)9-4-5-11(19)13(6-9)23-2/h4-8,19-20H,1-3H3	0.7478667266227157	InChI=1S/C22H23NO3/c1-16(21(24)17(2)22(25)23-13-6-7-14-23)18-9-8-12-20(15-18)26-19-10-4-3-5-11-19/h3-6,8-13,15-17H,7,14H2,1-2H3	0.1410889825449689	0.21428571428571427	0.1282051282051282	0.12987012987012986	4.220685760635526	32
18	InChI=1S/C17H34N2O3/c1-2-3-4-5-6-7-8-9-10-13-16(20)19-15(17(21)22)12-11-14-18/h15H,2-14,18H2,1H3,(H,19,20)(H,21,22)	0.160125	InChI=1S/C24H40N2/c1-16-20-8-9-22-19-7-6-17-14-18(25(3)4)10-12-23(17,2)21(19)11-13-24(20,22)15-26(16)5/h6,16,18-22H,7-15H2,1-5H3	0.8434382678378065	InChI=1S/C22H34O/c1-19(2)16-10-14-22(5)17(20(16,3)13-11-18(19)23)9-8-15-7-6-12-21(15,22)4/h6-7,12,16-18,23H,8-11,13-14H2,1-5H3	0.34882254109586297	0.012987012987012988	0.028985507246376812	0.13333333333333333	4.949021881098539	33
88	InChI=1S/C24H27NO3/c1-13-11-20(28-5)23-17(7-6-8-19(23)27-4)21(13)18-10-9-16-12-14(2)25-15(3)22(16)24(18)26/h6-11,14-15,25-26H,12H2,1-5H3/t14-,15-/m1/s1	0.517544	InChI=1S/C18H16O7/c1-6-14(22)12(8(3)20)16-13(15(6)23)18(4)10(25-16)5-9(21)11(7(2)19)17(18)24/h5,21-23H,1-4H3	0.5158529165443793	InChI=1S/C24H27NO3/c1-24-8-5-9-25(24)14-21-16-7-6-15(26-2)10-17(16)18-11-22(27-3)23(28-4)12-19(18)20(21)13-24/h6-7,10-12H,5,8-9,13-14H2,1-4H3	0.20161147432739313	0.09876543209876543	0.16455696202531644	0.0641025641025641	5.612303508353034	34
26	InChI=1S/C16H12O4/c1-19-12-5-2-10(3-6-12)14-9-20-15-8-11(17)4-7-13(15)16(14)18/h2-9,17H,1H3	0.565876	InChI=1S/C13H20O4/c1-5-6-7-11(10(4)13(16)17)8(2)9(3)12(14)15/h5-7H2,1-4H3,(H,14,15)(H,16,17)	0.109086171984141	InChI=1S/C16H12O4/c1-19-9-3-5-11-13(7-9)15(17)12-6-4-10(20-2)8-14(12)16(11)18/h3-8H,1-2H3	0.17955218810601992	0.05357142857142857	0.3181818181818182	0.04878048780487805	5.632195665092881	35
75	InChI=1S/C7H6O5/c8-4-2-1-3(7(11)12)5(9)6(4)10/h1-2,8-10H,(H,11,12)	0.38844224999999993	InChI=1S/C27H30O16/c1-8-17(32)20(35)22(37)26(40-8)39-7-15-18(33)21(36)23(38)27(42-15)43-25-19(34)16-13(31)5-10(28)6-14(16)41-24(25)9-2-3-11(29)12(30)4-9/h2-6,8,15,17-18,20-23,26-33,35-38H,7H2,1H3	0.8106335268096866	InChI=1S/C11H12N2O5S/c12-9(11(14)15)5-7-6-13(19(16,17)18)10-4-2-1-3-8(7)10/h1-4,6,9H,5,12H2,(H,14,15)(H,16,17,18)	0.11624787812524126	0.1111111111111111	0.14285714285714285	0.07692307692307693	5.875321968971366	36
66	InChI=1S/C13H9NO/c15-13-9-5-1-3-7-11(9)14-12-8-4-2-6-10(12)13/h1-8H,(H,14,15)	0.558333	InChI=1S/C22H23NO3/c1-25-21-10-18-16-8-13-4-3-7-23(13)12-20(16)15-6-5-14(24)9-17(15)19(18)11-22(21)26-2/h5-6,9-11,13,24H,3-4,7-8,12H2,1-2H3	0.4065673363142339	InChI=1S/C9H9NO4/c1-5(11)10-7-4-6(9(13)14)2-3-8(7)12/h2-4,12H,1H3,(H,10,11)(H,13,14)	0.07166941296629183	0.07017543859649122	0.0975609756097561	0.1111111111111111	5.988580129350205	37
49	InChI=1S/C27H35NO12/c1-4-14-16(8-18-15-9-20(32)19(31)7-13(15)5-6-28(18)12(2)30)17(25(36)37-3)11-38-26(14)40-27-24(35)23(34)22(33)21(10-29)39-27/h4,7,9,11,14,16,18,21-24,26-27,29,31-35H,1,5-6,8,10H2,2-3H3/t14-,16+,18-,21-,22-,23+,24-,26+,27+/m1/s1	0.569591	InChI=1S/C16H19NO2/c1-12-5-6-14-13(10-16(18)19-15(14)9-12)11-17-7-3-2-4-8-17/h5-6,9-10H,2-4,7-8,11H2,1H3	0.29712549362126	InChI=1S/C27H39N3O4S3/c1-6-7-8-10-16-11-9-12-19(31)20(16)22-28-17(13-35-22)23-30(5)18(14-36-23)21(32)26(2,3)24-29-27(4,15-37-24)25(33)34/h9,11-12,17-18,21,23,31-32H,6-8,10,13-15H2,1-5H3,(H,33,34)	0.11443789073544235	0.10101010101010101	0.1015625	0.09278350515463918	6.169501097472451	38
84	InChI=1S/C20H24N2O/c1-3-11-10-22-15-8-12(11)17-16(22)9-20(19(17)23)13-6-4-5-7-14(13)21(2)18(15)20/h3-7,12,15-19,23H,8-10H2,1-2H3/b11-3+/t12?,15-,16-,17?,18-,19+,20+/m0/s1	0.501951	InChI=1S/C10H13N5/c11-9-8-10(13-5-12-9)15(6-14-8)7-3-1-2-4-7/h5-7H,1-4H2,(H2,11,12,13)	0.6196981731718431	InChI=1S/C18H28O4/c19-16-14-12-10-8-6-4-2-1-3-5-7-9-11-13-15-17(20)18(21)22/h7,9,11,13,15-16,20H,1-6,8,10,12,14H2,(H,21,22)	0.18771403490558555	0.06944444444444445	0.027777777777777776	0.0	6.206646007068845	39
69	InChI=1S/C7H6O3/c8-6-4-2-1-3-5(6)7(9)10/h1-4,8H,(H,9,10)	0.58834	InChI=1S/C37H50N8O13S/c1-15(2)25-32(53)44-26(27(48)36(56)57)33(54)41-23-13-59-34-19(18-7-5-6-8-20(18)42-34)10-21(29(50)40-22(30(51)43-25)11-37(4,58)14-46)39-28(49)16(3)38-31(52)24-9-17(47)12-45(24)35(23)55/h5-8,15-17,21-27,42,46-48,58H,9-14H2,1-4H3,(H,38,52)(H,39,49)(H,40,50)(H,41,54)(H,43,51)(H,44,53)(H,56,57)	0.0	InChI=1S/C6H6N2O2/c7-5-1-3-6(4-2-5)8(9)10/h1-4H,7H2	0.156079636062747	0.10309278350515463	0.125	0.049019607843137254	6.228699545078434	40
70	InChI=1S/C13H15NO2/c1-4-9-12(15)11-8(3)5-7(2)6-10(11)14-13(9)16/h5-6H,4H2,1-3H3,(H2,14,15,16)	0.398157	InChI=1S/C11H16N2O2/c1-3-10-8(6-15-11(10)14)4-9-5-12-7-13(9)2/h5,7-8,10H,3-4,6H2,1-2H3	0.8259951726933821	InChI=1S/C8H15N3O4/c1-4(9)7(13)11-6(12)3-2-5(10)8(14)15/h4-5H,2-3,9-10H2,1H3,(H,14,15)(H,11,12,13)	0.25426556248341403	0.1	0.05555555555555555	0.05	6.6442450656391845	41
38	InChI=1S/C41H64O14/c1-19-36(47)27(42)14-33(50-19)54-38-21(3)52-34(16-29(38)44)55-37-20(2)51-32(15-28(37)43)53-24-8-10-39(4)23(13-24)6-7-26-25(39)9-11-40(5)35(22-12-31(46)49-18-22)30(45)17-41(26,40)48/h12,19-21,23-30,32-38,42-45,47-48H,6-11,13-18H2,1-5H3	0.574449	InChI=1S/C21H32O/c1-4-14-6-8-18-17-7-5-15-13-16(22)9-11-21(15,3)19(17)10-12-20(14,18)2/h4,14-15,17-19H,1,5-13H2,2-3H3	0.4407136773940663	InChI=1S/C43H62O14/c1-39(2,51)15-14-33(46)42(5,52)32-13-18-43(53)26-21-28(45)27-20-24(11-16-40(27,3)25(26)12-17-41(32,43)4)55-34(47)10-8-23-7-9-29(30(19-23)54-6)56-38-37(50)36(49)35(48)31(22-44)57-38/h7-10,19,21,24-25,27,31-33,35-38,44,46,48-53H,11-18,20,22H2,1-6H3	0.0626595721945876	0.21348314606741572	0.208955223880597	0.11864406779661017	6.963421239183897	42
52	InChI=1S/C20H30O2/c1-13(2)14-6-8-16-15(12-14)7-9-17-19(16,3)10-5-11-20(17,4)18(21)22/h7,12-13,16-17H,5-6,8-11H2,1-4H3,(H,21,22)/t16-,17+,19+,20+/m0/s1	0.537467775	InChI=1S/C16H12O5/c1-20-11-6-13(18)15-14(7-11)21-8-12(16(15)19)9-2-4-10(17)5-3-9/h2-8,17-18H,1H3	0.5988640655487676	InChI=1S/C21H37NO/c1-5-6-7-8-9-10-11-12-14-20-18(2)17-19(3)22-21(20)15-13-16-23-4/h17H,5-16H2,1-4H3	0.1593391638111194	0.08108108108108109	0.04054054054054054	0.09230769230769231	7.186525610251575	43
63	InChI=1S/C19H37NO3/c1-2-3-4-5-6-7-8-9-10-11-12-13-14-15-16-18(21)20-17-19(22)23/h2-17H2,1H3,(H,20,21)(H,22,23)	0.103432	InChI=1S/C11H14N2/c1-12-7-6-9-8-13-11-5-3-2-4-10(9)11/h2-5,8,12-13H,6-7H2,1H3	0.9347351330562012	InChI=1S/C19H37NO3/c1-4-5-6-7-8-9-10-11-12-13-14-15-16-18(21)20-17(2)19(22)23-3/h17H,4-16H2,1-3H3,(H,20,21)	0.2772548512258474	0.04	0.4594594594594595	0.05454545454545454	7.2597803883588465	44
14	InChI=1S/C22H26N4/c1-25-13-11-22-16-8-4-5-9-17(16)23-19(25)21(22)12-14-26(2)20(22)24-18-10-6-3-7-15(18)21/h3-10,19-20,23-24H,11-14H2,1-2H3	0.610448	InChI=1S/C24H26N6O2/c1-2-5-20-19(4-1)18(15-26-20)16-30-9-3-6-21(30)24-27-23(28-32-24)17-7-8-25-22(14-17)29-10-12-31-13-11-29/h1-2,4-5,7-8,14-15,21,26H,3,6,9-13,16H2	0.0651534965003812	InChI=1S/C21H30O4/c1-11(2)14-16(23)17(24)15-12(18(14)25-6)10-13(22)19-20(3,4)8-7-9-21(15,19)5/h10-11,13,19,22,24H,7-9H2,1-6H3	0.05055643039496283	0.13253012048192772	0.11764705882352941	0.0784313725490196	7.561919279244654	45
61	InChI=1S/C30H47NO4S/c1-7-28(4)16-24(35-25(33)17-36-22-14-20-8-9-21(15-22)31(20)6)29(5)18(2)10-12-30(19(3)27(28)34)13-11-23(32)26(29)30/h7,18-22,24,26-27,34H,1,8-17H2,2-6H3/t18-,19-,20-,21+,22-,24+,26-,27-,28-,29-,30-/m0/s1	0.244785	InChI=1S/C9H6O3/c10-7-3-1-6-2-4-9(11)12-8(6)5-7/h1-5,10H	0.9366545138301796	InChI=1S/C30H47NO6/c1-8-26-19(3)10-13-27(37-26)20(4)15-18(2)9-11-23-21(5)24(23)12-14-28-30(34)25(31(6,7)35)16-22(36-28)17-29(32)33/h9-12,14-15,18,21-28,30,34H,8,13,16-17H2,1-7H3,(H,32,33)	0.17496507973726355	0.06097560975609756	0.1271186440677966	0.09523809523809523	8.607828049152415	46
7	InChI=1S/C22H26O7/c1-6-7-22-10-16(25-4)17(23)20(26-5)21(22)29-18(12(22)2)13-8-14(24-3)19-15(9-13)27-11-28-19/h6,8-9,12,16,18H,1,7,10-11H2,2-5H3/t12-,16+,18+,22+/m0/s1	0.216365	InChI=1S/C15H11N5/c16-15-18-8-6-12(20-15)14-13-10(5-7-17-14)9-3-1-2-4-11(9)19-13/h1-8,19H,(H2,16,18,20)	0.9465106826629112	InChI=1S/C22H29NO7/c1-2-15(14-24)7-5-3-4-6-8-18(26)19-20(27)17(13-23(30)21(19)28)22(29)11-9-16(25)10-12-22/h3-8,13,15-16,24-25,27,29-30H,2,9-12,14H2,1H3	0.2740414311926355	0.04395604395604396	0.0970873786407767	0.03296703296703297	8.767798975535408	47
33	InChI=1S/C17H32O4/c1-3-4-5-6-7-8-9-10-11-12-13-15(17(20)21)14(2)16(18)19/h14-15H,3-13H2,1-2H3,(H,18,19)(H,20,21)	0.299573	InChI=1S/C20H24O9/c1-7-12(22)26-10-6-17-9-5-8(16(2,3)4)18(17)11(21)13(23)28-15(18)29-20(17,14(24)27-9)19(7,10)25/h7-11,15,21,25H,5-6H2,1-4H3	0.93794964937191	InChI=1S/C17H35NO4/c1-2-3-4-5-6-7-8-9-14(20)10-13-11-16(21)17(22)15(12-19)18-13/h13-22H,2-12H2,1H3	0.10773005909166476	0.05714285714285714	0.24489795918367346	0.0875	9.113756178451657	48
31	InChI=1S/C9H16O4/c10-8(11)6-4-2-1-3-5-7-9(12)13/h1-7H2,(H,10,11)(H,12,13)	0.1378869999999999	InChI=1S/C15H21N3O2/c1-15-7-8-17(3)13(15)18(4)12-6-5-10(9-11(12)15)20-14(19)16-2/h5-6,9,13H,7-8H2,1-4H3,(H,16,19)	0.993919901651516	InChI=1S/C13H19NO/c1-2-3-9-13(15)14-11-10-12-7-5-4-6-8-12/h4-8H,2-3,9-11H2,1H3,(H,14,15)	0.008980067555855918	0.03773584905660377	0.14285714285714285	0.109375	9.19249188811909	49
28	InChI=1S/C20H34O3/c1-2-3-13-16-19(21)17-14-11-9-7-5-4-6-8-10-12-15-18-20(22)23/h9,11,14,17H,2-8,10,12-13,15-16,18H2,1H3,(H,22,23)/b11-9-,17-14+	0.56508375	InChI=1S/C22H22O7/c1-24-17-6-12(7-18(25-2)21(17)26-3)19-14-8-16-15(28-10-29-16)5-11(14)4-13-9-27-22(23)20(13)19/h5-8,13,19-20H,4,9-10H2,1-3H3	0.6528199036048921	InChI=1S/C21H37N/c1-3-4-5-6-7-8-9-10-11-12-13-14-15-18-21-19-16-17-20(2)22-21/h16-17,19H,3-15,18H2,1-2H3	0.14812230008650748	0.02666666666666667	0.16326530612244897	0.043478260869565216	9.344900947205975	50
2	InChI=1S/C20H36O2/c1-7-18(4,21)13-9-16-19(5)12-8-11-17(2,3)15(19)10-14-20(16,6)22/h7,15-16,21-22H,1,8-14H2,2-6H3	0.6035433499999999	InChI=1S/C21H22O6/c1-23-17-5-3-14(9-19(17)24-2)8-16-15(11-25-21(16)22)7-13-4-6-18-20(10-13)27-12-26-18/h3-6,9-10,15-16H,7-8,11-12H2,1-2H3	0.5216550058455007	InChI=1S/C21H37N/c1-3-4-5-6-7-8-9-10-11-12-13-14-15-18-21-19-16-17-20(2)22-21/h16-17,19H,3-15,18H2,1-2H3	0.285316259815822	0.05063291139240506	0.047619047619047616	0.078125	9.356663383224777	51
24	InChI=1S/C22H23N5O2/c1-4-21(2,3)22-10-17-18(28)25-16(9-13-11-23-12-24-13)19(29)27(17)20(22)26-15-8-6-5-7-14(15)22/h4-9,11-12,17,20,26H,1,10H2,2-3H3,(H,23,24)(H,25,28)/b16-9-/t17-,20-,22+/m0/s1	0.177151	InChI=1S/C11H14N2O/c14-11-3-1-2-10-9-4-8(5-12-6-9)7-13(10)11/h1-3,8-9,12H,4-7H2	0.9867994744454032	InChI=1S/C21H27NO6/c1-12(23)8-18(25)27-14-6-7-21-16(24)11-22(2)10-13-4-5-15(26-3)20(19(13)21)28-17(21)9-14/h4-7,12,14,16-17,23-24H,8-11H2,1-3H3	0.0652607823825287	0.11764705882352941	0.10714285714285714	0.13414634146341464	9.424068897453765	52
60	InChI=1S/C21H20O12/c1-6-14(26)17(29)18(30)21(31-6)33-20-16(28)13-9(23)4-8(22)5-12(13)32-19(20)7-2-10(24)15(27)11(25)3-7/h2-6,14,17-18,21-27,29-30H,1H3/t6-,14-,17+,18+,21-/m0/s1	0.5686439999999999	InChI=1S/C12H16N2O/c1-13-6-9-5-10(8-13)11-3-2-4-12(15)14(11)7-9/h2-4,9-10H,5-8H2,1H3	0.6564645120548738	InChI=1S/C21H20O12/c22-6-13-16(27)17(28)19(30)21(33-13)31-8-1-2-9-12(5-8)32-20(18(29)14(9)25)7-3-10(23)15(26)11(24)4-7/h1-5,13,16-17,19,21-24,26-30H,6H2	0.15271857961794646	0.08	0.42857142857142855	0.07792207792207792	9.565948465619906	53
81	InChI=1S/C15H26N2/c1-3-7-16-11-13-9-12(14(16)5-1)10-17-8-4-2-6-15(13)17/h12-15H,1-11H2	0.6433300000000001	InChI=1S/C32H43NO9/c1-6-33-14-30(15-38-2)18(34)12-19(39-3)32-17-13-31(37)27(42-29(36)16-10-8-7-9-11-16)20(17)21(23(35)28(31)41-5)22(26(32)33)24(40-4)25(30)32/h7-11,17-22,24-28,34,37H,6,12-15H2,1-5H3	0.043497076920438	InChI=1S/C16H26O/c1-5-16(10-6-8-14(2)3)11-7-9-15(4)12-13-17/h8,11-13H,5-7,9-10H2,1-4H3	0.19842910063087688	0.056818181818181816	0.0	0.06315789473684211	10.323179068089699	54
57	InChI=1S/C15H24N2O/c18-14-7-1-6-13-12-5-3-9-16-8-2-4-11(15(12)16)10-17(13)14/h11-13,15H,1-10H2/t11-,12+,13+,15-/m0/s1	0.547683	InChI=1S/C25H31N3O2/c29-24(16-14-22-10-3-1-4-11-22)27-20-8-7-18-26-19-9-21-28-25(30)17-15-23-12-5-2-6-13-23/h1-6,10-17,26H,7-9,18-21H2,(H,27,29)(H,28,30)	0.7435470901020358	InChI=1S/C16H24O2/c17-16(18)14-10-5-3-1-2-4-7-11-15-12-8-6-9-13-15/h6,8-9,12-13H,1-5,7,10-11,14H2,(H,17,18)	0.21856643006607185	0.015873015873015872	0.03773584905660377	0.1956521739130435	10.551469839623307	55
20	InChI=1S/C20H40O3/c1-2-3-4-5-6-7-8-9-10-11-12-13-14-15-16-19(22)17-20(23)18-21/h2,19-23H,1,3-18H2	0.5307890000000001	InChI=1S/C11H13NO3/c1-14-9-5-7-3-4-12-11(13)8(7)6-10(9)15-2/h5-6H,3-4H2,1-2H3,(H,12,13)	0.7942911185662105	InChI=1S/C20H40O3/c1-2-3-4-5-7-10-13-16-19(21)17-14-11-8-6-9-12-15-18-20(22)23/h19,21H,2-18H2,1H3,(H,22,23)	0.20129835539348867	0.019230769230769232	0.2564102564102564	0.04	10.869005315566072	56
89	InChI=1S/C18H16O7/c1-6-14(22)12(8(3)20)16-13(15(6)23)18(4)10(25-16)5-9(21)11(7(2)19)17(18)24/h5,22-24H,1-4H3/t18-/m1/s1	0.654246	InChI=1S/C13H18O2/c1-9-7-11(15)8-13(3,4)12(9)6-5-10(2)14/h5-7,12H,8H2,1-4H3	0.3440002925856857	InChI=1S/C18H16O7/c1-22-10-4-5-11-12(8-10)25-18(17(21)15(11)19)9-6-13(23-2)16(20)14(7-9)24-3/h4-8,20-21H,1-3H3	0.2441125588920619	0.2	0.13043478260869565	0.09375	12.004821430079293	57
21	InChI=1S/C11H13NO3/c1-14-9-5-7-3-4-12-11(13)8(7)6-10(9)15-2/h5-6H,3-4H2,1-2H3,(H,12,13)	0.665519	InChI=1S/C15H10O6/c16-8-2-3-9-12(6-8)21-15(14(20)13(9)19)7-1-4-10(17)11(18)5-7/h1-6,16-18,20H	0.33425140437465	InChI=1S/C11H13NO3/c1-8(13)12-10(11(14)15)7-9-5-3-2-4-6-9/h2-6,10H,7H2,1H3,(H,12,13)(H,14,15)	0.2211783497173115	0.10714285714285714	0.12244897959183673	0.08928571428571429	12.853621448083258	58
51	InChI=1S/C10H10O4/c1-14-9-6-7(2-4-8(9)11)3-5-10(12)13/h2-6,11H,1H3,(H,12,13)/b5-3+	0.682696	InChI=1S/C12H19N3O/c1-14-7-5-11(9-16)15(2)12-10(8-14)4-3-6-13-12/h3-4,6,11,16H,5,7-9H2,1-2H3	0.0404050156675891	InChI=1S/C10H10O4/c1-7(12)14-9-4-3-8(6-11)5-10(9)13-2/h3-6H,1-2H3	0.05843217838034453	0.08064516129032258	0.40476190476190477	0.08196721311475409	13.289732762144402	59
48	InChI=1S/C16H14O4/c1-10(2)5-7-19-16-14-12(6-8-18-14)9-11-3-4-13(17)20-15(11)16/h3-6,8-9H,7H2,1-2H3	0.6873739999999999	InChI=1S/C29H34N2O3/c1-6-13-24(9-4)19-21-31(23-32)29(34)27(22-26-16-11-10-12-17-26)28(33)30(5)20-18-25(14-7-2)15-8-3/h6-17,22-23H,1-2,4,18-21H2,3,5H3	0.0715277381536506	InChI=1S/C16H14O4/c1-2-3-4-5-6-7-14-16(20-14)13(17)10-8-12-9-11-15(18)19-12/h1,5,7-8,10,12-14,16-17H,9,11H2	0.07579307494465165	0.09523809523809523	0.07407407407407407	0.042105263157894736	13.76348068906494	60
71	InChI=1S/C11H16N2O2/c1-3-10-8(6-15-11(10)14)4-9-5-12-7-13(9)2/h5,7-8,10H,3-4,6H2,1-2H3	0.67578	InChI=1S/C37H42N2O6/c1-38-15-13-26-20-36(43-4)37(44-5)22-29(26)30(38)16-23-6-9-27(10-7-23)45-35-18-24(8-11-32(35)40)17-31-28-21-33(41)34(42-3)19-25(28)12-14-39(31)2/h6-11,18-22,30-31,40-41H,12-17H2,1-5H3	0.3229612062498443	InChI=1S/C12H16O3/c1-2-8-11(13)9-6-4-3-5-7-10-12(14)15/h2-8,10-11,13H,9H2,1H3,(H,14,15)	0.33889057000888184	0.11688311688311688	0.04918032786885246	0.04	13.793416228135717	61
35	InChI=1S/C20H24O10/c1-6-12(23)28-11-9(21)18-8-5-7(16(2,3)4)17(18)10(22)13(24)29-15(17)30-20(18,14(25)27-8)19(6,11)26/h6-11,15,21-22,26H,5H2,1-4H3/t6-,7?,8-,9-,10+,11+,15+,17+,18+,19-,20-/m1/s1	0.693032	InChI=1S/C24H24O6S/c1-14-4-9-21(15(2)10-14)31-13-18-11-20(26)23(28)24(30-18)19(12-22(27)29-3)16-5-7-17(25)8-6-16/h4-11,19,25,28H,12-13H2,1-3H3	0.0365557428247533	InChI=1S/C24H24O7/c1-13(25)29-22-20-19-17(30-23(20)31-24(22,2)3)12-16(28-4)18(21(19)27)15(26)11-10-14-8-6-5-7-9-14/h5-12,20,22-23,27H,1-4H3	0.24740521516884773	0.08333333333333333	0.1134020618556701	0.14285714285714285	14.343205876022944	62
72	InChI=1S/C37H42N2O6/c1-38-15-13-26-20-36(43-4)37(44-5)22-29(26)30(38)16-23-6-9-27(10-7-23)45-35-18-24(8-11-32(35)40)17-31-28-21-33(41)34(42-3)19-25(28)12-14-39(31)2/h6-11,18-22,30-31,40-41H,12-17H2,1-5H3	0.671845	InChI=1S/C18H37NO4/c1-2-3-4-5-6-7-8-9-10-15(21)11-14-12-17(22)18(23)16(13-20)19-14/h14-23H,2-13H2,1H3	0.5401542718533889	InChI=1S/C25H44F2N6O9/c1-18(34)29-16-20(26)11-15-33(42)25(39)8-6-22(36)28-12-4-3-5-13-32(41)24(38)9-7-23(37)30-17-21(27)10-14-31(40)19(2)35/h20-21,40-42H,3-17H2,1-2H3,(H,28,36)(H,29,34)(H,30,37)	0.24069295714620945	0.06097560975609756	0.054945054945054944	0.09210526315789473	14.950008914966658	63
36	InChI=1S/C20H24O11/c1-5-12(24)28-11-8(22)18-10-6(21)7(16(2,3)4)17(18)9(23)13(25)30-15(17)31-20(18,14(26)29-10)19(5,11)27/h5-11,15,21-23,27H,1-4H3	0.696535	InChI=1S/C25H32O5/c1-23-9-7-17(29-14-26)11-16(23)4-5-19-18(23)8-10-24(2)20(12-21-25(19,24)30-21)15-3-6-22(27)28-13-15/h3,6,13-14,16-21H,4-5,7-12H2,1-2H3	0.3196309818056888	InChI=1S/C24H24O8/c1-13(2)8-9-29-18-11-17(26-3)19-20(25)24(28-5)21(32-23(19)22(18)27-4)14-6-7-15-16(10-14)31-12-30-15/h6-8,10-11H,9,12H2,1-5H3	0.1210032951175889	0.08247422680412371	0.07291666666666667	0.09803921568627451	15.173131573411208	64
1	InChI=1S/C15H24N2O2/c18-12-4-5-16-8-10-6-11(14(16)7-12)9-17-13(10)2-1-3-15(17)19/h10-14,18H,1-9H2/t10-,11-,12-,13+,14-/m0/s1	0.6720079999999999	InChI=1S/C23H39NO/c1-15(24(4)5)19-8-9-20-18-7-6-16-14-17(25)10-12-22(16,2)21(18)11-13-23(19,20)3/h6,15,17-21,25H,7-14H2,1-5H3	0.5739762970310511	InChI=1S/C16H24O3/c1-2-3-4-5-15(18)12-16(19)11-8-13-6-9-14(17)10-7-13/h6-7,9-10,15,17-18H,2-5,8,11-12H2,1H3	0.21595635244823652	0.0958904109589041	0.07692307692307693	0.06666666666666667	15.270348410870803	65
19	InChI=1S/C24H40N2/c1-16-20-8-9-22-19-7-6-17-14-18(25(3)4)10-12-23(17,2)21(19)11-13-24(20,22)15-26(16)5/h6,16,18-22H,7-15H2,1-5H3	0.6461520000000001	InChI=1S/C22H36N2/c1-14-18-6-7-20-17-5-4-15-12-16(23-3)8-10-21(15,2)19(17)9-11-22(18,20)13-24-14/h4,14,16-20,23-24H,5-13H2,1-3H3	0.6940194952778593	InChI=1S/C25H40O/c1-5-6-7-17(2)21-10-11-22-20-9-8-18-16-19(26)12-14-24(18,3)23(20)13-15-25(21,22)4/h17-23,26H,7-16H2,1-4H3	0.2973532183721561	0.4444444444444444	0.13924050632911392	0.14102564102564102	15.444241428522384	66
68	InChI=1S/C18H16O7/c1-22-10-7-12(20)15-14(8-10)25-17(18(24-3)16(15)21)9-4-5-11(19)13(6-9)23-2/h4-8,19-20H,1-3H3	0.710782	InChI=1S/C7H8O4/c8-6-4-2-1-3-5(6)7(9,10)11/h1-4,8-11H	0.0515663321492897	InChI=1S/C18H16O7/c1-22-10-4-5-11-12(8-10)25-18(17(21)15(11)19)9-6-13(23-2)16(20)14(7-9)24-3/h4-8,20-21H,1-3H3	0.2917581272280115	0.11320754716981132	0.45454545454545453	0.1	15.85617348940824	67
22	InChI=1S/C15H10O6/c16-8-2-3-9-12(6-8)21-15(14(20)13(9)19)7-1-4-10(17)11(18)5-7/h1-6,16-18,20H	0.680813	InChI=1S/C33H42N6O6/c1-20(2)28-33(45)37-25(18-23-13-8-5-9-14-23)31(43)36-24(17-22-11-6-4-7-12-22)30(42)35-21(3)29(41)34-19-27(40)39-16-10-15-26(39)32(44)38-28/h4-9,11-14,20-21,24-26,28H,10,15-19H2,1-3H3,(H,34,41)(H,35,42)(H,36,43)(H,37,45)(H,38,44)	0.5637928583169415	InChI=1S/C16H14O3S/c1-4-7-15-10-11-16(20-15)9-6-5-8-14(18-3)12-19-13(2)17/h10-11,14H,12H2,1-3H3	0.31826380019579353	0.08333333333333333	0.07246376811594203	0.11494252873563218	16.00079833341416	68
64	InChI=1S/C11H14N2/c1-12-7-6-9-8-13-11-5-3-2-4-10(9)11/h2-5,8,12-13H,6-7H2,1H3	0.740592	InChI=1S/C30H47NO6/c1-17-26(31-18(2)32)23(33-5)15-25(35-17)36-20-8-11-27(3)19(14-20)6-7-22-21(27)9-12-29-16-34-28(4)24(29)10-13-30(22,29)37-28/h17,19-26H,6-16H2,1-5H3,(H,31,32)	0.1455990665609101	InChI=1S/C7H14N2O3/c1-4(2)6(8)7(12)9-3-5(10)11/h4,6H,3,8H2,1-2H3,(H,9,12)(H,10,11)	0.027193657366294074	0.02197802197802198	0.04081632653061224	0.047619047619047616	18.145349738110145	69
86	InChI=1S/C7H7NO2/c1-8-4-2-3-6(5-8)7(9)10/h2-5H,1H3	0.645196	InChI=1S/C11H14O3/c1-5-8-6-10(13-3)11(14-4)7-9(8)12-2/h5-7H,1H2,2-4H3	0.8257060881379629	InChI=1S/C7H7NO2/c9-7(10)2-1-6-3-4-8-5-6/h1-5,8H,(H,9,10)	0.26616263842514976	0.07317073170731707	0.14285714285714285	0.07317073170731707	18.283831162515227	70
85	InChI=1S/C10H13N5/c1-7(2)3-4-15-6-14-9(11)8-10(15)13-5-12-8/h3,5-6H,4,11H2,1-2H3	0.738178	InChI=1S/C7H7NO2/c1-10-7(9)6-4-2-3-5-8-6/h2-5H,1H3	0.2389278365993817	InChI=1S/C10H13N5/c1-6(2)3-4-7-14-9(11)8-10(15-7)13-5-12-8/h3-6H,1-2H3,(H3,11,12,13,14,15)	0.1598518496352783	0.11764705882352941	0.24528301886792453	0.09615384615384616	18.351374403542554	71
56	InChI=1S/C15H10O6/c16-8-3-1-7(2-4-8)15-14(20)13(19)12-10(18)5-9(17)6-11(12)21-15/h1-6,16-18,20H	0.710249	InChI=1S/C15H24N2O/c18-14-7-1-6-13-12-5-3-9-16-8-2-4-11(15(12)16)10-17(13)14/h11-13,15H,1-10H2	0.6097251304268296	InChI=1S/C16H14O3S/c1-4-7-15-10-11-16(20-15)9-6-5-8-14(18-3)12-19-13(2)17/h10-11,14H,12H2,1-3H3	0.3067412324427985	0.04918032786885246	0.09090909090909091	0.043478260869565216	18.897849149090092	72
87	InChI=1S/C11H14O3/c1-5-8-6-10(13-3)11(14-4)7-9(8)12-2/h5-7H,1H2,2-4H3	0.742502	InChI=1S/C24H27NO3/c1-13-11-20(28-5)23-17(7-6-8-19(23)27-4)21(13)18-10-9-16-12-14(2)25-15(3)22(16)24(18)26/h6-11,14-15,25-26H,12H2,1-5H3	0.3442045323243061	InChI=1S/C11H14O3/c1-5-9-10(13-3)6-8(12-2)7-11(9)14-4/h5-7H,1H2,2-4H3	0.3029414920513452	0.15	0.4642857142857143	0.14754098360655737	19.13934819587495	73
32	InChI=1S/C15H21N3O2/c1-15-7-8-17(3)13(15)18(4)12-6-5-10(9-11(12)15)20-14(19)16-2/h5-6,9,13H,7-8H2,1-4H3,(H,16,19)/t13-,15+/m1/s1	0.754402	InChI=1S/C21H32O/c1-4-14-6-8-18-17-7-5-15-13-16(22)9-11-21(15,3)19(17)10-12-20(14,18)2/h4,14-15,17-19H,1,5-13H2,2-3H3	0.3241151281473674	InChI=1S/C16H21NO3/c18-11-13-6-8-17-9-7-14(16(13)17)20-15(19)10-12-4-2-1-3-5-12/h1-5,13-14,16,18H,6-11H2	0.04017035964173892	0.1232876712328767	0.1388888888888889	0.0684931506849315	19.71266076992059	74
25	InChI=1S/C11H14N2O/c14-11-3-1-2-10-9-4-8(5-12-6-9)7-13(10)11/h1-3,8-9,12H,4-7H2/t8-,9+/m0/s1	0.730046	InChI=1S/C16H12O4/c1-8-12(17)7-11-13(16(8)20-2)15(19)10-6-4-3-5-9(10)14(11)18/h3-7,17H,1-2H3	0.5758258721940916	InChI=1S/C12H14O2/c1-12(2)6-5-10-7-9(8-13)3-4-11(10)14-12/h3-7,13H,8H2,1-2H3	0.20675580726721335	0.10344827586206896	0.05084745762711865	0.12727272727272726	19.920383481024928	75
9	InChI=1S/C10H12O4/c1-2-3-7(11)6-4-9(13)10(14)5-8(6)12/h4-5,12-14H,2-3H2,1H3	0.770149	InChI=1S/C35H52O3/c1-24(2)10-9-11-25(3)30-16-17-31-29-15-14-27-22-28(38-33(36)37-23-26-12-7-6-8-13-26)18-20-34(27,4)32(29)19-21-35(30,31)5/h6-8,12-14,24-25,28-32H,9-11,15-23H2,1-5H3	0.0832007333670202	InChI=1S/C10H12O4/c1-2-3-6-4-7(11)5-8(12)9(6)10(13)14/h4-5,11-12H,2-3H2,1H3,(H,13,14)	0.328061888041804	0.09876543209876543	0.3157894736842105	0.10714285714285714	20.729999193469805	76
37	InChI=1S/C23H34O5/c1-21-7-5-15(24)10-14(21)3-4-17-16(21)6-8-22(2)20(13-9-19(26)28-12-13)18(25)11-23(17,22)27/h9,14-18,20,24-25,27H,3-8,10-12H2,1-2H3/t14-,15+,16+,17-,18+,20+,21+,22-,23+/m1/s1	0.675976	InChI=1S/C43H64O15/c1-20-37(54-23(4)44)28(45)16-35(52-20)56-39-22(3)53-36(17-30(39)47)57-38-21(2)51-34(15-29(38)46)55-26-8-10-40(5)25(14-26)7-11-42-31(40)18-32(48)41(6)27(9-12-43(41,42)58-42)24-13-33(49)50-19-24/h13,20-22,25-32,34-39,45-48H,7-12,14-19H2,1-6H3	0.8429627152455936	InChI=1S/C25H32O5/c1-17(7-5-9-18(2)11-12-22(26)21-13-14-29-16-21)8-6-10-19(3)15-23-24(27)20(4)25(28)30-23/h8-9,13-16,19,27H,5-7,10-12H2,1-4H3	0.26099717134711886	0.30851063829787234	0.08247422680412371	0.09565217391304348	21.30061470966569	77
53	InChI=1S/C16H12O5/c1-20-13-6-11(18)7-14-15(13)16(19)12(8-21-14)9-2-4-10(17)5-3-9/h2-8,17-18H,1H3	0.780872	InChI=1S/C21H20O12/c22-6-13-15(27)17(29)18(30)21(32-13)33-20-16(28)14-11(26)4-8(23)5-12(14)31-19(20)7-1-2-9(24)10(25)3-7/h1-5,13,15,17-18,21-27,29-30H,6H2	0.2618664168155412	InChI=1S/C16H12O5/c1-20-14-6-9(18)3-5-12(14)16-13(8-17)11-4-2-10(19)7-15(11)21-16/h2-8,18-19H,1H3	0.29155937686909433	0.2676056338028169	0.37037037037037035	0.2	21.98887526312522	78
59	InChI=1S/C16H23NO6/c1-9-13(18)23-11-5-7-17-6-4-10(12(11)17)8-22-14(19)16(3,21)15(9,2)20/h4,9,11-12,20-21H,5-8H2,1-3H3/t9-,11+,12+,15+,16-/m0/s1	0.789806	InChI=1S/C21H20O12/c22-6-13-15(27)17(29)18(30)21(32-13)33-20-16(28)14-11(26)4-8(23)5-12(14)31-19(20)7-1-2-9(24)10(25)3-7/h1-5,13,15,17-18,21-27,29-30H,6H2	0.1845150325789482	InChI=1S/C20H23NO3/c1-13(2)17(22)10-12-20(3)11-9-15-18(24-20)14-7-5-6-8-16(14)21(4)19(15)23/h5-9,11,13H,10,12H2,1-4H3	0.19873146865070015	0.07692307692307693	0.13580246913580246	0.1111111111111111	22.394181917260745	79
74	InChI=1S/C37H40N4O4/c1-4-22-19-40(2)33-18-29-26-10-6-8-12-32(26)39-36(29)30(17-28(22)34(33)37(44)45-3)35-27(25-9-5-7-11-31(25)38-35)15-16-41-23(20-42)13-14-24(41)21-43/h4-14,20,28,30,33-34,38-39,43H,15-19,21H2,1-3H3/b22-4-/t28-,30-,33?,34+/m1/s1	0.803604	InChI=1S/C25H40N4O6S/c1-24-5-4-19(31)25(2,15-30)18(24)13-17-22(28-23(36-17)27-21(33)14-34-3)16(24)12-20(32)26-6-7-29-8-10-35-11-9-29/h16,18-19,30-31H,4-15H2,1-3H3,(H,26,32)(H,27,28,33)	0.0362988193691424	InChI=1S/C34H40N2O8/c1-20(44-28(37)11-8-21-16-26(40-3)29(42-5)27(17-21)41-4)33-12-7-14-36-15-13-34(32(33)36)24-10-9-22(39-2)18-25(24)35-30(34)23(19-33)31(38)43-6/h8-11,16-18,20,32,35H,7,12-15,19H2,1-6H3	0.13645562162106023	0.11450381679389313	0.12781954887218044	0.08148148148148149	23.22983657544918	80
54	InChI=1S/C21H20O12/c22-6-13-15(26)17(28)19(30)21(33-13)32-11-2-1-7(3-9(11)24)20-18(29)16(27)14-10(25)4-8(23)5-12(14)31-20/h1-5,13,15,17,19,21-26,28-30H,6H2/t13-,15-,17+,19-,21-/m1/s1	0.789319	InChI=1S/C16H12O7/c1-22-16-14(21)13-11(20)5-8(17)6-12(13)23-15(16)7-2-3-9(18)10(19)4-7/h2-6,17-20H,1H3	0.2037711375497137	InChI=1S/C21H20O12/c22-6-13-16(27)17(28)19(30)21(33-13)31-8-1-2-9-12(5-8)32-20(18(29)14(9)25)7-3-10(23)15(26)11(24)4-7/h1-5,13,16-17,19,21-24,26-30H,6H2	0.42124731361859086	0.4375	0.5757575757575758	0.25	24.059699531477936	81
80	InChI=1S/C10H8O4/c1-13-9-5-8-6(4-7(9)11)2-3-10(12)14-8/h2-5,11H,1H3	0.786675	InChI=1S/C15H26N2/c1-3-7-16-11-13-9-12(14(16)5-1)10-17-8-4-2-6-15(13)17/h12-15H,1-11H2	0.6316760654737908	InChI=1S/C6H8O7/c7-3(8)1-6(13,5(11)12)2-4(9)10/h13H,1-2H2,(H,7,8)(H,9,10)(H,11,12)	0.06807584872404676	0.020833333333333332	0.047619047619047616	0.0	25.152616120380873	82
83	InChI=1S/C9H10O5/c1-13-6-3-5(9(11)12)4-7(14-2)8(6)10/h3-4,10H,1-2H3,(H,11,12)	0.797457	InChI=1S/C20H24N2O/c1-3-14-13-22-10-8-17-16-6-4-5-7-18(16)21-20(17)19(22)12-15(14)9-11-23-2/h3-7,9,11,14-15,19,21H,1,8,10,12-13H2,2H3	0.750342146407756	InChI=1S/C8H10N2O4/c1-10(14)9-6-2-4-8(13,5-3-6)7(11)12/h2-4,13H,5H2,1H3,(H,11,12)	0.1317791118698645	0.07462686567164178	0.14583333333333334	0.05063291139240506	28.46812681799245	83
47	InChI=1S/C21H20O12/c22-6-13-15(26)17(28)19(30)21(33-13)32-11-2-1-7(3-9(11)24)20-18(29)16(27)14-10(25)4-8(23)5-12(14)31-20/h1-5,13,15,17,19,21-26,28-30H,6H2/t13-,15-,17+,19-,21-/m1/s1	0.762283	InChI=1S/C16H14O4/c1-10(2)5-7-19-16-14-12(6-8-18-14)9-11-3-4-13(17)20-15(11)16/h3-6,8-9H,7H2,1-2H3	0.8338961402346902	InChI=1S/C21H20O12/c22-6-13-16(27)17(28)19(30)21(33-13)31-8-1-2-9-12(5-8)32-20(18(29)14(9)25)7-3-10(23)15(26)11(24)4-7/h1-5,13,16-17,19,21-24,26-30H,6H2	0.3845338368050319	0.1625	0.5757575757575758	0.16666666666666666	29.23489850818122	84
11	InChI=1S/C21H22O6/c1-23-17-5-3-14(9-19(17)24-2)8-16-15(11-25-21(16)22)7-13-4-6-18-20(10-13)27-12-26-18/h3-6,9-10,15-16H,7-8,11-12H2,1-2H3	0.8524719999999999	InChI=1S/C15H20N2O4S2/c1-3-20-13(18)11-9-7-5-6-8-10(9)23-12(11)16-14(22)17-15(19)21-4-2/h3-8H2,1-2H3,(H2,16,17,19,22)	0.0634587912709919	InChI=1S/C21H22O6/c1-11(2)4-9-14-16(26-3)10-15(23)17-18(24)19(25)20(27-21(14)17)12-5-7-13(22)8-6-12/h4-8,10,19-20,22-23,25H,9H2,1-3H3	0.22743647562855207	0.0875	0.19480519480519481	0.06896551724137931	29.764302572713152	85
12	InChI=1S/C9H8O4/c10-7-3-1-6(5-8(7)11)2-4-9(12)13/h1-5,10-11H,(H,12,13)/b4-2+	0.809666	InChI=1S/C8H10N4O2/c1-10-4-9-6-5(10)7(13)12(3)8(14)11(6)2/h4H,1-3H3	0.7542041925271273	InChI=1S/C9H8O4/c1-5-2-8(12)9(13)3-7(11)6(5)4-10/h2-4,11H,1H3,(H,12,13)	0.2617422606565097	0.06521739130434782	0.2	0.11363636363636363	30.167841676363185	86
13	InChI=1S/C8H10N4O2/c1-10-4-9-6-5(10)7(13)12(3)8(14)11(6)2/h4H,1-3H3	0.8245819999999999	InChI=1S/C22H26N4/c1-25-13-11-22-16-8-4-5-9-17(16)23-19(25)21(22)12-14-26(2)20(22)24-18-10-6-3-7-15(18)21/h3-10,19-20,23-24H,11-14H2,1-2H3	0.6704860233961416	InChI=1S/C11H14O3/c1-5-9-10(13-3)6-8(12-2)7-11(9)14-4/h5-7H,1H2,2-4H3	0.17058299437252183	0.1	0.06976744186046512	0.0625	30.31860921088847	87
79	InChI=1S/C17H21NO4/c1-18-13-7-11(8-14(18)16-15(13)22-16)21-17(20)12(9-19)10-5-3-2-4-6-10/h2-6,11-16,19H,7-9H2,1H3/t11-,12-,13-,14+,15-,16+/m1/s1	0.786393	InChI=1S/C10H8O4/c1-13-9-4-6-2-3-10(12)14-8(6)5-7(9)11/h2-5,11H,1H3	0.8570250133465493	InChI=1S/C17H21NO4/c1-10(2)6-7-12-15(21-4)11-8-9-13(20-3)16(22-5)14(11)18-17(12)19/h6-10H,1-5H3,(H,18,19)	0.09334450600942486	0.12698412698412698	0.09859154929577464	0.21818181818181817	30.381433566274634	88
30	InChI=1S/C23H34O5/c1-21-7-5-15(24)10-14(21)3-4-17-18(21)11-19(25)22(2)16(6-8-23(17,22)27)13-9-20(26)28-12-13/h9,14-19,24-25,27H,3-8,10-12H2,1-2H3/t14-,15+,16-,17-,18+,19-,21+,22+,23+/m1/s1	0.83021	InChI=1S/C10H15N5/c1-7(2)3-4-11-9-8-10(13-5-12-8)15-6-14-9/h5-7H,3-4H2,1-2H3,(H2,11,12,13,14,15)	0.6495038763942623	InChI=1S/C27H34O2/c1-7-22-15-19(3)23-20(4)17-26(5,27(6,24(22)23)25(28)29)16-18(2)13-14-21-11-9-8-10-12-21/h8-17,19,23-24H,7H2,1-6H3,(H,28,29)	0.31080384436648456	0.037037037037037035	0.09574468085106383	0.04938271604938271	30.805882333343355	89
76	InChI=1S/C27H30O16/c1-8-17(32)20(35)22(37)26(40-8)39-7-15-18(33)21(36)23(38)27(42-15)43-25-19(34)16-13(31)5-10(28)6-14(16)41-24(25)9-2-3-11(29)12(30)4-9/h2-6,8,15,17-18,20-23,26-33,35-38H,7H2,1H3/t8-,15+,17-,18+,20+,21-,22+,23+,26+,27-/m0/s1	0.871016	InChI=1S/C11H12N6O5/c18-1-4-6(19)7(20)10(22-4)16-3-13-5-8(16)15-11-12-2-14-17(11)9(5)21/h2-4,6-7,10,18-20H,1H2,(H,12,14,15)	0.1177354686914875	InChI=1S/C27H30O16/c28-6-15-19(34)21(36)23(38)26(41-15)18-11(32)4-10(31)17-12(33)5-13(40-25(17)18)8-1-2-9(30)14(3-8)42-27-24(39)22(37)20(35)16(7-29)43-27/h1-5,15-16,19-24,26-32,34-39H,6-7H2	0.07864779936198106	0.1368421052631579	0.3488372093023256	0.2	32.12472842093119	90
8	InChI=1S/C15H11N5/c16-15-18-8-6-12(20-15)14-13-10(5-7-17-14)9-3-1-2-4-11(9)19-13/h1-8,19H,(H2,16,18,20)	0.87656	InChI=1S/C64H78N10O10/c1-40(2)54-64(84)74-35-19-31-53(74)63(83)71-32-16-28-50(71)59(79)65-41(3)55(75)66-46(36-42-20-8-4-9-21-42)57(77)69-49(39-45-26-14-7-15-27-45)61(81)73-34-18-30-52(73)62(82)72-33-17-29-51(72)60(80)68-47(37-43-22-10-5-11-23-43)56(76)67-48(58(78)70-54)38-44-24-12-6-13-25-44/h4-15,20-27,40-41,46-54H,16-19,28-39H2,1-3H3,(H,65,79)(H,66,75)(H,67,76)(H,68,80)(H,69,77)(H,70,78)	0.0	InChI=1S/C14H15NO4/c16-7-9-1-2-13(19-9)14-10-6-12(18)11(17)5-8(10)3-4-15-14/h1-2,5-6,14-18H,3-4,7H2	0.2170261053952779	0.06818181818181818	0.056338028169014086	0.09411764705882353	32.724082631744096	91
65	InChI=1S/C9H6O3/c10-7-3-1-6-2-4-9(11)12-8(6)5-7/h1-5,10H	0.8653209999999999	InChI=1S/C13H9NO/c15-13-12-7-2-1-5-10(12)9-11-6-3-4-8-14(11)13/h1-9H	0.4546329841366897	InChI=1S/C9H6O3/c10-6-2-1-3-8-9(6)7(11)4-5-12-8/h1-5,10H	0.351856871115202	0.16666666666666666	0.23076923076923078	0.13333333333333333	32.97788093026089	92
78	InChI=1S/C15H18O3/c1-8-10-4-6-15(3)7-5-11(16)9(2)12(15)13(10)18-14(8)17/h5,7-8,10,13H,4,6H2,1-3H3/t8-,10-,13-,15-/m0/s1	0.797629	InChI=1S/C17H21NO4/c1-18-13-7-11(8-14(18)16-15(13)22-16)21-17(20)12(9-19)10-5-3-2-4-6-10/h2-6,11-16,19H,7-9H2,1H3	0.9801561863214322	InChI=1S/C9H18N4O4/c1-5(7(14)15)13-6(8(16)17)3-2-4-12-9(10)11/h5-6,13H,2-4H2,1H3,(H,14,15)(H,16,17)(H4,10,11,12)	0.22505892073341985	0.11428571428571428	0.029850746268656716	0.10606060606060606	35.446719706363325	93
55	InChI=1S/C16H12O7/c1-22-11-4-7(2-3-9(11)18)16-15(21)14(20)13-10(19)5-8(17)6-12(13)23-16/h2-6,17-19,21H,1H3	0.804517	InChI=1S/C15H10O6/c16-8-3-1-7(2-4-8)15-14(20)13(19)12-10(18)5-9(17)6-11(12)21-15/h1-6,16-18,20H	0.67977282185724	InChI=1S/C16H12O7/c1-22-12-4-7(2-3-8(12)17)11-5-9(18)14-13(23-11)6-10(19)15(20)16(14)21/h2-6,17,19-21H,1H3	0.3795853722779573	0.6744186046511628	0.5192307692307693	0.3148148148148148	35.80529494922493	94
34	InChI=1S/C20H24O9/c1-7-12(22)26-10-6-17-9-5-8(16(2,3)4)18(17)11(21)13(23)28-15(18)29-20(17,14(24)27-9)19(7,10)25/h7-11,15,21,25H,5-6H2,1-4H3/t7-,8+,9-,10+,11+,15+,17?,18?,19-,20-/m1/s1	0.782643	InChI=1S/C20H24O10/c1-6-12(23)28-11-9(21)18-8-5-7(16(2,3)4)17(18)10(22)13(24)29-15(17)30-20(18,14(25)27-8)19(6,11)26/h6-11,15,21-22,26H,5H2,1-4H3	0.8348530373955501	InChI=1S/C21H25ClO6/c1-6-12(2)9-13(3)7-8-15-10-16-17(22)18(24)20(5,28-14(4)23)19(25)21(16,26)11-27-15/h7-10,12,26H,6,11H2,1-5H3	0.18009818967822233	0.6666666666666666	0.11458333333333333	0.12631578947368421	38.27022914016469	95
17	InChI=1S/C14H9NO2/c1-8-6-7-15-12-11(8)13(16)9-4-2-3-5-10(9)14(12)17/h2-7H,1H3	0.8753719999999999	InChI=1S/C21H34N2/c1-13-17-5-6-19-16-4-3-14-11-15(22)7-9-20(14,2)18(16)8-10-21(17,19)12-23-13/h3,13,15-19,23H,4-12,22H2,1-2H3	0.7778118332796314	InChI=1S/C10H9NO5/c11-7(12)6-3-5-4-1-2-10(5,14)9(13)16-8(4)15-6/h1-5,8,14H,(H2,11,12)	0.1476987180508956	0.06060606060606061	0.10714285714285714	0.05405405405405406	39.039220063156236	96
