Id,Chemical name,Reported,Chemical class,InChI,Relative molecular weight,Precursor m/z,Retention time,Precursor m/z âˆ’ relative molecular weight,InChI GNPS - min peaks 6 - max delta mass 0.0,Score GNPS - min peaks 6 - max delta mass 0.0,InChI GNPS - min peaks 6 - max delta mass 10.0,Score GNPS - min peaks 6 - max delta mass 10.0,InChI GNPS - min peaks 6 - max delta mass 25.0,Score GNPS - min peaks 6 - max delta mass 25.0,InChI GNPS - min peaks 6 - max delta mass 50.0,Score GNPS - min peaks 6 - max delta mass 50.0,InChI GNPS - min peaks 6 - max delta mass 100.0,Score GNPS - min peaks 6 - max delta mass 100.0,InChI GNPS - min peaks 6 - max delta mass 250.0,Score GNPS - min peaks 6 - max delta mass 250.0,InChI GNPS - min peaks 6 - max delta mass 500.0,Score GNPS - min peaks 6 - max delta mass 500.0,InChI GNPS - min peaks 6 - max delta mass 0.02,Score GNPS - min peaks 6 - max delta mass 0.02,InChI GNPS - min peaks 6 - max delta mass 0.1,Score GNPS - min peaks 6 - max delta mass 0.1,InChI GNPS - min peaks 5 - max delta mass 0.0,Score GNPS - min peaks 5 - max delta mass 0.0,InChI GNPS - min peaks 5 - max delta mass 10.0,Score GNPS - min peaks 5 - max delta mass 10.0,InChI GNPS - min peaks 5 - max delta mass 25.0,Score GNPS - min peaks 5 - max delta mass 25.0,InChI GNPS - min peaks 5 - max delta mass 50.0,Score GNPS - min peaks 5 - max delta mass 50.0,InChI GNPS - min peaks 5 - max delta mass 100.0,Score GNPS - min peaks 5 - max delta mass 100.0,InChI GNPS - min peaks 5 - max delta mass 250.0,Score GNPS - min peaks 5 - max delta mass 250.0,InChI GNPS - min peaks 5 - max delta mass 500.0,Score GNPS - min peaks 5 - max delta mass 500.0,InChI GNPS - min peaks 5 - max delta mass 0.02,Score GNPS - min peaks 5 - max delta mass 0.02,InChI GNPS - min peaks 5 - max delta mass 0.1,Score GNPS - min peaks 5 - max delta mass 0.1,InChI GNPS - min peaks 4 - max delta mass 0.0,Score GNPS - min peaks 4 - max delta mass 0.0,InChI GNPS - min peaks 4 - max delta mass 10.0,Score GNPS - min peaks 4 - max delta mass 10.0
1,13-hydroxylupanine,1,Bisquinolizidine alkaloid,"InChI=1S/C15H24N2O2/c18-12-4-5-16-8-10-6-11(14(16)7-12)9-17-13(10)2-1-3-15(17)19/h10-14,18H,1-9H2/t10-,11-,12-,13+,14-/m0/s1",264.3690000000001,265.1908615,43.819,0.8218614999998977, ,0.184358, ,0.184358, ,0.184358, ,0.184358, ,0.184358, ,0.184358, ,0.184358, ,0.184358, ,0.184358, ,0.184358, ,0.184358, ,0.184358, ,0.184358, ,0.184358, ,0.184358, ,0.184358, ,0.184358, ,0.184358, ,0.184358, ,0.184358
2,3-beta-amino-pregnane,1,Steroidal alkaloid,"InChI=1S/C21H37N/c1-4-14-6-8-18-17-7-5-15-13-16(22)9-11-21(15,3)19(17)10-12-20(14,18)2/h14-19H,4-13,22H2,1-3H3/t14-,15-,16-,17-,18-,19-,20+,21-/m0/s1",303.53400000000005,304.299793,179.266,0.7657929999999737,N/A,0.2287,N/A,0.2287,N/A,0.2287,N/A,0.2287,N/A,0.2287,N/A,0.2287,N/A,0.2287,N/A,0.2287,N/A,0.2287,N/A,0.2287,N/A,0.2287,N/A,0.2287,N/A,0.2287,N/A,0.2287,N/A,0.2287,N/A,0.2287,N/A,0.2287,N/A,0.2287,N/A,0.2287,N/A,0.2287
3,3-beta-dimethylamino-20-beta-hydroxy-5-pregnene,1,Steroidal alkaloid,"InChI=1S/C23H39NO/c1-15(25)19-8-9-20-18-7-6-16-14-17(24(4)5)10-12-22(16,2)21(18)11-13-23(19,20)3/h6,15,17-21,25H,7-14H2,1-5H3/t15-,17+,18+,19-,20+,21+,22+,23-/m1/s1",345.57099999999997,346.3103033,134.484,0.7393033000000173, ,0.432069, ,0.432069, ,0.432069, ,0.432069, ,0.432069, ,0.432069, ,0.432069, ,0.432069, ,0.432069, ,0.432069, ,0.432069, ,0.432069, ,0.432069, ,0.432069, ,0.432069, ,0.432069, ,0.432069, ,0.432069, ,0.432069, ,0.432069
4,3-beta-methylamino-20-oxo-5-pregnene,1,Steroidal alkaloid,"InChI=1S/C22H35NO/c1-14(24)18-7-8-19-17-6-5-15-13-16(23-4)9-11-21(15,2)20(17)10-12-22(18,19)3/h5,16-20,23H,6-13H2,1-4H3/t16-,17-,18+,19-,20-,21-,22+/m0/s1",329.528,330.2790364,133.517,0.7510363999999754, ,0.239411, ,0.239411, ,0.239411, ,0.239411, ,0.239411, ,0.239411, ,0.239411, ,0.239411, ,0.239411, ,0.239411, ,0.239411, ,0.239411, ,0.239411, ,0.239411, ,0.239411, ,0.239411, ,0.239411, ,0.239411, ,0.239411, ,0.239411
5,Alchorneine,1,Imidazopyrimidine alkaloid,"InChI=1S/C12H19N3O/c1-9(2)10-8-14-7-6-12(3,4)13-11(14)15(10)16-5/h6-7,10H,1,8H2,2-5H3/t10-/m0/s1",221.30399999999997,222.1597604,92.382,0.8557604000000367, ,0.135805, ,0.135805, ,0.135805, ,0.135805, ,0.135805, ,0.135805, ,0.135805, ,0.135805, ,0.135805, ,0.135805, ,0.135805, ,0.135805, ,0.135805, ,0.135805, ,0.135805, ,0.135805, ,0.135805, ,0.135805, ,0.135805, ,0.135805
6,Anantine,1,Imidazole alkaloid,"InChI=1S/C15H15N3O/c1-18-9-14(17-10-18)13-8-16-15(19)12(13)7-11-5-3-2-4-6-11/h2-7,9-10,13H,8H2,1H3,(H,16,19)/b12-7+/t13-/m1/s1",253.305,254.1288312,76.018,0.8238312000000008, ,0.204085, ,0.204085, ,0.204085, ,0.204085, ,0.204085, ,0.204085, ,0.204085, ,0.204085, ,0.204085, ,0.204085, ,0.204085, ,0.204085, ,0.204085, ,0.204085, ,0.204085, ,0.204085, ,0.204085, ,0.204085, ,0.204085, ,0.204085
7,Ancistroealaine A,1,Naphthalene-Isoquinoline alkaloid,"InChI=1S/C26H29NO4/c1-14-10-18-17(8-9-20(28-4)26(18)21(11-14)29-5)25-19-12-15(2)27-16(3)24(19)22(30-6)13-23(25)31-7/h8-11,13,15H,12H2,1-7H3",419.52100000000024,420.2172241,113.534,0.6962240999997675, ,0.0788206, ,0.0788206, ,0.0788206, ,0.0788206, ,0.0788206, ,0.0788206, ,0.0788206, ,0.0788206, ,0.0788206, ,0.0788206, ,0.0788206, ,0.0788206, ,0.0788206, ,0.0788206, ,0.0788206, ,0.0788206, ,0.0788206, ,0.0788206, ,0.0788206, ,0.0788206
8,Annomontine,1,Pyrimidine/Beta-carboline alkaloid,"InChI=1S/C15H11N5/c16-15-18-8-6-12(20-15)14-13-10(5-7-17-14)9-3-1-2-4-11(9)19-13/h1-8,19H,(H2,16,18,20)",261.288,262.1088596,114.911,0.8208596000000057, ,0.185452, ,0.185452, ,0.185452, ,0.185452, ,0.185452, ,0.185452, ,0.185452, ,0.185452, ,0.185452, ,0.185452, ,0.185452, ,0.185452, ,0.185452, ,0.185452, ,0.185452, ,0.185452, ,0.185452, ,0.185452, ,0.185452, ,0.185452
9,Asaronaldehyde,1,Monoaromatic,"InChI=1S/C10H12O4/c1-12-8-5-10(14-3)9(13-2)4-7(8)6-11/h4-6H,1-3H3",196.20199999999997,197.080777,121.474,0.8787770000000421, ,0.134918, ,0.134918, ,0.134918, ,0.134918, ,0.134918, ,0.134918, ,0.134918, ,0.134918, ,0.134918, ,0.134918, ,0.134918, ,0.134918, ,0.134918, ,0.134918, ,0.134918, ,0.134918, ,0.134918, ,0.134918, ,0.134918, ,0.134918
10,Baleabuxidine,1,Cycloartane-type triterpene,"InChI=1S/C30H50N2O4/c1-17(2)25(36)31-22-11-12-29-15-30(29)21(10-9-20(29)26(22,4)16-33)27(5)13-19(34)24(18(3)32(7)8)28(27,6)14-23(30)35/h17-22,24,33-34H,9-16H2,1-8H3,(H,31,36)/t18-,19+,20-,21-,22-,24-,26-,27-,28+,29+,30-/m0/s1",502.7400000000001,503.3842068,109.689,0.6442067999998926, ,0.320212, ,0.320212, ,0.320212, ,0.320212, ,0.320212, ,0.320212, ,0.320212, ,0.320212, ,0.320212, ,0.320212, ,0.320212, ,0.320212, ,0.320212, ,0.320212, ,0.320212, ,0.320212, ,0.320212, ,0.320212, ,0.320212, ,0.320212
11,Bursehernine,1,Lignan,"InChI=1S/C21H22O6/c1-23-17-5-3-14(9-19(17)24-2)8-16-15(11-25-21(16)22)7-13-4-6-18-20(10-13)27-12-26-18/h3-6,9-10,15-16H,7-8,11-12H2,1-2H3/t15-,16+/m0/s1",370.4010000000001,371.1490702,175.014,0.7480701999998587, ,0.21781599999999998, ,0.21781599999999998, ,0.21781599999999998, ,0.21781599999999998, ,0.21781599999999998, ,0.21781599999999998, ,0.21781599999999998, ,0.21781599999999998, ,0.21781599999999998, ,0.21781599999999998, ,0.21781599999999998, ,0.21781599999999998, ,0.21781599999999998, ,0.21781599999999998, ,0.21781599999999998, ,0.21781599999999998, ,0.21781599999999998, ,0.21781599999999998, ,0.21781599999999998, ,0.21781599999999998
12,Caffeic acid,1,Phenylpropene,"InChI=1S/C9H8O4/c10-7-3-1-6(5-8(7)11)2-4-9(12)13/h1-5,10-11H,(H,12,13)/b4-2+",180.159,181.0497589,83.187,0.8907589000000087, ,0.09325789999999999, ,0.09325789999999999, ,0.09325789999999999, ,0.09325789999999999, ,0.09325789999999999, ,0.09325789999999999, ,0.09325789999999999, ,0.09325789999999999, ,0.09325789999999999, ,0.09325789999999999, ,0.09325789999999999, ,0.09325789999999999, ,0.09325789999999999, ,0.09325789999999999, ,0.09325789999999999, ,0.09325789999999999, ,0.09325789999999999, ,0.09325789999999999, ,0.09325789999999999, ,0.09325789999999999
13,Caffeine,1,Purine alkaloid,"InChI=1S/C8H10N4O2/c1-10-4-9-6-5(10)7(13)12(3)8(14)11(6)2/h4H,1-3H3",194.194,195.0877666,72.395,0.8937666000000206, ,0.29637199999999997, ,0.29637199999999997, ,0.29637199999999997, ,0.29637199999999997, ,0.29637199999999997, ,0.29637199999999997, ,0.29637199999999997, ,0.29637199999999997, ,0.29637199999999997, ,0.29637199999999997, ,0.29637199999999997, ,0.29637199999999997, ,0.29637199999999997, ,0.29637199999999997, ,0.29637199999999997, ,0.29637199999999997, ,0.29637199999999997, ,0.29637199999999997, ,0.29637199999999997, ,0.29637199999999997
14,Chimonanthine,1,Dimeric pyrrolidinoindoline alkaloid,"InChI=1S/C22H26N4/c1-25-13-11-21(15-7-3-5-9-17(15)23-19(21)25)22-12-14-26(2)20(22)24-18-10-6-4-8-16(18)22/h3-10,19-20,23-24H,11-14H2,1-2H3/t19-,20-,21+,22+/m1/s1",346.47799999999995,347.2231179,52.218,0.7451179000000252, ,0.18123499999999998, ,0.18123499999999998, ,0.18123499999999998, ,0.18123499999999998, ,0.18123499999999998, ,0.18123499999999998, ,0.18123499999999998, ,0.18123499999999998, ,0.18123499999999998, ,0.18123499999999998, ,0.18123499999999998, ,0.18123499999999998, ,0.18123499999999998, ,0.18123499999999998, ,0.18123499999999998, ,0.18123499999999998, ,0.18123499999999998, ,0.18123499999999998, ,0.18123499999999998, ,0.18123499999999998
15,Cinegalline,1,Bisquinolizidine alkaloid,"InChI=1S/C23H30N2O6/c1-30-22-19(26)8-13(9-20(22)27)23(29)31-16-5-6-24-11-14-7-15(18(24)10-16)12-25-17(14)3-2-4-21(25)28/h8-9,14-18,26-27H,2-7,10-12H2,1H3/t14-,15-,16-,17+,18-/m0/s1",430.5010000000002,431.2174886,80.959,0.7164885999998205, ,0.178001, ,0.178001, ,0.178001, ,0.178001, ,0.178001, ,0.178001, ,0.178001, ,0.178001, ,0.178001, ,0.178001, ,0.178001, ,0.178001, ,0.178001, ,0.178001, ,0.178001, ,0.178001, ,0.178001, ,0.178001, ,0.178001, ,0.178001
16,Cineverine,1,Bisquinolizidine alkaloid,"InChI=1S/C24H32N2O5/c1-29-21-7-6-15(11-22(21)30-2)24(28)31-18-8-9-25-13-16-10-17(20(25)12-18)14-26-19(16)4-3-5-23(26)27/h6-7,11,16-20H,3-5,8-10,12-14H2,1-2H3/t16-,17-,18-,19+,20-/m0/s1",428.52900000000017,429.2377686,96.206,0.7087685999998143, ,0.174976, ,0.174976, ,0.174976, ,0.174976, ,0.174976, ,0.174976, ,0.174976, ,0.174976, ,0.174976, ,0.174976, ,0.174976, ,0.174976, ,0.174976, ,0.174976, ,0.174976, ,0.174976, ,0.174976, ,0.174976, ,0.174976, ,0.174976
17,Cleistopholine,1,Azaanthraquinone,"InChI=1S/C14H9NO2/c1-8-6-7-15-12-11(8)13(16)9-4-2-3-5-10(9)14(12)17/h2-7H,1H3",223.23099999999997,224.0705536,139.053,0.8395536000000448, ,0.169018, ,0.169018, ,0.169018, ,0.169018, ,0.169018, ,0.169018, ,0.169018, ,0.169018, ,0.169018, ,0.169018, ,0.169018, ,0.169018, ,0.169018, ,0.169018, ,0.169018, ,0.169018, ,0.169018, ,0.169018, ,0.169018, ,0.169018
18,Conarrhimine,1,Steroidal alkaloid,"InChI=1S/C21H34N2/c1-13-17-5-6-19-16-4-3-14-11-15(22)7-9-20(14,2)18(16)8-10-21(17,19)12-23-13/h3,13,15-19,23H,4-12,22H2,1-2H3/t13-,15-,16+,17+,18-,19-,20-,21-/m0/s1",314.51700000000005,315.2786407,93.997,0.7616406999999299, ,0.413817, ,0.413817, ,0.413817, ,0.413817, ,0.413817, ,0.413817, ,0.413817, ,0.413817, ,0.413817, ,0.413817, ,0.413817, ,0.413817, ,0.413817, ,0.413817, ,0.413817, ,0.413817, ,0.413817, ,0.413817, ,0.413817, ,0.413817
19,Conessine,1,Steroidal alkaloid,"InChI=1S/C24H40N2/c1-16-20-8-9-22-19-7-6-17-14-18(25(3)4)10-12-23(17,2)21(19)11-13-24(20,22)15-26(16)5/h6,16,18-22H,7-15H2,1-5H3/t16-,18-,19+,20+,21-,22-,23-,24-/m0/s1",356.59799999999996,357.3261312,83.81,0.7281312000000639, ,0.40728000000000003, ,0.40728000000000003, ,0.40728000000000003, ,0.40728000000000003, ,0.40728000000000003, ,0.40728000000000003, ,0.40728000000000003, ,0.40728000000000003, ,0.40728000000000003, ,0.40728000000000003, ,0.40728000000000003, ,0.40728000000000003, ,0.40728000000000003, ,0.40728000000000003, ,0.40728000000000003, ,0.40728000000000003, ,0.40728000000000003, ,0.40728000000000003, ,0.40728000000000003, ,0.40728000000000003
20,Conimine,1,Steroidal alkaloid,"InChI=1S/C22H36N2/c1-14-18-6-7-20-17-5-4-15-12-16(23-3)8-10-21(15,2)19(17)9-11-22(18,20)13-24-14/h4,14,16-20,23-24H,5-13H2,1-3H3/t14-,16-,17+,18+,19-,20-,21-,22-/m0/s1",328.544,329.2958114,76.688,0.7518114000000082, ,0.44665, ,0.44665, ,0.44665, ,0.44665, ,0.44665, ,0.44665, ,0.44665, ,0.44665, ,0.44665, ,0.44665, ,0.44665, ,0.44665, ,0.44665, ,0.44665, ,0.44665, ,0.44665, ,0.44665, ,0.44665, ,0.44665, ,0.44665
21,Corydaldin,1,Isoquinoline alkaloid,"InChI=1S/C11H13NO3/c1-14-9-5-7-3-4-12-11(13)8(7)6-10(9)15-2/h5-6H,3-4H2,1-2H3,(H,12,13)",207.22899999999998,208.0967157,88.993,0.8677157000000193, ,0.26222399999999996, ,0.26222399999999996, ,0.26222399999999996, ,0.26222399999999996, ,0.26222399999999996, ,0.26222399999999996, ,0.26222399999999996, ,0.26222399999999996, ,0.26222399999999996, ,0.26222399999999996, ,0.26222399999999996, ,0.26222399999999996, ,0.26222399999999996, ,0.26222399999999996, ,0.26222399999999996, ,0.26222399999999996, ,0.26222399999999996, ,0.26222399999999996, ,0.26222399999999996, ,0.26222399999999996
22,Cyanidol,1,Anthocyanin flavonoid,"InChI=1S/C15H10O6/c16-8-4-11(18)9-6-13(20)15(21-14(9)5-8)7-1-2-10(17)12(19)3-7/h1-6H,(H4-,16,17,18,19,20)/p+1",287.247,287.0551046,85.106,-0.19189540000002125, ,0.236562, ,0.236562, ,0.236562, ,0.236562, ,0.236562, ,0.236562, ,0.236562, ,0.236562, ,0.236562, ,0.236562, ,0.236562, ,0.236562, ,0.236562, ,0.236562, ,0.236562, ,0.236562, ,0.236562, ,0.236562, ,0.236562, ,0.236562
23,Cycloamanide A,1,Cyclic peptide,"InChI=1S/C33H42N6O6/c1-20(2)28-33(45)37-25(18-23-13-8-5-9-14-23)31(43)36-24(17-22-11-6-4-7-12-22)30(42)35-21(3)29(41)34-19-27(40)39-16-10-15-26(39)32(44)38-28/h4-9,11-14,20-21,24-26,28H,10,15-19H2,1-3H3,(H,34,41)(H,35,42)(H,36,43)(H,37,45)(H,38,44)/t21-,24-,25-,26-,28-/m0/s1",618.7350000000005,619.3236389,146.006,0.5886388999995233, ,0.194912, ,0.194912, ,0.194912, ,0.194912, ,0.194912, ,0.194912, ,0.194912, ,0.194912, ,0.194912, ,0.194912, ,0.194912, ,0.194912, ,0.194912, ,0.194912, ,0.194912, ,0.194912, ,0.194912, ,0.194912, ,0.194912, ,0.194912
24,Cynodine,1,Imidazole alkaloid,"InChI=1S/C23H23N3O3/c1-25-14-19(24-15-25)18-13-26(2)22(27)20(18)21(16-9-5-3-6-10-16)29-23(28)17-11-7-4-8-12-17/h3-12,14-15,18,20-21H,13H2,1-2H3/t18-,20+,21+/m0/s1",389.4550000000001,390.1808573,116.696,0.725857299999916,N/A,0.12396300000000002,N/A,0.12396300000000002,N/A,0.12396300000000002,N/A,0.12396300000000002,N/A,0.12396300000000002,N/A,0.12396300000000002,N/A,0.12396300000000002,N/A,0.12396300000000002,N/A,0.12396300000000002,N/A,0.12396300000000002,N/A,0.12396300000000002,N/A,0.12396300000000002,N/A,0.12396300000000002,N/A,0.12396300000000002,N/A,0.12396300000000002,N/A,0.12396300000000002,N/A,0.12396300000000002,N/A,0.12396300000000002,N/A,0.12396300000000002,N/A,0.12396300000000002
25,Cytisine,1,Quinolizidine alkaloid,"InChI=1S/C11H14N2O/c14-11-3-1-2-10-9-4-8(5-12-6-9)7-13(10)11/h1-3,8-9,12H,4-7H2/t8-,9+/m0/s1",190.246,191.1181208,23.9,0.8721208000000047, ,0.18993, ,0.18993, ,0.18993, ,0.18993, ,0.18993, ,0.18993, ,0.18993, ,0.18993, ,0.18993, ,0.18993, ,0.18993, ,0.18993, ,0.18993, ,0.18993, ,0.18993, ,0.18993, ,0.18993, ,0.18993, ,0.18993, ,0.18993
26,Damnacanthol,1,Anthraquinone,"InChI=1S/C16H12O5/c1-21-16-11(7-17)12(18)6-10-13(16)15(20)9-5-3-2-4-8(9)14(10)19/h2-6,17-18H,7H2,1H3",284.267,269.0808614,164.826,-15.186138599999992, ,0.11416099999999998, ,0.11416099999999998, ,0.11416099999999998, ,0.11416099999999998, ,0.11416099999999998, ,0.11416099999999998, ,0.11416099999999998, ,0.11416099999999998, ,0.11416099999999998, ,0.11416099999999998, ,0.11416099999999998, ,0.11416099999999998, ,0.11416099999999998, ,0.11416099999999998, ,0.11416099999999998, ,0.11416099999999998, ,0.11416099999999998, ,0.11416099999999998, ,0.11416099999999998, ,0.11416099999999998
27,Dehydrovomifoliol,1,Megastigmane norisoprenoid,"InChI=1S/C13H18O3/c1-9-7-11(15)8-12(3,4)13(9,16)6-5-10(2)14/h5-7,16H,8H2,1-4H3/b6-5+/t13-/m1/s1",222.28399999999996,223.1325972,100.641,0.8485972000000288, ,0.212017, ,0.212017, ,0.212017, ,0.212017, ,0.212017, ,0.212017, ,0.212017, ,0.212017, ,0.212017, ,0.212017, ,0.212017, ,0.212017, ,0.212017, ,0.212017, ,0.212017, ,0.212017, ,0.212017, ,0.212017, ,0.212017, ,0.212017
28,Deoxofuntumine,1,Steroidal alkaloid,"InChI=1S/C21H37N/c1-4-14-6-8-18-17-7-5-15-13-16(22)9-11-21(15,3)19(17)10-12-20(14,18)2/h14-19H,4-13,22H2,1-3H3/t14-,15-,16+,17-,18-,19-,20+,21-/m0/s1",303.53400000000005,304.2997651,179.602,0.7657650999999532,N/A,0.316506,N/A,0.316506,N/A,0.316506,N/A,0.316506,N/A,0.316506,N/A,0.316506,N/A,0.316506,N/A,0.316506,N/A,0.316506,N/A,0.316506,N/A,0.316506,N/A,0.316506,N/A,0.316506,N/A,0.316506,N/A,0.316506,N/A,0.316506,N/A,0.316506,N/A,0.316506,N/A,0.316506,N/A,0.316506
29,Deoxopodophyllotoxine,1,Aryltetralin-type lignan,"InChI=1S/C22H22O7/c1-24-17-6-12(7-18(25-2)21(17)26-3)19-14-8-16-15(28-10-29-16)5-11(14)4-13-9-27-22(23)20(13)19/h5-8,13,19-20H,4,9-10H2,1-3H3/t13-,19+,20-/m0/s1",398.4110000000002,399.1433716,188.207,0.7323715999998512, ,0.139145, ,0.139145, ,0.139145, ,0.139145, ,0.139145, ,0.139145, ,0.139145, ,0.139145, ,0.139145, ,0.139145, ,0.139145, ,0.139145, ,0.139145, ,0.139145, ,0.139145, ,0.139145, ,0.139145, ,0.139145, ,0.139145, ,0.139145
30,Digoxigenin,1,Cardenolide-type steroid,"InChI=1S/C23H34O5/c1-21-7-5-15(24)10-14(21)3-4-17-18(21)11-19(25)22(2)16(6-8-23(17,22)27)13-9-20(26)28-12-13/h9,14-19,24-25,27H,3-8,10-12H2,1-2H3/t14-,15+,16-,17-,18+,19-,21+,22+,23+/m1/s1",390.52000000000015,391.248057,96.536,0.7280569999998647, ,0.180204, ,0.180204, ,0.180204, ,0.180204, ,0.180204, ,0.180204, ,0.180204, ,0.180204, ,0.180204, ,0.180204, ,0.180204, ,0.180204, ,0.180204, ,0.180204, ,0.180204, ,0.180204, ,0.180204, ,0.180204, ,0.180204, ,0.180204
31,Dihydrotriacanthine,1,Prenylated purine alkaloid,"InChI=1S/C10H15N5/c1-7(2)3-4-15-6-14-9(11)8-10(15)13-5-12-8/h5-7H,3-4,11H2,1-2H3",205.265,206.1400117,80.952,0.8750117000000159, ,0.280781, ,0.280781, ,0.280781, ,0.280781, ,0.280781, ,0.280781, ,0.280781, ,0.280781, ,0.280781, ,0.280781, ,0.280781, ,0.280781, ,0.280781, ,0.280781, ,0.280781, ,0.280781, ,0.280781, ,0.280781, ,0.280781, ,0.280781
32,Eserine,1,Beta-carboline alkaloid,"InChI=1S/C15H21N3O2/c1-15-7-8-17(3)13(15)18(4)12-6-5-10(9-11(12)15)20-14(19)16-2/h5-6,9,13H,7-8H2,1-4H3,(H,16,19)/t13-,15+/m1/s1",275.352,276.1707382,80.08,0.8187382000000412, ,0.205109, ,0.205109, ,0.205109, ,0.205109, ,0.205109, ,0.205109, ,0.205109, ,0.205109, ,0.205109, ,0.205109, ,0.205109, ,0.205109, ,0.205109, ,0.205109, ,0.205109, ,0.205109, ,0.205109, ,0.205109, ,0.205109, ,0.205109
33,Funtumine,1,Steroidal alkaloid,"InChI=1S/C21H35NO/c1-13(23)17-6-7-18-16-5-4-14-12-15(22)8-10-20(14,2)19(16)9-11-21(17,18)3/h14-19H,4-12,22H2,1-3H3/t14-,15+,16-,17+,18-,19-,20-,21+/m0/s1",317.51700000000005,318.2787335,133.251,0.7617334999999343, ,0.419462, ,0.419462, ,0.419462, ,0.419462, ,0.419462, ,0.419462, ,0.419462, ,0.419462, ,0.419462, ,0.419462, ,0.419462, ,0.419462, ,0.419462, ,0.419462, ,0.419462, ,0.419462, ,0.419462, ,0.419462, ,0.419462, ,0.419462
34,Ginkgolide A,1,Diterpene lactone,"InChI=1S/C20H24O9/c1-7-12(22)26-10-6-17-9-5-8(16(2,3)4)18(17)11(21)13(23)28-15(18)29-20(17,14(24)27-9)19(7,10)25/h7-11,15,21,25H,5-6H2,1-4H3/t7-,8+,9-,10+,11+,15+,17-,18+,19-,20-/m1/s1",408.40300000000013,409.1497362,122.762,0.746736199999873, ,0.25148400000000004, ,0.25148400000000004, ,0.25148400000000004, ,0.25148400000000004, ,0.25148400000000004, ,0.25148400000000004, ,0.25148400000000004, ,0.25148400000000004, ,0.25148400000000004, ,0.25148400000000004, ,0.25148400000000004, ,0.25148400000000004, ,0.25148400000000004, ,0.25148400000000004, ,0.25148400000000004, ,0.25148400000000004, ,0.25148400000000004, ,0.25148400000000004, ,0.25148400000000004, ,0.25148400000000004
35,Ginkgolide B,1,Diterpene lactone,"InChI=1S/C20H24O10/c1-6-12(23)28-11-9(21)18-8-5-7(16(2,3)4)17(18)10(22)13(24)29-15(17)30-20(18,14(25)27-8)19(6,11)26/h6-11,15,21-22,26H,5H2,1-4H3/t6-,7+,8-,9+,10+,11+,15+,17+,18+,19-,20-/m1/s1",424.40200000000016,425.1444041,122.603,0.7424040999998169, ,0.26319699999999996, ,0.26319699999999996, ,0.26319699999999996, ,0.26319699999999996, ,0.26319699999999996, ,0.26319699999999996, ,0.26319699999999996, ,0.26319699999999996, ,0.26319699999999996, ,0.26319699999999996, ,0.26319699999999996, ,0.26319699999999996, ,0.26319699999999996, ,0.26319699999999996, ,0.26319699999999996, ,0.26319699999999996, ,0.26319699999999996, ,0.26319699999999996, ,0.26319699999999996, ,0.26319699999999996
36,Ginkgolide C,1,Diterpene lactone,"InChI=1S/C20H24O11/c1-5-12(24)28-11-8(22)18-10-6(21)7(16(2,3)4)17(18)9(23)13(25)30-15(17)31-20(18,14(26)29-10)19(5,11)27/h5-11,15,21-23,27H,1-4H3/t5-,6-,7+,8+,9+,10-,11+,15+,17+,18+,19-,20-/m1/s1",440.4010000000001,441.1392473,99.852,0.7382472999998981, ,0.24361799999999997, ,0.24361799999999997, ,0.24361799999999997, ,0.24361799999999997, ,0.24361799999999997, ,0.24361799999999997, ,0.24361799999999997, ,0.24361799999999997, ,0.24361799999999997, ,0.24361799999999997, ,0.24361799999999997, ,0.24361799999999997, ,0.24361799999999997, ,0.24361799999999997, ,0.24361799999999997, ,0.24361799999999997, ,0.24361799999999997, ,0.24361799999999997, ,0.24361799999999997, ,0.24361799999999997
37,Gitoxigenin,1,Cardenolide-type steroid,"InChI=1S/C23H34O5/c1-21-7-5-15(24)10-14(21)3-4-17-16(21)6-8-22(2)20(13-9-19(26)28-12-13)18(25)11-23(17,22)27/h9,14-18,20,24-25,27H,3-8,10-12H2,1-2H3/t14-,15+,16+,17-,18+,20+,21+,22-,23+/m1/s1",390.52000000000015,413.2299906,120.919,22.709990599999855, ,0.0826684, ,0.0826684, ,0.0826684, ,0.0826684, ,0.0826684, ,0.0826684, ,0.0826684, ,0.0826684, ,0.0826684, ,0.0826684, ,0.0826684, ,0.0826684, ,0.0826684, ,0.0826684, ,0.0826684, ,0.0826684, ,0.0826684, ,0.0826684, ,0.0826684, ,0.0826684
38,Gitoxin,1,Cardenolide-type steroid,"InChI=1S/C41H64O14/c1-19-36(47)27(42)14-33(50-19)54-38-21(3)52-34(16-29(38)44)55-37-20(2)51-32(15-28(37)43)53-24-8-10-39(4)23(13-24)6-7-26-25(39)9-11-40(5)35(22-12-31(46)49-18-22)30(45)17-41(26,40)48/h12,19-21,23-30,32-38,42-45,47-48H,6-11,13-18H2,1-5H3/t19-,20-,21-,23-,24+,25+,26-,27+,28+,29+,30+,32+,33+,34+,35+,36-,37-,38-,39+,40-,41+/m1/s1",780.9490000000005,803.4182739,152.278,22.469273899999507,,,,,,,,,,,,,,,,,,, ,0.0157442, ,0.0157442, ,0.0157442, ,0.0157442, ,0.0157442, ,0.0157442, ,0.0157442, ,0.0157442, ,0.0157442, ,0.0157442, ,0.0157442
39,Holafebrine,1,Steroidal alkaloid,"InChI=1S/C21H35NO/c1-13(22)17-6-7-18-16-5-4-14-12-15(23)8-10-20(14,2)19(16)9-11-21(17,18)3/h4,13,15-19,23H,5-12,22H2,1-3H3/t13-,15-,16-,17+,18-,19-,20-,21+/m0/s1",317.51700000000005,318.2792908,97.524,0.7622907999999597, ,0.420472, ,0.420472, ,0.420472, ,0.420472, ,0.420472, ,0.420472, ,0.420472, ,0.420472, ,0.420472, ,0.420472, ,0.420472, ,0.420472, ,0.420472, ,0.420472, ,0.420472, ,0.420472, ,0.420472, ,0.420472, ,0.420472, ,0.420472
40,Holamine,1,Steroidal alkaloid,"InChI=1S/C21H33NO/c1-13(23)17-6-7-18-16-5-4-14-12-15(22)8-10-20(14,2)19(16)9-11-21(17,18)3/h4,15-19H,5-12,22H2,1-3H3/t15-,16+,17-,18+,19+,20+,21-/m1/s1",315.5010000000001,316.2635153,125.803,0.7625152999999045, ,0.418295, ,0.418295, ,0.418295, ,0.418295, ,0.418295, ,0.418295, ,0.418295, ,0.418295, ,0.418295, ,0.418295, ,0.418295, ,0.418295, ,0.418295, ,0.418295, ,0.418295, ,0.418295, ,0.418295, ,0.418295, ,0.418295, ,0.418295
41,Holaminol,1,Steroidal alkaloid,"InChI=1S/C21H35NO/c1-13(23)17-6-7-18-16-5-4-14-12-15(22)8-10-20(14,2)19(16)9-11-21(17,18)3/h4,13,15-19,23H,5-12,22H2,1-3H3/t13-,15-,16+,17-,18+,19+,20+,21-/m1/s1",317.51700000000005,318.2796725,131.49,0.762672499999951, ,0.414738, ,0.414738, ,0.414738, ,0.414738, ,0.414738, ,0.414738, ,0.414738, ,0.414738, ,0.414738, ,0.414738, ,0.414738, ,0.414738, ,0.414738, ,0.414738, ,0.414738, ,0.414738, ,0.414738, ,0.414738, ,0.414738, ,0.414738
42,Holaphyllamine,1,Steroidal alkaloid,"InChI=1S/C21H33NO/c1-13(23)17-6-7-18-16-5-4-14-12-15(22)8-10-20(14,2)19(16)9-11-21(17,18)3/h4,15-19H,5-12,22H2,1-3H3/t15-,16-,17+,18-,19-,20-,21+/m0/s1",315.5010000000001,316.2636525,133.93,0.7626524999998878, ,0.409092, ,0.409092, ,0.409092, ,0.409092, ,0.409092, ,0.409092, ,0.409092, ,0.409092, ,0.409092, ,0.409092, ,0.409092, ,0.409092, ,0.409092, ,0.409092, ,0.409092, ,0.409092, ,0.409092, ,0.409092, ,0.409092, ,0.409092
43,Holaphyllidine,1,Steroidal alkaloid,"InChI=1S/C22H37NO/c1-14(24)18-7-8-19-17-6-5-15-13-16(23-4)9-11-21(15,2)20(17)10-12-22(18,19)3/h5,14,16-20,23-24H,6-13H2,1-4H3/t14-,16-,17-,18+,19-,20-,21-,22+/m0/s1",331.544,332.2948382,130.0610078125,0.7508382000000324, ,0.45554700000000004, ,0.45554700000000004, ,0.45554700000000004, ,0.45554700000000004, ,0.45554700000000004, ,0.45554700000000004, ,0.45554700000000004, ,0.45554700000000004, ,0.45554700000000004, ,0.45554700000000004, ,0.45554700000000004, ,0.45554700000000004, ,0.45554700000000004, ,0.45554700000000004, ,0.45554700000000004, ,0.45554700000000004, ,0.45554700000000004, ,0.45554700000000004, ,0.45554700000000004, ,0.45554700000000004
44,Holaphylline,1,Steroidal alkaloid,"InChI=1S/C22H35NO/c1-14(24)18-7-8-19-17-6-5-15-13-16(23-4)9-11-21(15,2)20(17)10-12-22(18,19)3/h5,16-20,23H,6-13H2,1-4H3/t16-,17-,18+,19-,20-,21-,22+/m0/s1",329.528,330.2791617,137.509,0.7511616999999546, ,0.402186, ,0.402186, ,0.402186, ,0.402186, ,0.402186, ,0.402186, ,0.402186, ,0.402186, ,0.402186, ,0.402186, ,0.402186, ,0.402186, ,0.402186, ,0.402186, ,0.402186, ,0.402186, ,0.402186, ,0.402186, ,0.402186, ,0.402186
45,Holaphyllinol,1,Steroidal alkaloid,"InChI=1S/C22H37NO/c1-14(24)18-7-8-19-17-6-5-15-13-16(23-4)9-11-21(15,2)20(17)10-12-22(18,19)3/h5,14,16-20,23-24H,6-13H2,1-4H3/t14-,16+,17+,18-,19+,20+,21+,22-/m1/s1",331.544,332.2949295,130.0809921875,0.7509295000000407, ,0.454534, ,0.454534, ,0.454534, ,0.454534, ,0.454534, ,0.454534, ,0.454534, ,0.454534, ,0.454534, ,0.454534, ,0.454534, ,0.454534, ,0.454534, ,0.454534, ,0.454534, ,0.454534, ,0.454534, ,0.454534, ,0.454534, ,0.454534
46,Homaline,1,Spermine-derived alkaloid,"InChI=1S/C30H42N4O2/c1-31-17-11-21-33(29(35)23-27(31)25-13-5-3-6-14-25)19-9-10-20-34-22-12-18-32(2)28(24-30(34)36)26-15-7-4-8-16-26/h3-8,13-16,27-28H,9-12,17-24H2,1-2H3/t27-,28-/m0/s1",490.69200000000035,491.3377845,70.326,0.6457844999996496, ,0.093587, ,0.093587, ,0.093587, ,0.093587, ,0.093587, ,0.093587, ,0.093587, ,0.093587, ,0.093587, ,0.093587, ,0.093587, ,0.093587, ,0.093587, ,0.093587, ,0.093587, ,0.093587, ,0.093587, ,0.093587, ,0.093587, ,0.093587
47,Hyperoside,1,Flavonoid glycoside,"InChI=1S/C21H20O12/c22-6-13-15(27)17(29)18(30)21(32-13)33-20-16(28)14-11(26)4-8(23)5-12(14)31-19(20)7-1-2-9(24)10(25)3-7/h1-5,13,15,17-18,21-27,29-30H,6H2/t13-,15-,17+,18-,21+/m0/s1",464.37900000000013,465.1028544,89.666,0.7238543999998797, ,0.189769, ,0.189769, ,0.189769, ,0.189769, ,0.189769, ,0.189769, ,0.189769, ,0.189769, ,0.189769, ,0.189769, ,0.189769, ,0.189769, ,0.189769, ,0.189769, ,0.189769, ,0.189769, ,0.189769, ,0.189769, ,0.189769, ,0.189769
48,Imperatorin,1,Furanocoumarine,"InChI=1S/C16H14O4/c1-10(2)5-7-19-16-14-12(6-8-18-14)9-11-3-4-13(17)20-15(11)16/h3-6,8-9H,7H2,1-2H3",270.28399999999993,271.0965373,193.586,0.8125373000000877, ,0.1093, ,0.1093, ,0.1093, ,0.1093, ,0.1093, ,0.1093, ,0.1093, ,0.1093, ,0.1093, ,0.1093, ,0.1093, ,0.1093, ,0.1093, ,0.1093, ,0.1093, ,0.1093, ,0.1093, ,0.1093, ,0.1093, ,0.1093
49,Ipecoside,1,Isoquinoline monoterpene alkaloid,"InChI=1S/C27H35NO12/c1-4-14-16(8-18-15-9-20(32)19(31)7-13(15)5-6-28(18)12(2)30)17(25(36)37-3)11-38-26(14)40-27-24(35)23(34)22(33)21(10-29)39-27/h4,7,9,11,14,16,18,21-24,26-27,29,31-35H,1,5-6,8,10H2,2-3H3",565.5720000000002,566.223114,92.12,0.6511139999997795, ,0.0583221, ,0.0583221, ,0.0583221, ,0.0583221, ,0.0583221, ,0.0583221, ,0.0583221, ,0.0583221, ,0.0583221, ,0.0583221, ,0.0583221, ,0.0583221, ,0.0583221, ,0.0583221, ,0.0583221, ,0.0583221, ,0.0583221, ,0.0583221, ,0.0583221, ,0.0583221
50,Isoelaeocarpine,1,Elaeocarpus alkaloids,"InChI=1S/C16H19NO2/c1-10-4-2-6-12-14(10)16(18)15-11-5-3-8-17(11)9-7-13(15)19-12/h2,4,6,11,13,15H,3,5,7-9H2,1H3/t11-,13+,15-/m1/s1",257.333,258.1488249,92.928,0.8158248999999955, ,0.17130599999999999, ,0.17130599999999999, ,0.17130599999999999, ,0.17130599999999999, ,0.17130599999999999, ,0.17130599999999999, ,0.17130599999999999, ,0.17130599999999999, ,0.17130599999999999, ,0.17130599999999999, ,0.17130599999999999, ,0.17130599999999999, ,0.17130599999999999, ,0.17130599999999999, ,0.17130599999999999, ,0.17130599999999999, ,0.17130599999999999, ,0.17130599999999999, ,0.17130599999999999, ,0.17130599999999999
51,Isoferulic acid,1,Phenylpropene,"InChI=1S/C10H10O4/c1-14-9-4-2-7(6-8(9)11)3-5-10(12)13/h2-6,11H,1H3,(H,12,13)/b5-3+",194.18599999999998,195.0651016,100.305,0.8791016000000127, ,0.117666, ,0.117666, ,0.117666, ,0.117666, ,0.117666, ,0.117666, ,0.117666, ,0.117666, ,0.117666, ,0.117666, ,0.117666, ,0.117666, ,0.117666, ,0.117666, ,0.117666, ,0.117666, ,0.117666, ,0.117666, ,0.117666, ,0.117666
52,Isofuntumidine,1,Indolizidine alkaloid,"InChI=1S/C21H37NO/c1-13(23)17-6-7-18-16-5-4-14-12-15(22)8-10-20(14,2)19(16)9-11-21(17,18)3/h13-19,23H,4-12,22H2,1-3H3/t13-,14+,15-,16+,17-,18+,19+,20+,21-/m1/s1",319.5330000000001,320.2947133,121.71,0.7617132999999399, ,0.367552, ,0.367552, ,0.367552, ,0.367552, ,0.367552, ,0.367552, ,0.367552, ,0.367552, ,0.367552, ,0.367552, ,0.367552, ,0.367552, ,0.367552, ,0.367552, ,0.367552, ,0.367552, ,0.367552, ,0.367552, ,0.367552, ,0.367552
53,Isoprunetin,1,Isoflavone-type flavonoid,"InChI=1S/C16H12O5/c1-20-13-6-11(18)7-14-15(13)16(19)12(8-21-14)9-2-4-10(17)5-3-9/h2-8,17-18H,1H3",284.267,285.0761185,109.054,0.809118500000011, ,0.139941, ,0.139941, ,0.139941, ,0.139941, ,0.139941, ,0.139941, ,0.139941, ,0.139941, ,0.139941, ,0.139941, ,0.139941, ,0.139941, ,0.139941, ,0.139941, ,0.139941, ,0.139941, ,0.139941, ,0.139941, ,0.139941, ,0.139941
54,Isoquercitrin,1,Flavonol-type flavonoid,"InChI=1S/C21H20O12/c22-6-13-15(27)17(29)18(30)21(32-13)33-20-16(28)14-11(26)4-8(23)5-12(14)31-19(20)7-1-2-9(24)10(25)3-7/h1-5,13,15,17-18,21-27,29-30H,6H2/t13-,15-,17+,18-,21+/m1/s1",464.37900000000013,465.102948,88.944,0.7239479999998935, ,0.19087300000000001, ,0.19087300000000001, ,0.19087300000000001, ,0.19087300000000001, ,0.19087300000000001, ,0.19087300000000001, ,0.19087300000000001, ,0.19087300000000001, ,0.19087300000000001, ,0.19087300000000001, ,0.19087300000000001, ,0.19087300000000001, ,0.19087300000000001, ,0.19087300000000001, ,0.19087300000000001, ,0.19087300000000001, ,0.19087300000000001, ,0.19087300000000001, ,0.19087300000000001, ,0.19087300000000001
55,Isorhamnetol,1,Flavonol,"InChI=1S/C16H12O7/c1-22-11-4-7(2-3-9(11)18)16-15(21)14(20)13-10(19)5-8(17)6-12(13)23-16/h2-6,17-19,21H,1H3",316.26500000000004,317.0656494,138.115,0.8006493999999407, ,0.14898499999999998, ,0.14898499999999998, ,0.14898499999999998, ,0.14898499999999998, ,0.14898499999999998, ,0.14898499999999998, ,0.14898499999999998, ,0.14898499999999998, ,0.14898499999999998, ,0.14898499999999998, ,0.14898499999999998, ,0.14898499999999998, ,0.14898499999999998, ,0.14898499999999998, ,0.14898499999999998, ,0.14898499999999998, ,0.14898499999999998, ,0.14898499999999998, ,0.14898499999999998, ,0.14898499999999998
56,Kaempferol,1,Flavonol-type flavonoid,"InChI=1S/C15H10O6/c16-8-3-1-7(2-4-8)15-14(20)13(19)12-10(18)5-9(17)6-11(12)21-15/h1-6,16-18,20H",286.239,287.0550028,138.084,0.8160028000000352, ,0.266978, ,0.266978, ,0.266978, ,0.266978, ,0.266978, ,0.266978, ,0.266978, ,0.266978, ,0.266978, ,0.266978, ,0.266978, ,0.266978, ,0.266978, ,0.266978, ,0.266978, ,0.266978, ,0.266978, ,0.266978, ,0.266978, ,0.266978
57,Lupanine,1,Bisquinolizidine alkaloid,"InChI=1S/C15H24N2O/c18-15-6-3-5-14-11-8-12(10-17(14)15)13-4-1-2-7-16(13)9-11/h11-14H,1-10H2/t11-,12-,13+,14+/m0/s1",248.37000000000003,249.1960763,54.141,0.8260762999999542, ,0.17271, ,0.17271, ,0.17271, ,0.17271, ,0.17271, ,0.17271, ,0.17271, ,0.17271, ,0.17271, ,0.17271, ,0.17271, ,0.17271, ,0.17271, ,0.17271, ,0.17271, ,0.17271, ,0.17271, ,0.17271, ,0.17271, ,0.17271
58,Maytenine,1,Macrocyclic spermidine alkaloid,"InChI=1S/C25H31N3O2/c29-24(16-14-22-10-3-1-4-11-22)27-20-8-7-18-26-19-9-21-28-25(30)17-15-23-12-5-2-6-13-23/h1-6,10-17,26H,7-9,18-21H2,(H,27,29)(H,28,30)/b16-14+,17-15+",405.5420000000002,406.2480038,150.89,0.7060037999997917, ,0.10658499999999999, ,0.10658499999999999, ,0.10658499999999999, ,0.10658499999999999, ,0.10658499999999999, ,0.10658499999999999, ,0.10658499999999999, ,0.10658499999999999, ,0.10658499999999999, ,0.10658499999999999, ,0.10658499999999999, ,0.10658499999999999, ,0.10658499999999999, ,0.10658499999999999, ,0.10658499999999999, ,0.10658499999999999, ,0.10658499999999999, ,0.10658499999999999, ,0.10658499999999999, ,0.10658499999999999
59,Monocrotaline,1,Pyrrolizidine alkaloid,"InChI=1S/C16H23NO6/c1-9-13(18)23-11-5-7-17-6-4-10(12(11)17)8-22-14(19)16(3,21)15(9,2)20/h4,9,11-12,20-21H,5-8H2,1-3H3/t9-,11+,12+,15+,16-/m0/s1",325.36100000000005,326.1592529,62.116,0.7982528999999658, ,0.139195, ,0.139195, ,0.139195, ,0.139195, ,0.139195, ,0.139195, ,0.139195, ,0.139195, ,0.139195, ,0.139195, ,0.139195, ,0.139195, ,0.139195, ,0.139195, ,0.139195, ,0.139195, ,0.139195, ,0.139195, ,0.139195, ,0.139195
60,Myricitrine,1,Flavonol-type flavonoid,"InChI=1S/C21H20O12/c1-6-14(26)17(29)18(30)21(31-6)33-20-16(28)13-9(23)4-8(22)5-12(13)32-19(20)7-2-10(24)15(27)11(25)3-7/h2-6,14,17-18,21-27,29-30H,1H3/t6-,14-,17+,18-,21-/m0/s1",464.3790000000001,465.102712,90.2,0.7237119999999209, ,0.14193699999999998, ,0.14193699999999998, ,0.14193699999999998, ,0.14193699999999998, ,0.14193699999999998, ,0.14193699999999998, ,0.14193699999999998, ,0.14193699999999998, ,0.14193699999999998, ,0.14193699999999998, ,0.14193699999999998, ,0.14193699999999998, ,0.14193699999999998, ,0.14193699999999998, ,0.14193699999999998, ,0.14193699999999998, ,0.14193699999999998, ,0.14193699999999998, ,0.14193699999999998, ,0.14193699999999998
61,N-demethylmitiphylline,1,Aminoglycocardenolide,"InChI=1S/C30H47NO6/c1-17-27(31)24(34-4)15-26(36-17)37-20-7-10-28(2)19(14-20)5-6-23-22(28)8-11-29(3)21(9-12-30(23,29)33)18-13-25(32)35-16-18/h13,17,19-24,26-27,33H,5-12,14-16,31H2,1-4H3/t17-,19-,20+,21-,22+,23-,24+,26+,27-,28+,29-,30+/m1/s1",517.7070000000002,518.3473227,117.905,0.6403226999997287, ,0.266769, ,0.266769, ,0.266769, ,0.266769, ,0.266769, ,0.266769, ,0.266769, ,0.266769, ,0.266769, ,0.266769, ,0.266769, ,0.266769, ,0.266769, ,0.266769, ,0.266769, ,0.266769, ,0.266769, ,0.266769, ,0.266769, ,0.266769
62,N-methylcytisine,1,Quinolizidine alkaloid,"InChI=1S/C12H16N2O/c1-13-6-9-5-10(8-13)11-3-2-4-12(15)14(11)7-9/h2-4,9-10H,5-8H2,1H3/t9-,10+/m0/s1",204.27300000000002,205.133667,31.747,0.8606669999999781, ,0.129271, ,0.129271, ,0.129271, ,0.129271, ,0.129271, ,0.129271, ,0.129271, ,0.129271, ,0.129271, ,0.129271, ,0.129271, ,0.129271, ,0.129271, ,0.129271, ,0.129271, ,0.129271, ,0.129271, ,0.129271, ,0.129271, ,0.129271
63,N-methylprosopinine,1,Alkylated piperidine alkaloid,"InChI=1S/C19H37NO3/c1-3-17(22)12-10-8-6-4-5-7-9-11-16-13-14-19(23)18(15-21)20(16)2/h16,18-19,21,23H,3-15H2,1-2H3/t16-,18-,19+/m1/s1",327.50899999999996,328.2845898,442.343,0.7755898000000343, ,0.13768699999999998, ,0.13768699999999998, ,0.13768699999999998, ,0.13768699999999998, ,0.13768699999999998, ,0.13768699999999998, ,0.13768699999999998, ,0.13768699999999998, ,0.13768699999999998, ,0.13768699999999998, ,0.13768699999999998, ,0.13768699999999998, ,0.13768699999999998, ,0.13768699999999998, ,0.13768699999999998, ,0.13768699999999998, ,0.13768699999999998, ,0.13768699999999998, ,0.13768699999999998, ,0.13768699999999998
64,N-methyltryptamine,1,Indole alkaloid,"InChI=1S/C11H14N2/c1-12-7-6-9-8-13-11-5-3-2-4-10(9)11/h2-5,8,12-13H,6-7H2,1H3",174.247,175.1232808,72.112,0.8762807999999893, ,0.18801400000000001, ,0.18801400000000001, ,0.18801400000000001, ,0.18801400000000001, ,0.18801400000000001, ,0.18801400000000001, ,0.18801400000000001, ,0.18801400000000001, ,0.18801400000000001, ,0.18801400000000001, ,0.18801400000000001, ,0.18801400000000001, ,0.18801400000000001, ,0.18801400000000001, ,0.18801400000000001, ,0.18801400000000001, ,0.18801400000000001, ,0.18801400000000001, ,0.18801400000000001, ,0.18801400000000001
65,Ombellifrone,1,Coumarine,"InChI=1S/C9H6O3/c10-7-3-1-6-2-4-9(11)12-8(6)5-7/h1-5,10H",162.14399999999998,163.0390269,96.643,0.8950269000000333, ,0.18040899999999999, ,0.18040899999999999, ,0.18040899999999999, ,0.18040899999999999, ,0.18040899999999999, ,0.18040899999999999, ,0.18040899999999999, ,0.18040899999999999, ,0.18040899999999999, ,0.18040899999999999, ,0.18040899999999999, ,0.18040899999999999, ,0.18040899999999999, ,0.18040899999999999, ,0.18040899999999999, ,0.18040899999999999, ,0.18040899999999999, ,0.18040899999999999, ,0.18040899999999999, ,0.18040899999999999
66,Onychine,1,Azafluorenone alkaloid,"InChI=1S/C13H9NO/c1-8-6-7-14-12-9-4-2-3-5-10(9)13(15)11(8)12/h2-7H,1H3",195.22099999999998,196.0757809,159.459,0.854780900000037, ,0.182588, ,0.182588, ,0.182588, ,0.182588, ,0.182588, ,0.182588, ,0.182588, ,0.182588, ,0.182588, ,0.182588, ,0.182588, ,0.182588, ,0.182588, ,0.182588, ,0.182588, ,0.182588, ,0.182588, ,0.182588, ,0.182588, ,0.182588
67,Oubacryptine,1,Benzophenanthridine alkaloid,"InChI=1S/C22H23NO3/c1-25-21-10-18-16-8-13-4-3-7-23(13)12-20(16)15-6-5-14(24)9-17(15)19(18)11-22(21)26-2/h5-6,9-11,13,24H,3-4,7-8,12H2,1-2H3/t13-/m1/s1",349.43000000000006,350.1748889,96.837,0.7448888999999213, ,0.0663773, ,0.0663773, ,0.0663773, ,0.0663773, ,0.0663773, ,0.0663773, ,0.0663773, ,0.0663773, ,0.0663773, ,0.0663773, ,0.0663773, ,0.0663773, ,0.0663773, ,0.0663773, ,0.0663773, ,0.0663773, ,0.0663773, ,0.0663773, ,0.0663773, ,0.0663773
68,Pachypodol,1,Flavonoid,"InChI=1S/C18H16O7/c1-22-10-7-12(20)15-14(8-10)25-17(18(24-3)16(15)21)9-4-5-11(19)13(6-9)23-2/h4-8,19-20H,1-3H3",344.3190000000001,345.0963597,200.097,0.7773596999999199, ,0.260845, ,0.260845, ,0.260845, ,0.260845, ,0.260845, ,0.260845, ,0.260845, ,0.260845, ,0.260845, ,0.260845, ,0.260845, ,0.260845, ,0.260845, ,0.260845, ,0.260845, ,0.260845, ,0.260845, ,0.260845, ,0.260845, ,0.260845
69,Parahydroxybenzoic acid,1,Monoaromatic,"InChI=1S/C7H6O3/c8-6-3-1-5(2-4-6)7(9)10/h1-4,8H,(H,9,10)",138.12199999999999,139.0391998,79.143,0.9171998000000201,,,,,,,,,,,,,,,,,,, ,0.0228341, ,0.0228341, ,0.0228341, ,0.0228341, ,0.0228341, ,0.0228341, ,0.0228341, ,0.0228341, ,0.0228341, ,0.0228341, ,0.0228341
70,Phyllochrysine,1,Securinega alkaloid,"InChI=1S/C13H15NO2/c15-12-7-9-4-5-10-8-13(9,16-12)11-3-1-2-6-14(10)11/h4-5,7,10-11H,1-3,6,8H2/t10-,11+,13+/m1/s1",217.268,218.1173248,53.191,0.8493248000000051, ,0.232535, ,0.232535, ,0.232535, ,0.232535, ,0.232535, ,0.232535, ,0.232535, ,0.232535, ,0.232535, ,0.232535, ,0.232535, ,0.232535, ,0.232535, ,0.232535, ,0.232535, ,0.232535, ,0.232535, ,0.232535, ,0.232535, ,0.232535
71,Pilocarpine,1,Imidazole alkaloid,"InChI=1S/C11H16N2O2/c1-3-10-8(6-15-11(10)14)4-9-5-12-7-13(9)2/h5,7-8,10H,3-4,6H2,1-2H3/t8-,10-/m0/s1",208.261,209.1279925,81.235,0.8669925000000092,N/A,0.18670699999999998,N/A,0.18670699999999998,N/A,0.18670699999999998,N/A,0.18670699999999998,N/A,0.18670699999999998,N/A,0.18670699999999998,N/A,0.18670699999999998,N/A,0.18670699999999998,N/A,0.18670699999999998,N/A,0.18670699999999998,N/A,0.18670699999999998,N/A,0.18670699999999998,N/A,0.18670699999999998,N/A,0.18670699999999998,N/A,0.18670699999999998,N/A,0.18670699999999998,N/A,0.18670699999999998,N/A,0.18670699999999998,N/A,0.18670699999999998,N/A,0.18670699999999998
72,Popisonine,1,Bisbenzylisoquinoline alkaloid,"InChI=1S/C37H42N2O6/c1-38-14-12-25-19-32(40)35(43-4)21-28(25)30(38)16-23-6-9-27(10-7-23)45-37-18-24(8-11-34(37)42-3)17-31-29-22-36(44-5)33(41)20-26(29)13-15-39(31)2/h6-11,18-22,30-31,40-41H,12-17H2,1-5H3/t30-,31-/m1/s1",610.7510000000004,611.3114726,85.035,0.5604725999995708, ,0.0798138, ,0.0798138, ,0.0798138, ,0.0798138, ,0.0798138, ,0.0798138, ,0.0798138, ,0.0798138, ,0.0798138, ,0.0798138, ,0.0798138, ,0.0798138, ,0.0798138, ,0.0798138, ,0.0798138, ,0.0798138, ,0.0798138, ,0.0798138, ,0.0798138, ,0.0798138
73,Prosopinine,1,Alkylated piperidine alkaloid,"InChI=1S/C18H35NO3/c1-2-16(21)11-9-7-5-3-4-6-8-10-15-12-13-18(22)17(14-20)19-15/h15,17-20,22H,2-14H2,1H3/t15-,17-,18+/m1/s1",313.48199999999997,314.2687531,121.049,0.7867531000000554, ,0.161873, ,0.161873, ,0.161873, ,0.161873, ,0.161873, ,0.161873, ,0.161873, ,0.161873, ,0.161873, ,0.161873, ,0.161873, ,0.161873, ,0.161873, ,0.161873, ,0.161873, ,0.161873, ,0.161873, ,0.161873, ,0.161873, ,0.161873
74,Pyrrovobasine,1,Monoterpene indole alkaloid,"InChI=1S/C37H40N4O4/c1-4-22-19-40(2)33-18-29-26-10-6-8-12-32(26)39-36(29)30(17-28(22)34(33)37(44)45-3)35-27(25-9-5-7-11-31(25)38-35)15-16-41-23(20-42)13-14-24(41)21-43/h4-14,20,28,30,33-34,38-39,43H,15-19,21H2,1-3H3/b22-4-/t28-,30-,33?,34+/m1/s1",604.7510000000003,605.3028158,1337.298,0.5518157999996447, ,0.17280399999999999, ,0.17280399999999999, ,0.17280399999999999, ,0.17280399999999999, ,0.17280399999999999, ,0.17280399999999999, ,0.17280399999999999, ,0.17280399999999999, ,0.17280399999999999, ,0.17280399999999999, ,0.17280399999999999, ,0.17280399999999999, ,0.17280399999999999, ,0.17280399999999999, ,0.17280399999999999, ,0.17280399999999999, ,0.17280399999999999, ,0.17280399999999999, ,0.17280399999999999, ,0.17280399999999999
75,Rheine,1,Anthraquinone,"InChI=1S/C15H8O6/c16-9-3-1-2-7-11(9)14(19)12-8(13(7)18)4-6(15(20)21)5-10(12)17/h1-5,16-17H,(H,20,21)",284.22299999999996,285.0383148,196.047,0.815314800000067, ,0.06965210000000001, ,0.06965210000000001, ,0.06965210000000001, ,0.06965210000000001, ,0.06965210000000001, ,0.06965210000000001, ,0.06965210000000001, ,0.06965210000000001, ,0.06965210000000001, ,0.06965210000000001, ,0.06965210000000001, ,0.06965210000000001, ,0.06965210000000001, ,0.06965210000000001, ,0.06965210000000001, ,0.06965210000000001, ,0.06965210000000001, ,0.06965210000000001, ,0.06965210000000001, ,0.06965210000000001
76,Rutine,1,Flavonol-type flavonoid,"InChI=1S/C27H30O16/c1-8-17(32)20(35)22(37)26(40-8)39-7-15-18(33)21(36)23(38)27(42-15)43-25-19(34)16-13(31)5-10(28)6-14(16)41-24(25)9-2-3-11(29)12(30)4-9/h2-6,8,15,17-18,20-23,26-33,35-38H,7H2,1H3/t8-,15+,17-,18+,20+,21-,22+,23+,26+,27-/m0/s1",610.5210000000003,611.1612105,84.434,0.6402104999997391, ,0.0408779, ,0.0408779, ,0.0408779, ,0.0408779, ,0.0408779, ,0.0408779, ,0.0408779, ,0.0408779, ,0.0408779, ,0.0408779, ,0.0408779, ,0.0408779, ,0.0408779, ,0.0408779, ,0.0408779, ,0.0408779, ,0.0408779, ,0.0408779, ,0.0408779, ,0.0408779
77,Salicoside,1,Monoaromatic,"InChI=1S/C13H18O7/c14-5-7-3-1-2-4-8(7)19-13-12(18)11(17)10(16)9(6-15)20-13/h1-4,9-18H,5-6H2/t9-,10-,11+,12-,13-/m1/s1",286.2800000000001,309.0945587,122.966,22.814558699999907, ,0.0266668, ,0.0266668, ,0.0266668, ,0.0266668, ,0.0266668, ,0.0266668, ,0.0266668, ,0.0266668, ,0.0266668, ,0.0266668, ,0.0266668, ,0.0266668, ,0.0266668, ,0.0266668, ,0.0266668, ,0.0266668, ,0.0266668, ,0.0266668, ,0.0266668, ,0.0266668
78,Santonine,1,Sesquiterpene,"InChI=1S/C15H18O3/c1-8-10-4-6-15(3)7-5-11(16)9(2)12(15)13(10)18-14(8)17/h5,7-8,10,13H,4,6H2,1-3H3/t8-,10-,13-,15-/m0/s1",246.30599999999995,247.1326974,138.467,0.8266974000000573, ,0.265808, ,0.265808, ,0.265808, ,0.265808, ,0.265808, ,0.265808, ,0.265808, ,0.265808, ,0.265808, ,0.265808, ,0.265808, ,0.265808, ,0.265808, ,0.265808, ,0.265808, ,0.265808, ,0.265808, ,0.265808, ,0.265808, ,0.265808
79,Scopolamine,1,Tropane alkaloid,"InChI=1S/C17H21NO4/c1-18-13-7-11(8-14(18)16-15(13)22-16)21-17(20)12(9-19)10-5-3-2-4-6-10/h2-6,11-16,19H,7-9H2,1H3/t11-,12-,13-,14+,15-,16+/m1/s1",303.3580000000001,304.1544596,73.098,0.7964595999998778, ,0.0989513, ,0.0989513, ,0.0989513, ,0.0989513, ,0.0989513, ,0.0989513, ,0.0989513, ,0.0989513, ,0.0989513, ,0.0989513, ,0.0989513, ,0.0989513, ,0.0989513, ,0.0989513, ,0.0989513, ,0.0989513, ,0.0989513, ,0.0989513, ,0.0989513, ,0.0989513
80,Scopoletol,1,Coumarine,"InChI=1S/C10H8O4/c1-13-9-4-6-2-3-10(12)14-8(6)5-7(9)11/h2-5,11H,1H3",192.17,193.0491829,121.375,0.8791829000000178, ,0.19528399999999999, ,0.19528399999999999, ,0.19528399999999999, ,0.19528399999999999, ,0.19528399999999999, ,0.19528399999999999, ,0.19528399999999999, ,0.19528399999999999, ,0.19528399999999999, ,0.19528399999999999, ,0.19528399999999999, ,0.19528399999999999, ,0.19528399999999999, ,0.19528399999999999, ,0.19528399999999999, ,0.19528399999999999, ,0.19528399999999999, ,0.19528399999999999, ,0.19528399999999999, ,0.19528399999999999
81,Sparteine,1,Bisquinolizidine alkaloid,"InChI=1S/C15H26N2/c1-3-7-16-11-13-9-12(14(16)5-1)10-17-8-4-2-6-15(13)17/h12-15H,1-11H2/t12-,13-,14-,15+/m0/s1",234.38700000000003,235.2168605,48.838,0.8298604999999668, ,0.10326700000000001, ,0.10326700000000001, ,0.10326700000000001, ,0.10326700000000001, ,0.10326700000000001, ,0.10326700000000001, ,0.10326700000000001, ,0.10326700000000001, ,0.10326700000000001, ,0.10326700000000001, ,0.10326700000000001, ,0.10326700000000001, ,0.10326700000000001, ,0.10326700000000001, ,0.10326700000000001, ,0.10326700000000001, ,0.10326700000000001, ,0.10326700000000001, ,0.10326700000000001, ,0.10326700000000001
82,Swietenin,1,Limonoid,"InChI=1S/C32H40O9/c1-8-16(2)28(36)41-27-19-13-18-20(32(6,25(19)35)24(30(27,3)4)23(34)29(37)38-7)9-11-31(5)21(18)14-22(33)40-26(31)17-10-12-39-15-17/h8,10,12-13,15,19-21,23-24,26-27,34H,9,11,14H2,1-7H3/b16-8+/t19-,20+,21+,23-,24+,26+,27-,31-,32-/m1/s1",568.6630000000004,586.3008423,186.843,17.637842299999647, ,0.0689341, ,0.0689341, ,0.0689341, ,0.0689341, ,0.0689341, ,0.0689341, ,0.0689341, ,0.0689341, ,0.0689341, ,0.0689341, ,0.0689341, ,0.0689341, ,0.0689341, ,0.0689341, ,0.0689341, ,0.0689341, ,0.0689341, ,0.0689341, ,0.0689341, ,0.0689341
83,Syringic acid,1,Monoaromatic,"InChI=1S/C9H10O5/c1-13-6-3-5(9(11)12)4-7(14-2)8(6)10/h3-4,10H,1-2H3,(H,11,12)",198.174,199.0602722,80.984,0.8862722000000076, ,0.06224119999999999, ,0.06224119999999999, ,0.06224119999999999, ,0.06224119999999999, ,0.06224119999999999, ,0.06224119999999999, ,0.06224119999999999, ,0.06224119999999999, ,0.06224119999999999, ,0.06224119999999999, ,0.06224119999999999, ,0.06224119999999999, ,0.06224119999999999, ,0.06224119999999999, ,0.06224119999999999, ,0.06224119999999999, ,0.06224119999999999, ,0.06224119999999999, ,0.06224119999999999, ,0.06224119999999999
84,Tangutorine,1,Beta-carboline alkaloid,"InChI=1S/C20H24N2O/c23-12-13-5-7-18-14(11-13)6-8-19-20-16(9-10-22(18)19)15-3-1-2-4-17(15)21-20/h1-4,11,14,18-19,21,23H,5-10,12H2/t14-,18-,19-/m1/s1",308.425,309.1965065,93.66,0.7715064999999868, ,0.24259899999999998, ,0.24259899999999998, ,0.24259899999999998, ,0.24259899999999998, ,0.24259899999999998, ,0.24259899999999998, ,0.24259899999999998, ,0.24259899999999998, ,0.24259899999999998, ,0.24259899999999998, ,0.24259899999999998, ,0.24259899999999998, ,0.24259899999999998, ,0.24259899999999998, ,0.24259899999999998, ,0.24259899999999998, ,0.24259899999999998, ,0.24259899999999998, ,0.24259899999999998, ,0.24259899999999998
85,Triacanthine,1,Prenylated purine alkaloid,"InChI=1S/C10H13N5/c1-7(2)3-4-15-6-14-9(11)8-10(15)13-5-12-8/h3,5-6,11H,4H2,1-2H3,(H,12,13)",203.24900000000002,204.1240743,83.24,0.8750742999999659, ,0.190083, ,0.190083, ,0.190083, ,0.190083, ,0.190083, ,0.190083, ,0.190083, ,0.190083, ,0.190083, ,0.190083, ,0.190083, ,0.190083, ,0.190083, ,0.190083, ,0.190083, ,0.190083, ,0.190083, ,0.190083, ,0.190083, ,0.190083
86,Trigonelline,1,Pyridine alkaloid,"InChI=1S/C7H7NO2/c1-8-4-2-3-6(5-8)7(9)10/h2-5H,1H3",137.138,138.0550232,23.803,0.9170231999999885, ,0.08893619999999999, ,0.08893619999999999, ,0.08893619999999999, ,0.08893619999999999, ,0.08893619999999999, ,0.08893619999999999, ,0.08893619999999999, ,0.08893619999999999, ,0.08893619999999999, ,0.08893619999999999, ,0.08893619999999999, ,0.08893619999999999, ,0.08893619999999999, ,0.08893619999999999, ,0.08893619999999999, ,0.08893619999999999, ,0.08893619999999999, ,0.08893619999999999, ,0.08893619999999999, ,0.08893619999999999
87,Trimethoxystyrene,1,Phenylethene,"InChI=1S/C11H14O3/c1-5-8-6-10(13-3)11(14-4)7-9(8)12-2/h5-7H,1H2,2-4H3",194.22999999999993,195.1011505,195.155,0.8711505000000557, ,0.279068, ,0.279068, ,0.279068, ,0.279068, ,0.279068, ,0.279068, ,0.279068, ,0.279068, ,0.279068, ,0.279068, ,0.279068, ,0.279068, ,0.279068, ,0.279068, ,0.279068, ,0.279068, ,0.279068, ,0.279068, ,0.279068, ,0.279068
88,Triphyophylline,1,Isoquinoline/Naphthalene alkaloid,"InChI=1S/C24H27NO3/c1-13-11-20(28-5)23-17(7-6-8-19(23)27-4)21(13)18-10-9-16-12-14(2)25-15(3)22(16)24(18)26/h6-11,14-15,25-26H,12H2,1-5H3/t14-,15-/m1/s1",377.4840000000001,378.2061806,131.483,0.7221805999998878, ,0.08741979999999999, ,0.08741979999999999, ,0.08741979999999999, ,0.08741979999999999, ,0.08741979999999999, ,0.08741979999999999, ,0.08741979999999999, ,0.08741979999999999, ,0.08741979999999999, ,0.08741979999999999, ,0.08741979999999999, ,0.08741979999999999, ,0.08741979999999999, ,0.08741979999999999, ,0.08741979999999999, ,0.08741979999999999, ,0.08741979999999999, ,0.08741979999999999, ,0.08741979999999999, ,0.08741979999999999
89,Usnic acid,1,Dibenzofurane,"InChI=1S/C18H16O7/c1-6-14(22)12(8(3)20)16-13(15(6)23)18(4)10(25-16)5-9(21)11(7(2)19)17(18)24/h5,22-24H,1-4H3/t18-/m1/s1",344.319,345.0961761,261.502015625,0.7771760999999628, ,0.233078, ,0.233078, ,0.233078, ,0.233078, ,0.233078, ,0.233078, ,0.233078, ,0.233078, ,0.233078, ,0.233078, ,0.233078, ,0.233078, ,0.233078, ,0.233078, ,0.233078, ,0.233078, ,0.233078, ,0.233078, ,0.233078, ,0.233078
90,Vomifoliol,1,Megastigmane norisoprenoid,"InChI=1S/C13H20O3/c1-9-7-11(15)8-12(3,4)13(9,16)6-5-10(2)14/h5-7,10,14,16H,8H2,1-4H3/b6-5+/t10-,13-/m1/s1",224.29999999999998,207.138134,88.522,-17.161865999999975, ,0.315673, ,0.315673, ,0.315673, ,0.315673, ,0.315673, ,0.315673, ,0.315673, ,0.315673, ,0.315673, ,0.315673, ,0.315673, ,0.315673, ,0.315673, ,0.315673, ,0.315673, ,0.315673, ,0.315673, ,0.315673, ,0.315673, ,0.315673
91,Unreported 481,0,,,,481.2182,,,,,,,,,,,,,,,,,,,,,,,,,,,,,,,,,,,,,,,,,,
92,Unreported 645,0,,,,645.3775005,1491.047,, ,0.128154, ,0.128154, ,0.128154, ,0.128154, ,0.128154, ,0.128154, ,0.128154, ,0.128154, ,0.128154, ,0.128154, ,0.128154, ,0.128154, ,0.128154, ,0.128154, ,0.128154, ,0.128154, ,0.128154, ,0.128154, ,0.128154, ,0.128154
93,Unreported 647,0,,,,647.3568054,809.958,, ,0.101686, ,0.101686, ,0.101686, ,0.101686, ,0.101686, ,0.101686, ,0.101686, ,0.101686, ,0.101686, ,0.101686, ,0.101686, ,0.101686, ,0.101686, ,0.101686, ,0.101686, ,0.101686, ,0.101686, ,0.101686, ,0.101686, ,0.101686
94,Unreported 703,0,,,,703.4227905,760.47,, ,0.120332, ,0.120332, ,0.120332, ,0.120332, ,0.120332, ,0.120332, ,0.120332, ,0.120332, ,0.120332, ,0.120332, ,0.120332, ,0.120332, ,0.120332, ,0.120332, ,0.120332, ,0.120332, ,0.120332, ,0.120332, ,0.120332, ,0.120332
95,Unreported 733,0,,,,733.4320094,1338.45,, ,0.0182946, ,0.0182946, ,0.0182946, ,0.0182946, ,0.0182946, ,0.0182946, ,0.0182946, ,0.0182946, ,0.0182946, ,0.0182946, ,0.0182946, ,0.0182946, ,0.0182946, ,0.0182946, ,0.0182946, ,0.0182946, ,0.0182946, ,0.0182946, ,0.0182946, ,0.0182946
96,Unreported 525,0,,,,525.2780228,1211.512,, ,0.181187, ,0.181187, ,0.181187, ,0.181187, ,0.181187, ,0.181187, ,0.181187, ,0.181187, ,0.181187, ,0.181187, ,0.181187, ,0.181187, ,0.181187, ,0.181187, ,0.181187, ,0.181187, ,0.181187, ,0.181187, ,0.181187, ,0.181187
