Id	Reported	Chemical name	Chemical class	Smiles	InChI	Exact mass	Precursor mass	inchi_gnps_I	score_gnps_I	inchi_sirius	score_sirius	inchi_isdb	score_isdb	tgs	tgi	tsi	K	ranking by k	gnps ranking	sirius ranking	isdb ranking	WIGAS ranking
1	1	13-hydroxylupanine	Bisquinolizidine alkaloid	[C@@H]12CN3CC[C@H](O)C[C@H]3[C@H](CN3C(=O)CCC[C@H]23)C1	InChI=1S/C15H24N2O2/c18-12-4-5-16-8-10-6-11(14(16)7-12)9-17-13(10)2-1-3-15(17)19/h10-14,18H,1-9H2/t10-,11-,12-,13+,14-/m0/s1	264.1838	265.1908615	InChI=1S/C15H24N2O2/c18-12-4-5-16-8-10-6-11(14(16)7-12)9-17-13(10)2-1-3-15(17)19/h10-14,18H,1-9H2/t10-,11-,12-,13+,14-/m0/s1	0.672008	InChI=1S/C23H39NO/c1-15(24(4)5)19-8-9-20-18-7-6-16-14-17(25)10-12-22(16,2)21(18)11-13-23(19,20)3/h6,15,17-21,25H,7-14H2,1-5H3	0.573976297031051	InChI=1S/C15H24N2O2/c18-15-6-3-4-13-12-8-11(9-16(13)15)14-5-1-2-7-17(14,19)10-12/h11-14H,1-10H2	0.588711072364422	0.0958904109589041	0.431372549019608	0.050632911392405	16.4439583321326	61	62	61	95	62
2	1	3beta-dimethylamino-20-betahydroxy-5-pregnene	Steroidal alkaloid	C[C@@H](O)[C@H]1CC[C@@]2([H])[C@]([C@]3([H])CC[C@]12C)([H])CC=C4C[C@@H](N(C)C)CC[C@@]43C	InChI=1S/C23H39NO/c1-15(25)19-8-9-20-18-7-6-16-14-17(24(4)5)10-12-22(16,2)21(18)11-13-23(19,20)3/h6,15,17-21,25H,7-14H2,1-5H3/t15-,17+,18+,19-,20+,21+,22+,23-/m1/s1	345.3032	346.3103033	InChI=1S/C19H36O4/c1-3-4-5-6-7-8-9-10-11-12-13-14-19(23-17(2)21)15-18(22)16-20/h3,18-20,22H,1,4-16H2,2H3	0.323265	InChI=1S/C22H35NO/c1-14(23-4)15-9-11-21(2)16(13-15)5-6-17-18-7-8-20(24)22(18,3)12-10-19(17)21/h5,14-15,17-19,23H,6-13H2,1-4H3	0.388739574355775	InChI=1S/C23H39NO/c1-15(24(4)5)19-8-9-20-18-7-6-16-14-17(25)10-12-22(16,2)21(18)11-13-23(19,20)3/h6,15,17-21,25H,7-14H2,1-5H3	0.439822255826045	0.04	0.0389610389610389	0.396825396825397	-0.596389784980339	18	1	49	68	5
3	1	3-beta-methylamino-20-oxo-5-pregnene	Steroidal alkaloid	CC([C@H]1CC[C@@]2([H])[C@]([C@]3([H])CC[C@]12C)([H])CC=C4C[C@@H](NC)CC[C@@]43C)=O	InChI=1S/C22H35NO/c1-14(24)18-7-8-19-17-6-5-15-13-16(23-4)9-11-21(15,2)20(17)10-12-22(18,19)3/h5,16-20,23H,6-13H2,1-4H3/t16-,17-,18+,19-,20-,21-,22+/m0/s1	329.2719	330.2790364	InChI=1S/C20H27NO3/c1-8-3-19-6-10-15-18(2)4-9(22)5-20(15)16(19)14(24)11(8)13(23)12(19)17(20)21(10)7-18/h9-17,22-24H,1,3-7H2,2H3	0.359477625	InChI=1S/C24H28N6O5/c1-35-18-7-2-6-17(13-18)27-24(34)29-11-12-30(23(33)16-5-3-9-25-14-16)20(15-29)22(32)28-19-8-4-10-26-21(19)31/h2-3,5-7,9,13-14,19-20H,4,8,10-12,15H2,1H3,(H,26,31)(H,27,34)(H,28,32)	0.036065781555718	InChI=1S/C22H35NO/c1-5-17-20(24)13-19-16-7-6-14-12-15(23-4)8-10-21(14,2)18(16)9-11-22(17,19)3/h6,15-19,23H,5,7-13H2,1-4H3	0.410811416838923	0.0754716981132075	0.0705882352941176	0.0747663551401869	-1.26100221191609	9	1	8	52	21
4	0							InChI=1S/C26H29N5O5/c1-3-15(2)23(30-26(36)31-14-22(32)28-19-10-6-7-11-21(19)31)24(33)29-20(25(34)35)12-16-13-27-18-9-5-4-8-17(16)18/h4-11,13,15,20,23,27H,3,12,14H2,1-2H3,(H,28,32)(H,29,33)(H,30,36)(H,34,35)/t15?,20-,23+/m1/s1	0.2326896	InChI=1S/C32H56O11/c1-15(13-42-29-27(40)24(37)19(35)14-43-29)6-5-7-16(2)21-25(38)26(39)28-31(21,4)11-9-20-30(3)10-8-17(33)23(36)22(30)18(34)12-32(20,28)41/h15-29,33-41H,5-14H2,1-4H3	0.143283403907827	InChI=1S/C24H32O10/c1-13(2)7-19(27)32-18-8-17-16(10-29-14(3)25)11-30-22(21(17)24(18)12-31-24)33-20(28)9-23(5,6)34-15(4)26/h8,11,13,18,21-22H,7,9-10,12H2,1-6H3	0.105071082831589	0.0504201680672268	0.0982142857142857	0.111111111111111	-2.68355663669095	1	1	25	3	1
7	0							InChI=1S/C40H44N4O4/c1-4-35-19-25-30-37(5-2)21-36-18-22(32(45)46-3)29-38(14-17-43(30)36,23-10-6-8-12-26(23)41-29)34(36)44-27-13-9-7-11-24(27)39(40(25,44)48-37)15-16-42(33(35)39)20-28-31(35)47-28/h6-13,25,28,30-31,33-34,41H,4-5,14-21H2,1-3H3/t25-,28+,30-,31+,33-,34+,35+,36-,37-,38+,39+,40+/m0/s1	0.4223934	InChI=1S/C40H49N4O5/c1-4-25-23-44(47)18-14-37-22-26-19-29-30(41-39-13-12-36(5-2)11-8-16-43(39,24-36)17-15-38(29,39)46)21-32(26)49-40(37)33(44)20-27(25)34(35(45)48-3)42(40)31-10-7-6-9-28(31)37/h4,6-7,9-10,19,21,27,33-34,41,46H,5,8,11-18,20,22-24H2,1-3H3/q+1	0.519738982457896	InChI=1S/C41H48N4O3/c1-5-39-14-9-17-43-19-13-26-25-11-7-8-12-31(25)45(34(26)36(39)43)32(24-39)27-21-29-30(22-33(27)47-3)42-35-28(37(46)48-4)23-40(6-2)15-10-18-44-20-16-41(29,35)38(40)44/h7-9,11-12,14,21-22,32,36,38,42H,5-6,10,13,15-20,23-24H2,1-4H3	0.270714076971076	0.208053691275168	0.294117647058824	0.177215189873418	1.9315184207928	23	1	57	13	28
8	0							InChI=1S/C40H46N4O4/c1-4-37-13-14-40-24(12-16-43(36(37)40)20-28-32(37)47-28)22-18-21(10-11-26(22)42-40)29-30-33(48-30)38(5-2)19-23(34(45)46-3)31-39(15-17-44(29)35(38)39)25-8-6-7-9-27(25)41-31/h6-11,18,24,28-30,32-33,35-36,41-42H,4-5,12-17,19-20H2,1-3H3/t24-,28+,29-,30+,32+,33+,35-,36-,37+,38+,39-,40+/m0/s1	0.356873	InChI=1S/C39H58N2O5S2/c1-23-28-14-25(39(46)30-16-33(43)31-17-34(44)35(45)19-37(31,4)27(30)10-11-38(28,39)5)20-47-48-21-26(41-13-12-40-22-41)18-36(2,3)29(15-32(23)42)24-8-6-7-9-24/h12-13,16,22-23,25-28,31-32,34-35,42,44-46H,6-11,14-15,17-21H2,1-5H3	0.0454563223669167	InChI=1S/C40H46N4O4/c1-5-22-20-43-15-14-39-19-29-25-16-33-35-26(23-10-6-8-12-30(23)41-35)17-32(42(33)3)27(25)21-47-38(29,2)48-40(39)34(43)18-24(22)36(37(45)46-4)44(40)31-13-9-7-11-28(31)39/h5-13,24-25,27,29,32-34,36,41H,14-21H2,1-4H3	0.291761777487004	0.101351351351351	0.169934640522876	0.111111111111111	-1.45292697222395	7	1	13	17	19
10	0							InChI=1S/C42H46N4O6/c1-5-39-12-8-16-45-17-14-42(37(39)45)27-19-23(31(48)20-28(27)43-33(42)24(21-39)35(49)51-3)29-11-13-40(6-2)22-25(36(50)52-4)34-41(15-18-46(29)38(40)41)26-9-7-10-30(47)32(26)44-34/h7-13,19-20,29,37-38,43-44,47-48H,5-6,14-18,21-22H2,1-4H3/t29-,37+,38+,39+,40+,41+,42+/m1/s1	0.3420495	InChI=1S/C36H54N4O13/c1-4-23-24(11-10-21-16-40(13-15-42)17-25(32(46)47)28(21)39-36(37)38-12-7-14-41)26(33(48)51-22-8-5-6-9-22)19-49-34(23)53-35-31(50-20(2)3)30(45)29(44)27(18-43)52-35/h4,10-11,16,19-20,22-24,27,29-31,34-35,41-45H,1,5-9,12-15,17-18H2,2-3H3,(H,46,47)(H3,37,38,39)	0.0314962978363244	InChI=1S/C37H58N4O9/c1-35-15-13-24(50-30(44)10-6-4-3-5-9-29(43)41-27(33(46)47)8-7-17-40-34(38)39)19-23(35)11-12-26-32(35)28(42)20-36(2)25(14-16-37(26,36)48)22-18-31(45)49-21-22/h18,23-28,32,42,48H,3-17,19-21H2,1-2H3,(H,41,43)(H,46,47)(H4,38,39,40)	0.176253217350733	0.101910828025478	0.0915032679738562	0.169811320754717	-1.78044773372077	4	1	6	7	15
11	0							InChI=1S/C21H24N2O4/c1-12-14-10-23-8-7-21(16-5-3-4-6-17(16)22-20(21)25)18(23)9-13(14)15(11-27-12)19(24)26-2/h3-6,11-14,18H,7-10H2,1-2H3,(H,22,25)	0.33754545	InChI=1S/C37H64O14/c1-16(2)24(50-34-30(28(44)23(41)15-49-34)51-33-29(45)27(43)22(40)14-48-33)7-6-17(3)19-13-21(39)31-36(19,5)11-9-25-35(4)10-8-18(38)12-20(35)26(42)32(46)37(25,31)47/h16-34,38-47H,6-15H2,1-5H3	0.0283262459294931	InChI=1S/C38H52O14/c1-18-13-25(50-22(5)41)34(8)11-12-35(9)29-24(49-21(4)40)15-36(17-47-20(3)39)19(2)48-31(43)28-27(52-28)30(36)33(29,7)16-26(51-23(6)42)38(35,32(44)46-10)37(34,45)14-18/h19,24-30,45H,1,11-17H2,2-10H3	0.136390358306079	0.0964912280701754	0.136752136752137	0.129032258064516	-1.88324193729367	2	1	5	4	14
13	1	Isoferulic acid	Phenylpropene	COC1=C(O)C=C(/C=C/C(O)=O)C=C1	InChI=1S/C10H10O4/c1-14-9-4-2-7(6-8(9)11)3-5-10(12)13/h2-6,11H,1H3,(H,12,13)/b5-3+	194.0579	195.0651016	InChI=1S/C10H10O4/c1-14-9-6-7(2-4-8(9)11)3-5-10(12)13/h2-6,11H,1H3,(H,12,13)/b5-3+	0.682696	InChI=1S/C12H19N3O/c1-14-7-5-11(9-16)15(2)12-10(8-14)4-3-6-13-12/h3-4,6,11,16H,5,7-9H2,1-2H3	0.0404050156675891	InChI=1S/C10H10O4/c1-14-9-6-7(2-4-8(9)11)3-5-10(12)13/h2-6,11H,1H3,(H,12,13)	0.352265203074199	0.0806451612903225	1	0.0806451612903225	19.586934408389	70	66	11	32	66
14	1	Alchorneine	Imidazopyrimidine alkaloid	CC(=C)[C@@H]1CN2C=CC(N=C2N1OC)(C)C	InChI=1S/C12H19N3O/c1-9(2)10-8-14-7-6-12(3,4)13-11(14)15(10)16-5/h6-7,10H,1,8H2,2-5H3/t10-/m0/s1	221.1528	222.1597604	InChI=1S/C11H11NO4/c1-2-16-11(13)7-6-9-4-3-5-10(8-9)12(14)15/h3-8H,2H2,1H3/b7-6+	0.42531645	InChI=1S/C39H54N10O14S/c1-4-16(2)31-36(60)42-11-29(55)43-25-15-64(63)38-21(20-6-5-18(51)7-22(20)46-38)9-23(33(57)41-12-30(56)47-31)44-37(61)32(17(3)27(53)14-50)48-35(59)26-8-19(52)13-49(26)39(62)24(10-28(40)54)45-34(25)58/h5-7,16-17,19,23-27,31-32,46,50-53H,4,8-15H2,1-3H3,(H2,40,54)(H,41,57)(H,42,60)(H,43,55)(H,44,61)(H,45,58)(H,47,56)(H,48,59)	0.31211697863523	InChI=1S/C13H19NO2/c1-4-13(16)9-12-7-5-6-11(14(12)3)8-10(2)15/h4-5,7,11-12H,1,6,8-9H2,2-3H3	0.322241448670742	0.08	0.107692307692308	0.08130081300813	0.695752257426503	22	1	37	22	30
16	1	Anantine	Imidazole alkaloid	CN(C=N1)C=C1[C@@H](/C2=C([H])\C3=CC=CC=C3)CNC2=O	InChI=1S/C15H15N3O/c1-18-9-14(17-10-18)13-8-16-15(19)12(13)7-11-5-3-2-4-6-11/h2-7,9-10,13H,8H2,1H3,(H,16,19)/b12-7+/t13-/m1/s1	253.1215	254.1288312	InChI=1S/C16H15NO2/c1-19-15-10-8-14(9-11-15)17-16(18)12-7-13-5-3-2-4-6-13/h2-12H,1H3,(H,17,18)/b12-7+	0.328133	InChI=1S/C26H29NO4/c1-28-24-13-20(9-10-23(24)31-18-19-7-5-4-6-8-19)16-27-12-11-21-14-25(29-2)26(30-3)15-22(21)17-27/h4-10,13-15H,11-12,16-18H2,1-3H3	0.0619182818710621	InChI=1S/C13H19NO4/c1-8-11(16)13(18-12(8)17)6-2-3-7-14-9(13)4-5-10(14)15/h8-9,11,16H,2-7H2,1H3	0.314072237410283	0.151515151515152	0.0606060606060606	0.081081081081081	-1.67128399855949	5	1	16	20	9
17	1	ancistroealaine A	Naphthalene-Isoquinoline alkaloid	CC(C=C(C1=C2OC)OC)=CC1=[C@](C=C2)[C@]3=C4C(C(C)=[N+](C)[C@@H](C)C4)=C(OC)C=C3OC	InChI=1S/C27H32NO4/c1-15-11-19-18(9-10-21(29-5)27(19)22(12-15)30-6)26-20-13-16(2)28(4)17(3)25(20)23(31-7)14-24(26)32-8/h9-12,14,16H,13H2,1-8H3/q+1/t16-/m0/s1	419.209	420.2172241	InChI=1S/C26H31NO4/c1-14-11-20(29-5)25-17(9-8-10-19(25)28-4)23(14)26-18-12-15(2)27-16(3)24(18)21(30-6)13-22(26)31-7/h8-11,13,15-16,27H,12H2,1-7H3	0.573154	InChI=1S/C15H11N5/c16-15-18-8-6-12(20-15)14-13-10(5-7-17-14)9-3-1-2-4-11(9)19-13/h1-8,19H,(H2,16,18,20)	0.946510682662911	InChI=1S/C26H29NO4/c1-14-10-18-17(8-9-20(28-4)26(18)21(11-14)29-5)25-19-12-15(2)27-16(3)24(19)22(30-6)13-23(25)31-7/h8-11,13,15H,12H2,1-7H3	0.415841609137623	0.105263157894737	0.363636363636364	0.0789473684210526	17.7669652322327	65	1	93	56	50
18	1	Annomontine	Pyrimidine/Beta-carboline alkaloid	C1=CC=C2C(=C1)C3=C(N2)C(=NC=C3)C4=NC(=NC=C4)N	InChI=1S/C15H11N5/c16-15-18-8-6-12(20-15)14-13-10(5-7-17-14)9-3-1-2-4-11(9)19-13/h1-8,19H,(H2,16,18,20)	261.1014	262.1088596	InChI=1S/C15H11N5/c16-15-18-8-6-12(20-15)14-13-10(5-7-17-14)9-3-1-2-4-11(9)19-13/h1-8,19H,(H2,16,18,20)	0.87656	InChI=1S/C64H78N10O10/c1-40(2)54-64(84)74-35-19-31-53(74)63(83)71-32-16-28-50(71)59(79)65-41(3)55(75)66-46(36-42-20-8-4-9-21-42)57(77)69-49(39-45-26-14-7-15-27-45)61(81)73-34-18-30-52(73)62(82)72-33-17-29-51(72)60(80)68-47(37-43-22-10-5-11-23-43)56(76)67-48(58(78)70-54)38-44-24-12-6-13-25-44/h4-15,20-27,40-41,46-54H,16-19,28-39H2,1-3H3,(H,65,79)(H,66,75)(H,67,76)(H,68,80)(H,69,77)(H,70,78)	0	InChI=1S/C15H11N5/c16-15-18-8-6-12(20-15)14-13-10(5-7-17-14)9-3-1-2-4-11(9)19-13/h1-8,19H,(H2,16,18,20)	0.438335747561524	0.0681818181818181	1	0.0681818181818181	44.7925760331097	95	96	2	67	96
20	1	Asaronaldehyde	Monoaromatic	COc1c(OC)cc(C=O)c(OC)c1	InChI=1S/C10H12O4/c1-12-8-5-10(14-3)9(13-2)4-7(8)6-11/h4-6H,1-3H3	196.0736	197.080777	InChI=1S/C10H12O4/c1-2-3-7(11)6-4-9(13)10(14)5-8(6)12/h4-5,12-14H,2-3H2,1H3	0.770149	InChI=1S/C35H52O3/c1-24(2)10-9-11-25(3)30-16-17-31-29-15-14-27-22-28(38-33(36)37-23-26-12-7-6-8-13-26)18-20-34(27,4)32(29)19-21-35(30,31)5/h6-8,12-14,24-25,28-32H,9-11,15-23H2,1-5H3	0.0832007333670202	InChI=1S/C10H12O4/c1-2-14-10(13)6-7-5-8(11)3-4-9(7)12/h3-5,11-12H,2,6H2,1H3	0.39225454755065	0.0987654320987654	0.268292682926829	0.130952380952381	20.8102400178559	74	78	21	42	78
21	1	Baleabuxidine 	Cycloartane-type triterpene	CC(C(N[C@H]1CC[C@]23C[C@](C(C[C@@]4([C@@]([C@H](O)C[C@@]54C)([H])[C@@H](N(C)C)C)C)=O)2[C@@]5([H])CC[C@@]3([H])[C@](CO)1C)=O)C	InChI=1S/C30H50N2O4/c1-17(2)25(36)31-22-11-12-29-15-30(29)21(10-9-20(29)26(22,4)16-33)27(5)13-19(34)24(18(3)32(7)8)28(27,6)14-23(30)35/h17-22,24,33-34H,9-16H2,1-8H3,(H,31,36)/t18-,19+,20-,21-,22-,24-,26-,27-,28+,29+,30-/m0/s1	502.3771	503.3842068	InChI=1S/C30H52N2O5/c1-18(7-12-27(35)32-25(28(36)37)6-4-5-15-31)22-10-11-23-21-9-8-19-16-20(33)13-14-29(19,2)24(21)17-26(34)30(22,23)3/h18-26,33-34H,4-17,31H2,1-3H3,(H,32,35)(H,36,37)/t18-,19-,20-,21+,22-,23+,24+,25+,26+,29+,30-/m1/s1	0.42932	InChI=1S/C21H34/c1-7-19(5)13-10-14-20(6)15-11-17-21(8-2)16-9-12-18(3)4/h7,12,14,17H,1,5,8-11,13,15-16H2,2-4,6H3	0.0359319771567303	InChI=1S/C31H50O5/c1-18-10-13-31(26(35)36-7)15-14-29(5)20(24(31)19(18)2)8-9-23-27(3)16-21(33)25(34)28(4,17-32)22(27)11-12-30(23,29)6/h8,18-19,21-25,32-34H,9-17H2,1-7H3	0.36397474539002	0.0555555555555555	0.118181818181818	0.0588235294117647	0.217598374629349	21	1	7	37	31
22	1	3-betaaminopregnane	Steroidal alkaloid	CC[C@H]1CC[C@@]2([H])[C@]([C@]3([H])CC[C@]12C)([H])CC[C@@]4([H])C[C@@H](N)CC[C@@]43C	InChI=1S/C21H37N/c1-4-14-6-8-18-17-7-5-15-13-16(22)9-11-21(15,3)19(17)10-12-20(14,18)2/h14-19H,4-13,22H2,1-3H3/t14-,15-,16-,17-,18-,19-,20+,21-/m0/s1	303.2926	304.299793	InChI=1S/C20H36O2/c1-7-18(4,21)13-9-16-19(5)12-8-11-17(2,3)15(19)10-14-20(16,6)22/h7,15-16,21-22H,1,8-14H2,2-6H3	0.60354335	InChI=1S/C21H22O6/c1-23-17-5-3-14(9-19(17)24-2)8-16-15(11-25-21(16)22)7-13-4-6-18-20(10-13)27-12-26-18/h3-6,9-10,15-16H,7-8,11-12H2,1-2H3	0.521655005845501	InChI=1S/C21H37N/c1-3-4-5-6-7-8-9-10-11-12-13-14-15-18-21-19-16-17-20(2)22-21/h16-17,19H,3-15,18H2,1-2H3	0.285316259815822	0.050632911392405	0.0476190476190476	0.078125	9.35666338322478	44	1	58	15	53
23	1	Bursehernine	Lignan	O=C1OC[C@H](CC2=CC3=C(C=C2)OCO3)[C@H]1CC4=CC(OC)=C(C=C4)OC	InChI=1S/C21H22O6/c1-23-17-5-3-14(9-19(17)24-2)8-16-15(11-25-21(16)22)7-13-4-6-18-20(10-13)27-12-26-18/h3-6,9-10,15-16H,7-8,11-12H2,1-2H3/t15-,16+/m0/s1	370.1416	371.1490702	InChI=1S/C21H22O6/c1-23-17-5-3-14(9-19(17)24-2)8-16-15(11-25-21(16)22)7-13-4-6-18-20(10-13)27-12-26-18/h3-6,9-10,15-16H,7-8,11-12H2,1-2H3	0.852472	InChI=1S/C15H20N2O4S2/c1-3-20-13(18)11-9-7-5-6-8-10(9)23-12(11)16-14(22)17-15(19)21-4-2/h3-8H2,1-2H3,(H2,16,17,19,22)	0.0634587912709919	InChI=1S/C21H22O6/c1-24-17-7-6-14(11-18(17)25-2)20-16(12-23)15-9-13(5-4-8-22)10-19(26-3)21(15)27-20/h4-11,16,20,23H,12H2,1-3H3	0.563779520618752	0.0875	0.267605633802817	0.0705882352941176	30.7989045812712	85	92	17	91	92
25	1	Caffeic acid	Phenylpropene	OC(=O)\C=C\c1ccc(O)c(O)c1	InChI=1S/C9H8O4/c10-7-3-1-6(5-8(7)11)2-4-9(12)13/h1-5,10-11H,(H,12,13)/b4-2+	180.0423	181.0497589	InChI=1S/C9H8O4/c10-7-3-1-6(5-8(7)11)2-4-9(12)13/h1-5,10-11H,(H,12,13)/b4-2+	0.809666	InChI=1S/C8H10N4O2/c1-10-4-9-6-5(10)7(13)12(3)8(14)11(6)2/h4H,1-3H3	0.754204192527127	InChI=1S/C9H8O4/c10-7-3-1-6(5-8(7)11)2-4-9(12)13/h1-5,10-11H,(H,12,13)	0.51145703365663	0.0652173913043478	1	0.0652173913043478	41.0001440222896	94	89	77	87	89
26	1	Caffeine	Purine alkaloid	Cn1cnc2n(C)c(=O)n(C)c(=O)c12	InChI=1S/C8H10N4O2/c1-10-4-9-6-5(10)7(13)12(3)8(14)11(6)2/h4H,1-3H3	194.084	195.0877666	InChI=1S/C8H10N4O2/c1-10-4-9-6-5(10)7(13)12(3)8(14)11(6)2/h4H,1-3H3	0.824582	InChI=1S/C22H26N4/c1-25-13-11-22-16-8-4-5-9-17(16)23-19(25)21(22)12-14-26(2)20(22)24-18-10-6-3-7-15(18)21/h3-10,19-20,23-24H,11-14H2,1-2H3	0.670486023396142	InChI=1S/C8H10N4O2/c1-10-4-9-6(13)5-7(10)12(3)8(14)11(5)2/h4H,1-3H3	0.444622577865239	0.1	0.470588235294118	0.1	30.828493357249	86	90	70	69	90
27	1	Chimonanthine	Dimeric pyrrolidinoindoline alkaloid	CN(CC1)[C@@]2([H])NC3=CC=CC=C3[C@]21[C@@]45[C@@](NC6=CC=CC=C56)([H])N(C)CC4	InChI=1S/C22H26N4/c1-25-13-11-21(15-7-3-5-9-17(15)23-19(21)25)22-12-14-26(2)20(22)24-18-10-6-4-8-16(18)22/h3-10,19-20,23-24H,11-14H2,1-2H3/t19-,20-,21+,22+/m1/s1	346.2157	347.2231179	InChI=1S/C22H26N4/c1-25-13-11-22-16-8-4-5-9-17(16)23-19(25)21(22)12-14-26(2)20(22)24-18-10-6-3-7-15(18)21/h3-10,19-20,23-24H,11-14H2,1-2H3	0.610448	InChI=1S/C24H26N6O2/c1-2-5-20-19(4-1)18(15-26-20)16-30-9-3-6-21(30)24-27-23(28-32-24)17-7-8-25-22(14-17)29-10-12-31-13-11-29/h1-2,4-5,7-8,14-15,21,26H,3,6,9-13,16H2	0.0651534965003812	InChI=1S/C22H26N4/c1-23-13-11-16-15-26(20-10-6-3-7-17(16)20)22-12-14-25(2)21(22)24-19-9-5-4-8-18(19)22/h3-10,15,21,23-24H,11-14H2,1-2H3	0.470057153625411	0.132530120481928	0.454545454545455	0.151515151515152	8.34900950937801	41	55	18	75	54
28	1	Cinegalline	Bisquinolizidine alkaloid	O=C1N2C[C@H](C3)[C@@H]4C[C@@H](OC(C5=CC(O)=C(OC)C(O)=C5)=O)CCN4C[C@H]3[C@H]2CCC1	InChI=1S/C23H30N2O6/c1-30-22-19(26)8-13(9-20(22)27)23(29)31-16-5-6-24-11-14-7-15(18(24)10-16)12-25-17(14)3-2-4-21(25)28/h8-9,14-18,26-27H,2-7,10-12H2,1H3/t14-,15-,16-,17+,18-/m0/s1	430.2104	431.2174886	InChI=1S/C24H40O5/c1-13(4-7-22(28)29)16-5-6-17-15-11-20(26)19-10-14(25)8-9-23(19,2)18(15)12-21(27)24(16,17)3/h13-21,25-27H,4-12H2,1-3H3,(H,28,29)/t13-,14-,15+,16-,17+,18+,19+,20-,21+,23-,24-/m1/s1	0.302367	InChI=1S/C24H32N2O5/c1-29-17-8-9-19(21(14-17)30-2)23-20-7-3-4-10-24(20,28)11-12-26(23)16-22(27)25-15-18-6-5-13-31-18/h5-6,8-9,13-14,20,23,28H,3-4,7,10-12,15-16H2,1-2H3,(H,25,27)	0.352502685284998	InChI=1S/C23H30N2O6/c1-30-22-19(26)8-13(9-20(22)27)23(29)31-16-5-6-24-11-14-7-15(18(24)10-16)12-25-17(14)3-2-4-21(25)28/h8-9,14-18,26-27H,2-7,10-12H2,1H3	0.433312129516348	0.108910891089109	0.0967741935483871	0.145631067961165	-0.928512639205764	12	1	46	63	2
29	1	Cineverine	Bisquinolizidine alkaloid	O=C(C1=CC(OC)=C(C=C1)OC)O[C@@H]2C[C@]([C@@H](C3)C4)([H])N(CC2)C[C@H]3[C@]5([H])N4C(CCC5)=O	InChI=1S/C24H32N2O5/c1-29-21-7-6-15(11-22(21)30-2)24(28)31-18-8-9-25-13-16-10-17(20(25)12-18)14-26-19(16)4-3-5-23(26)27/h6-7,11,16-20H,3-5,8-10,12-14H2,1-2H3/t16-,17-,18-,19+,20-/m0/s1	428.2311	429.2377686	InChI=1S/C24H33N3O4/c1-18-7-6-8-19(2)24(18)25-23(29)16-27-13-11-26(12-14-27)15-20(28)17-31-22-10-5-4-9-21(22)30-3/h4-10,20,28H,11-17H2,1-3H3,(H,25,29)	0.3242733	InChI=1S/C14H9NO2/c15-11-7-3-6-10-12(11)14(17)9-5-2-1-4-8(9)13(10)16/h1-7H,15H2	0.363341658190944	InChI=1S/C24H32N2O5/c1-29-21-7-6-15(11-22(21)30-2)24(28)31-18-8-9-25-13-16-10-17(20(25)12-18)14-26-19(16)4-3-5-23(26)27/h6-7,11,16-20H,3-5,8-10,12-14H2,1-2H3	0.423505827186297	0.112903225806452	0.159090909090909	0.0845070422535211	-0.731383718591156	15	1	48	61	7
30	1	Cleistopholine	Azaanthraquinone	CC1=C(C(C2=CC=CC=C2C3=O)=O)C3=NC=C1	InChI=1S/C14H9NO2/c1-8-6-7-15-12-11(8)13(16)9-4-2-3-5-10(9)14(12)17/h2-7H,1H3	223.0633	224.0705536	InChI=1S/C14H9NO2/c1-8-6-7-15-12-11(8)13(16)9-4-2-3-5-10(9)14(12)17/h2-7H,1H3	0.875372	InChI=1S/C21H34N2/c1-13-17-5-6-19-16-4-3-14-11-15(22)7-9-20(14,2)18(16)8-10-21(17,19)12-23-13/h3,13,15-19,23H,4-12,22H2,1-2H3	0.777811833279631	InChI=1S/C8H9N5O3/c1-12-3-4(10-8(9)11-5(3)14)13(2)7(16)6(12)15/h1-2H3,(H3,9,10,11,14)	0.323041249181619	0.0606060606060606	0.0980392156862745	0.0588235294117647	39.2583982270696	91	95	78	24	95
31	1	Conarrhimine	Steroidal alkaloid	C[C@H]1[C@@]2([H])CC[C@@]3([H])[C@]([C@]4([H])CC[C@]23CN1)([H])CC=C5C[C@@H](N)CC[C@@]54C	InChI=1S/C21H34N2/c1-13-17-5-6-19-16-4-3-14-11-15(22)7-9-20(14,2)18(16)8-10-21(17,19)12-23-13/h3,13,15-19,23H,4-12,22H2,1-2H3/t13-,15-,16+,17+,18-,19-,20-,21-/m0/s1	314.27	315.2786407	InChI=1S/C19H32O2/c1-17-7-3-8-18(2,21)15(17)6-9-19-10-13(4-5-16(17)19)14(11-19)12-20/h13-16,20-21H,3-12H2,1-2H3	0.6339489	InChI=1S/C24H40N2/c1-16-20-8-9-22-19-7-6-17-14-18(25(3)4)10-12-23(17,2)21(19)11-13-24(20,22)15-26(16)5/h6,16,18-22H,7-15H2,1-5H3	0.843438267837807	InChI=1S/C22H34O/c1-8-20(5)15-11-17-22(7,23-9-2)18-12-16-21(6)14-10-13-19(3)4/h8,10-11,13-17H,1,9,12,18H2,2-7H3	0.423401149316482	0.0921052631578947	0.0410958904109589	0.0119047619047619	18.2446614513111	66	1	88	59	55
32	1	Conessine	Steroidal alkaloid	C[C@H]1[C@H]2CC[C@@H]3[C@@]2(CC[C@H]4[C@H]3CC=C5[C@@]4(CC[C@@H](C5)N(C)C)C)CN1C	InChI=1S/C24H40N2/c1-16-20-8-9-22-19-7-6-17-14-18(25(3)4)10-12-23(17,2)21(19)11-13-24(20,22)15-26(16)5/h6,16,18-22H,7-15H2,1-5H3/t16-,18-,19+,20+,21-,22-,23-,24-/m0/s1	356.3191	357.3261312	InChI=1S/C24H40N2/c1-16-20-8-9-22-19-7-6-17-14-18(25(3)4)10-12-23(17,2)21(19)11-13-24(20,22)15-26(16)5/h6,16,18-22H,7-15H2,1-5H3	0.646152	InChI=1S/C22H36N2/c1-14-18-6-7-20-17-5-4-15-12-16(23-3)8-10-21(15,2)19(17)9-11-22(18,20)13-24-14/h4,14,16-20,23-24H,5-13H2,1-3H3	0.694019495277859	InChI=1S/C24H40N2/c1-16(25-4)20-9-10-21-19-8-7-17-15-18(26(5)6)11-13-23(17,2)22(19)12-14-24(20,21)3/h7,9,16,18-19,21-22,25H,8,10-15H2,1-6H3	0.402314056761931	0.444444444444444	0.516666666666667	0.384615384615385	15.7607694953533	59	58	72	47	58
33	1	Conimine	Steroidal alkaloid	C[C@H]1[C@@]2([H])CC[C@@]3([H])[C@]([C@]4([H])CC[C@]23CN1)([H])CC=C5C[C@@H](NC)CC[C@@]54C	InChI=1S/C22H36N2/c1-14-18-6-7-20-17-5-4-15-12-16(23-3)8-10-21(15,2)19(17)9-11-22(18,20)13-24-14/h4,14,16-20,23-24H,5-13H2,1-3H3/t14-,16-,17+,18+,19-,20-,21-,22-/m0/s1	328.2878	329.2958114	InChI=1S/C20H40O3/c1-2-3-4-5-6-7-8-9-10-11-12-13-14-15-16-19(22)17-20(23)18-21/h2,19-23H,1,3-18H2	0.530789	InChI=1S/C11H13NO3/c1-14-9-5-7-3-4-12-11(13)8(7)6-10(9)15-2/h5-6H,3-4H2,1-2H3,(H,12,13)	0.794291118566211	InChI=1S/C23H36O/c1-5-15(2)19-8-9-20-18-7-6-16-14-17(24)10-12-22(16,3)21(18)11-13-23(19,20)4/h5-6,15,17-21,24H,1,7-14H2,2-4H3	0.410796766465514	0.0192307692307692	0.0757575757575757	0.088235294117647	11.1713662036518	47	1	80	51	42
34	1	Corydaldin	Isoquinoline alkaloid	COC1=C(OC)C=C2C(CCN=C2O)=C1	InChI=1S/C11H13NO3/c1-14-9-5-7-3-4-12-11(13)8(7)6-10(9)15-2/h5-6H,3-4H2,1-2H3,(H,12,13)	207.0895	208.0967157	InChI=1S/C11H13NO3/c1-14-9-5-7-3-4-12-11(13)8(7)6-10(9)15-2/h5-6H,3-4H2,1-2H3,(H,12,13)	0.665519	InChI=1S/C15H10O6/c16-8-2-3-9-12(6-8)21-15(14(20)13(9)19)7-1-4-10(17)11(18)5-7/h1-6,16-18,20H	0.33425140437465	InChI=1S/C11H13NO3/c1-14-9-5-3-8(4-6-11(12)13)7-10(9)15-2/h3-7H,1-2H3,(H2,12,13)	0.420858949840465	0.107142857142857	0.244444444444444	0.087719298245614	13.1814432601389	53	60	43	58	60
35	1	Cyanidol	Anthocyanin flavonoid	Oc1cc(O)c2cc(O)c([o+]c2c1)-c1ccc(O)c(O)c1	InChI=1S/C15H10O6/c16-8-4-11(18)9-6-13(20)15(21-14(9)5-8)7-1-2-10(17)12(19)3-7/h1-6H,(H4-,16,17,18,19,20)/p+1	287.055	287.0551046	InChI=1S/C15H10O6/c16-8-2-3-9-12(6-8)21-15(14(20)13(9)19)7-1-4-10(17)11(18)5-7/h1-6,16-18,20H	0.680813	InChI=1S/C33H42N6O6/c1-20(2)28-33(45)37-25(18-23-13-8-5-9-14-23)31(43)36-24(17-22-11-6-4-7-12-22)30(42)35-21(3)29(41)34-19-27(40)39-16-10-15-26(39)32(44)38-28/h4-9,11-14,20-21,24-26,28H,10,15-19H2,1-3H3,(H,34,41)(H,35,42)(H,36,43)(H,37,45)(H,38,44)	0.563792858316942	InChI=1S/C15H10O6/c16-6-8-4-10(11(7-17)13(19)5-8)14(20)9-2-1-3-12(18)15(9)21/h1-7,18-19,21H	0.393938327875391	0.0833333333333333	0.175438596491228	0.0843373493975903	16.0953914930137	60	65	60	43	65
36	1	Cycloamanide A	Cyclic peptide	CC([C@@](N=C(O)[C@]1([H])CCCN12)([H])C(O)=N[C@@](C(O)=N[C@@](C(O)=N[C@@](C(O)=NCC2=O)([H])C)([H])CC3=CC=CC=C3)([H])CC4=CC=CC=C4)C	InChI=1S/C33H42N6O6/c1-20(2)28-33(45)37-25(18-23-13-8-5-9-14-23)31(43)36-24(17-22-11-6-4-7-12-22)30(42)35-21(3)29(41)34-19-27(40)39-16-10-15-26(39)32(44)38-28/h4-9,11-14,20-21,24-26,28H,10,15-19H2,1-3H3,(H,34,41)(H,35,42)(H,36,43)(H,37,45)(H,38,44)/t21-,24-,25-,26-,28-/m0/s1	618.316	619.3236389	InChI=1S/C31H38O11/c1-15-19(34)13-31(38)26(41-27(37)18-10-8-7-9-11-18)24-29(6,20(35)12-21-30(24,14-39-21)42-17(3)33)25(36)23(40-16(2)32)22(15)28(31,4)5/h7-11,19-21,23-24,26,34-35,38H,12-14H2,1-6H3/t19-,20?,21+,23+,24-,26-,29+,30-,31+/m0/s1	0.3259557	InChI=1S/C23H23N3O3/c1-23-21-17(16-8-4-5-9-18(16)24-21)11-12-26(23)20(27)14-25(22(23)28)13-15-7-3-6-10-19(15)29-2/h3-10,24H,11-14H2,1-2H3	0.0706209084838025	InChI=1S/C25H46N8O10/c1-8(2)4-14(22(39)40)32-25(41)31-13(5-10-7-29-24(28)30-10)21(38)33-15-16(34)18(36)20(19(37)17(15)35)43-23-12(27)6-11(26)9(3)42-23/h8-20,23,34-37H,4-7,26-27H2,1-3H3,(H,33,38)(H,39,40)(H3,28,29,30)(H2,31,32,41)	0.187690141678007	0.109090909090909	0.110236220472441	0.0672268907563025	-1.82927805169299	3	1	19	8	8
37	1	Cynodine	Imidazole alkaloid	CN1C[C@@H](c2ncn(C)c2)[C@](C1=O)([H])[C@@H](c3ccccc3)OC(c4ccccc4)=O	InChI=1S/C23H23N3O3/c1-25-14-19(24-15-25)18-13-26(2)22(27)20(18)21(16-9-5-3-6-10-16)29-23(28)17-11-7-4-8-12-17/h3-12,14-15,18,20-21H,13H2,1-2H3/t18-,20+,21+/m0/s1	389.1739	390.1808573	InChI=1S/C22H19N3O4/c1-24-10-19(26)25-16(22(24)27)9-14-13-4-2-3-5-15(13)23-20(14)21(25)12-6-7-17-18(8-12)29-11-28-17/h2-8,16,21,23H,9-11H2,1H3/t16-,21-/m1/s1	0.382606575	InChI=1S/C11H14N2O/c14-11-3-1-2-10-9-4-8(5-12-6-9)7-13(10)11/h1-3,8-9,12H,4-7H2	0.986799474445403	InChI=1S/C23H23N3O3/c1-25-14-19(24-15-25)18-13-26(2)22(27)20(18)21(16-9-5-3-6-10-16)29-23(28)17-11-7-4-8-12-17/h3-12,14-15,18,20-21H,13H2,1-2H3	0.32279873336001	0.12987012987013	0.153846153846154	0.138888888888889	11.8005470861756	50	1	95	23	23
38	1	Cytisine	Quinolizidine alkaloid	O=C1C=CC=C2[C@@H]3C[C@@H](CNC3)CN21	InChI=1S/C11H14N2O/c14-11-3-1-2-10-9-4-8(5-12-6-9)7-13(10)11/h1-3,8-9,12H,4-7H2/t8-,9+/m0/s1	190.1106	191.1181208	InChI=1S/C11H14N2O/c14-11-3-1-2-10-9-4-8(5-12-6-9)7-13(10)11/h1-3,8-9,12H,4-7H2/t8-,9+/m0/s1	0.730046	InChI=1S/C16H12O4/c1-8-12(17)7-11-13(16(8)20-2)15(19)10-6-4-3-5-9(10)14(11)18/h3-7,17H,1-2H3	0.575825872194092	InChI=1S/C11H14N2O/c1-12(2)7-9-8-13(14)11-6-4-3-5-10(9)11/h3-6,8,14H,7H2,1-2H3	0.41438242310769	0.103448275862069	0.0909090909090909	0.132075471698113	20.2338508374794	71	72	62	55	72
39	1	Damnacanthol	Anthraquinone	COc1c(CO)c(O)cc2C(=O)c3ccccc3C(=O)c12	InChI=1S/C16H12O5/c1-21-16-11(7-17)12(18)6-10-13(16)15(20)9-5-3-2-4-8(9)14(10)19/h2-6,17-18H,7H2,1H3	284.068	285.0753	InChI=1S/C16H12O4/c1-19-12-5-2-10(3-6-12)14-9-20-15-8-11(17)4-7-13(15)16(14)18/h2-9,17H,1H3	0.565876	InChI=1S/C13H20O4/c1-5-6-7-11(10(4)13(16)17)8(2)9(3)12(14)15/h5-7H2,1-4H3,(H,14,15)(H,16,17)	0.109086171984141	InChI=1S/C15H12N2O3/c1-20-9-2-3-10-11-6-7-16(19)12-4-5-14(18)17(15(11)12)13(10)8-9/h2-3,6-8H,4-5H2,1H3	0.328042599909607	0.0535714285714285	0.234375	0.032258064516129	5.81780867984736	32	1	22	25	47
40	1	Dehydrovomifoliol	Megastigmane norisoprenoid	CC(/C=C/[C@](C(C)(C)CC1=O)(C(C)=C1)O)=O	InChI=1S/C13H18O3/c1-9-7-11(15)8-12(3,4)13(9,16)6-5-10(2)14/h5-7,16H,8H2,1-4H3/b6-5+/t13-/m1/s1	222.28	223.1325972	InChI=1S/C13H20O3/c14-12-10-8-6-4-2-1-3-5-7-9-11-13(15)16/h4,6,8,10,12H,1-3,5,7,9,11H2,(H,15,16)	0.351576	InChI=1S/C21H34/c1-14(2)17-8-7-16(4)18-10-11-20(5,6)21(18)12-9-15(3)13-19(17)21/h13-14,17,19H,7-12H2,1-6H3	0.0613462793734984	InChI=1S/C13H18O3/c1-9(14)4-5-11-12(2)6-10(15)7-13(11,3)16-8-12/h4-5,11H,6-8H2,1-3H3	0.536472539730811	0	0.0943396226415094	0.09375	-0.648511602912197	17	1	15	90	18
41	1	Deoxofuntumine	Steroidal alkaloid	CC[C@H]1CC[C@@]2([H])[C@]([C@]3([H])CC[C@]12C)([H])CC[C@@]4([H])C[C@H](N)CC[C@@]43C	InChI=1S/C21H37N/c1-4-14-6-8-18-17-7-5-15-13-16(22)9-11-21(15,3)19(17)10-12-20(14,18)2/h14-19H,4-13,22H2,1-3H3/t14-,15-,16+,17-,18-,19-,20+,21-/m0/s1	303.534	304.2997651	InChI=1S/C20H34O3/c1-2-3-13-16-19(21)17-14-11-9-7-5-4-6-8-10-12-15-18-20(22)23/h9,11,14,17H,2-8,10,12-13,15-16,18H2,1H3,(H,22,23)/b11-9-,17-14+	0.56508375	InChI=1S/C22H22O7/c1-24-17-6-12(7-18(25-2)21(17)26-3)19-14-8-16-15(28-10-29-16)5-11(14)4-13-9-27-22(23)20(13)19/h5-8,13,19-20H,4,9-10H2,1-3H3	0.652819903604892	InChI=1S/C21H37N/c1-3-4-5-6-7-8-9-10-11-12-13-14-15-18-21-19-16-17-20(2)22-21/h16-17,19H,3-15,18H2,1-2H3	0.148122300086507	0.0266666666666666	0.163265306122449	0.0434782608695652	9.34490094720598	43	1	68	5	46
42	1	Deoxopodophyllotoxine	Aryltetralin-type lignan	O=C([C@]1([H])[C@H](C2=CC(OC)=C(C(OC)=C2)OC)C3=C4)OC[C@]1([H])CC3=CC5=C4OCO5	InChI=1S/C22H22O7/c1-24-17-6-12(7-18(25-2)21(17)26-3)19-14-8-16-15(28-10-29-16)5-11(14)4-13-9-27-22(23)20(13)19/h5-8,13,19-20H,4,9-10H2,1-3H3/t13-,19+,20-/m0/s1	398.411	399.1433716	InChI=1S/C23H28O7/c1-12-13(2)21(15-9-18(26-5)23-19(10-15)28-11-29-23)30-20(12)14-7-16(24-3)22(27-6)17(8-14)25-4/h7-10,12-13,20-21H,11H2,1-6H3/t12-,13-,20+,21+/m1/s1	0.33105735	InChI=1S/C23H34O5/c1-21-7-5-15(24)10-14(21)3-4-17-16(21)6-8-22(2)20(13-9-19(26)28-12-13)18(25)11-23(17,22)27/h9,14-18,20,24-25,27H,3-8,10-12H2,1-2H3	0.79326098610741	InChI=1S/C22H22O7/c1-24-18-6-12(7-19(25-2)21(18)26-3)20-13-8-17-16(28-10-29-17)5-11(13)4-14-15(20)9-27-22(14)23/h5-8,14-15,20H,4,9-10H2,1-3H3	0.268266284155357	0.1	0.383333333333333	0.102272727272727	5.0111260773424	30	1	79	12	11
43	1	Digoxigenin	Cardenolide-type steroid	C[C@]12CC[C@H](O)C[C@@]1([H])CC[C@]3([H])[C@]2([H])C[C@@H](O)[C@@]4([C@@H](C(CO5)=CC5=O)CC[C@]34O)C	InChI=1S/C23H34O5/c1-21-7-5-15(24)10-14(21)3-4-17-18(21)11-19(25)22(2)16(6-8-23(17,22)27)13-9-20(26)28-12-13/h9,14-19,24-25,27H,3-8,10-12H2,1-2H3/t14-,15+,16-,17-,18+,19-,21+,22+,23+/m1/s1	390.52	391.248057	InChI=1S/C23H34O5/c1-21-7-5-15(24)10-14(21)3-4-17-18(21)11-19(25)22(2)16(6-8-23(17,22)27)13-9-20(26)28-12-13/h9,14-19,24-25,27H,3-8,10-12H2,1-2H3/t14-,15+,16-,17-,18+,19-,21+,22+,23+/m1/s1	0.83021	InChI=1S/C10H15N5/c1-7(2)3-4-11-9-8-10(13-5-12-8)15-6-14-9/h5-7H,3-4H2,1-2H3,(H2,11,12,13,14,15)	0.649503876394262	InChI=1S/C23H34O5/c1-2-3-4-7-17(24)9-10-18-19-11-15-6-5-8-22(28-14-23(26)27)20(15)12-16(19)13-21(18)25/h5-6,8,16-19,21,24-25H,2-4,7,9-14H2,1H3,(H,26,27)	0.423405150665643	0.037037037037037	0.0918367346938775	0.0853658536585365	31.0344032812135	87	91	67	60	91
44	1	Dihydrotriacanthine	Prenylated purine alkaloid	CC(CCN1C=NC(N)=C2C1=NC=N2)C	InChI=1S/C10H15N5/c1-7(2)3-4-15-6-14-9(11)8-10(15)13-5-12-8/h5-7H,3-4,11H2,1-2H3	205.265	206.1400117	InChI=1S/C9H11N5O/c10-8-7-9(12-4-11-8)14(5-13-7)6-2-1-3-15-6/h4-6H,1-3H2,(H2,10,11,12)	0.408159375	InChI=1S/C15H21N3O2/c1-15-7-8-17(3)13(15)18(4)12-6-5-10(9-11(12)15)20-14(19)16-2/h5-6,9,13H,7-8H2,1-4H3,(H,16,19)	0.993919901651516	InChI=1S/C10H15N5/c1-6(2)7(3)15-5-14-9(11)8-10(15)13-4-12-8/h4-7H,11H2,1-3H3	0.479220547413044	0.0684931506849315	0.207547169811321	0.0588235294117647	13.0248745407395	52	1	96	81	27
45	1	Eserine	Beta-carboline alkaloid	C[C@@](CCN1C)([C@@]1([H])N2C)c3c2ccc(OC(NC)=O)c3	InChI=1S/C15H21N3O2/c1-15-7-8-17(3)13(15)18(4)12-6-5-10(9-11(12)15)20-14(19)16-2/h5-6,9,13H,7-8H2,1-4H3,(H,16,19)/t13-,15+/m1/s1	275.35	276.1707382	InChI=1S/C15H21N3O2/c1-15-7-8-17(3)13(15)18(4)12-6-5-10(9-11(12)15)20-14(19)16-2/h5-6,9,13H,7-8H2,1-4H3,(H,16,19)/t13-,15+/m1/s1	0.754402	InChI=1S/C21H32O/c1-4-14-6-8-18-17-7-5-15-13-16(22)9-11-21(15,3)19(17)10-12-20(14,18)2/h4,14-15,17-19H,1,5-13H2,2-3H3	0.324115128147367	InChI=1S/C15H21N3O2/c1-15-7-8-17(3)13(15)18(4)12-6-5-10(9-11(12)15)20-14(19)16-2/h5-6,9,13H,7-8H2,1-4H3,(H,16,19)	0.3409969031599	0.123287671232877	1	0.123287671232877	27.5249785113537	81	76	42	29	76
46	1	Funtumine	Steroidal alkaloid	CC(=O)[C@H]1CC[C@@H]2[C@@]1(CC[C@H]3[C@H]2CC[C@@H]4[C@@]3(CC[C@H](C4)N)C)C	InChI=1S/C21H35NO/c1-13(23)17-6-7-18-16-5-4-14-12-15(22)8-10-20(14,2)19(16)9-11-21(17,18)3/h14-19H,4-12,22H2,1-3H3/t14-,15+,16-,17+,18-,19-,20-,21+/m0/s1	317.5	318.2787335	InChI=1S/C20H28O2/c1-13(2)14-6-8-16-15(12-14)7-9-17-19(16,3)10-5-11-20(17,4)18(21)22/h6,8,12-13,17H,5,7,9-11H2,1-4H3,(H,21,22)/t17?,19-,20-/m1/s1	0.49345725	InChI=1S/C20H24O9/c1-7-12(22)26-10-6-17-9-5-8(16(2,3)4)18(17)11(21)13(23)28-15(18)29-20(17,14(24)27-9)19(7,10)25/h7-11,15,21,25H,5-6H2,1-4H3	0.93794964937191	InChI=1S/C21H35NO/c1-13(22)17-6-7-18-16-5-4-14-12-15(23)8-10-20(14,2)19(16)9-11-21(17,18)3/h4,13,15-19,23H,5-12,22H2,1-3H3	0.482369799808449	0.0941176470588235	0.194444444444444	0.0941176470588235	14.6335026036293	57	1	92	82	38
47	1	Ginkgolide A	Diterpene lactone	C[C@@H]1C(O[C@H]2C[C@]34[C@]56[C@@H](C[C@H]3OC([C@@]4([C@@]12O)O[C@@H]5OC([C@@H]6O)=O)=O)C(C)(C)C)=O	InChI=1S/C20H24O9/c1-7-12(22)26-10-6-17-9-5-8(16(2,3)4)18(17)11(21)13(23)28-15(18)29-20(17,14(24)27-9)19(7,10)25/h7-11,15,21,25H,5-6H2,1-4H3/t7-,8+,9-,10+,11+,15+,17-,18+,19-,20-/m1/s1	408.403	409.1497362	InChI=1S/C20H24O9/c1-7-12(22)26-10-6-17-9-5-8(16(2,3)4)18(17)11(21)13(23)28-15(18)29-20(17,14(24)27-9)19(7,10)25/h7-11,15,21,25H,5-6H2,1-4H3/t7-,8+,9-,10+,11+,15+,17?,18?,19-,20-/m1/s1	0.782643	InChI=1S/C20H24O10/c1-6-12(23)28-11-9(21)18-8-5-7(16(2,3)4)17(18)10(22)13(24)29-15(17)30-20(18,14(25)27-8)19(6,11)26/h6-11,15,21-22,26H,5H2,1-4H3	0.83485303739555	InChI=1S/C21H29BrO3/c1-24-21(23)15-12-14-20-17-16-19(25-20)13-10-8-6-4-2-3-5-7-9-11-18-22/h6-9,11,18-20H,2-5,12,14-17H2,1H3	0.39817098075846	0.666666666666667	0.0869565217391304	0.0869565217391304	38.542820129015	90	80	85	45	80
48	1	Ginkgolide B	Diterpene lactone	C[C@]([C@@]1(O)[C@](O2)([H])[C@@](O)([H])[C@@]3([C@]14C5=O)[C@@](O5)([H])C[C@@]([C@]([C@@](O4)([H])O6)3[C@](O)([H])C6=O)([H])C(C)(C)C)([H])C2=O	InChI=1S/C20H24O10/c1-6-12(23)28-11-9(21)18-8-5-7(16(2,3)4)17(18)10(22)13(24)29-15(17)30-20(18,14(25)27-8)19(6,11)26/h6-11,15,21-22,26H,5H2,1-4H3/t6-,7+,8-,9+,10+,11+,15+,17+,18+,19-,20-/m1/s1	424.402	425.1444041	InChI=1S/C20H24O10/c1-6-12(23)28-11-9(21)18-8-5-7(16(2,3)4)17(18)10(22)13(24)29-15(17)30-20(18,14(25)27-8)19(6,11)26/h6-11,15,21-22,26H,5H2,1-4H3/t6-,7?,8-,9-,10+,11+,15+,17+,18+,19-,20-/m1/s1	0.693032	InChI=1S/C24H24O6S/c1-14-4-9-21(15(2)10-14)31-13-18-11-20(26)23(28)24(30-18)19(12-22(27)29-3)16-5-7-17(25)8-6-16/h4-11,19,25,28H,12-13H2,1-3H3	0.0365557428247533	InChI=1S/C21H28O7S/c1-12-6-7-15(28-16(23)8-9-29(5)25)17-18(27-14(3)22)21(11-20(12,17)4)13(2)10-26-19(21)24/h8-9,12,15,17-18H,2,6-7,10-11H2,1,3-5H3	0.385692955244793	0.0833333333333333	0.127659574468085	0.0784313725490196	14.5160655511179	56	68	10	40	68
49	1	Ginkgolide C	Diterpene lactone	O[C@H]1[C@@H]2[C@@]34[C@]([C@]5(O)[C@H]([C@@H]3O)OC([C@H]5C)=O)(O[C@@H]6OC([C@@H]([C@]46[C@@H]1C(C)(C)C)O)=O)C(O2)=O	InChI=1S/C20H24O11/c1-5-12(24)28-11-8(22)18-10-6(21)7(16(2,3)4)17(18)9(23)13(25)30-15(17)31-20(18,14(26)29-10)19(5,11)27/h5-11,15,21-23,27H,1-4H3/t5-,6-,7+,8+,9+,10-,11+,15+,17+,18+,19-,20-/m1/s1	440.401	441.1392473	InChI=1S/C20H24O11/c1-5-12(24)28-11-8(22)18-10-6(21)7(16(2,3)4)17(18)9(23)13(25)30-15(17)31-20(18,14(26)29-10)19(5,11)27/h5-11,15,21-23,27H,1-4H3	0.696535	InChI=1S/C25H32O5/c1-23-9-7-17(29-14-26)11-16(23)4-5-19-18(23)8-10-24(2)20(12-21-25(19,24)30-21)15-3-6-22(27)28-13-15/h3,6,13-14,16-21H,4-5,7-12H2,1-2H3	0.319630981805689	InChI=1S/C24H24O8/c1-17(25)32-20(15-30-23(27)12-9-18-6-4-3-5-7-18)16-31-24(28)13-10-19-8-11-21(26)22(14-19)29-2/h3-14,20,26H,15-16H2,1-2H3	0.337103831752251	0.0824742268041237	0.0555555555555555	0.0947368421052631	15.4432572442045	58	69	40	28	69
50	1	Gitoxigenin	Cardenolide-type steroid	C[C@]12CC[C@H](O)C[C@@]1([H])CC[C@]3([H])[C@]2([H])CC[C@@]4([C@@H](C(CO5)=CC5=O)[C@@H](O)C[C@]34O)C	InChI=1S/C23H34O5/c1-21-7-5-15(24)10-14(21)3-4-17-16(21)6-8-22(2)20(13-9-19(26)28-12-13)18(25)11-23(17,22)27/h9,14-18,20,24-25,27H,3-8,10-12H2,1-2H3/t14-,15+,16+,17-,18+,20+,21+,22-,23+/m1/s1	390.52	413.2299906	InChI=1S/C23H34O5/c1-21-7-5-15(24)10-14(21)3-4-17-16(21)6-8-22(2)20(13-9-19(26)28-12-13)18(25)11-23(17,22)27/h9,14-18,20,24-25,27H,3-8,10-12H2,1-2H3/t14-,15+,16+,17-,18+,20+,21+,22-,23+/m1/s1	0.675976	InChI=1S/C43H64O15/c1-20-37(54-23(4)44)28(45)16-35(52-20)56-39-22(3)53-36(17-30(39)47)57-38-21(2)51-34(15-29(38)46)55-26-8-10-40(5)25(14-26)7-11-42-31(40)18-32(48)41(6)27(9-12-43(41,42)58-42)24-13-33(49)50-19-24/h13,20-22,25-32,34-39,45-48H,7-12,14-19H2,1-6H3	0.842962715245594	InChI=1S/C21H32O8/c1-18(8-22)4-3-5-19-9-29-21(27,17(26)14(18)19)20-12(19)6-11(23)13(16(20)25)10(7-28-2)15(20)24/h10-14,16-17,22-23,25-27H,3-9H2,1-2H3	0.355361977326153	0.308510638297872	0.166666666666667	0.155963302752294	21.4185707171395	75	64	87	35	64
51	1	Gitoxin	Cardenolide-type steroid	C[C@]12CC[C@H](O[C@@H](C3)O[C@H](C)[C@H]([C@H]3O)O[C@@H](C4)O[C@H](C)[C@H]([C@H]4O)O[C@@H](C5)O[C@H](C)[C@H]([C@H]5O)O)C[C@@]1([H])CC[C@]6([H])[C@]2([H])CC[C@@]7([C@@H](C(CO8)=CC8=O)[C@@H](O)C[C@]67O)C	InChI=1S/C41H64O14/c1-19-36(47)27(42)14-33(50-19)54-38-21(3)52-34(16-29(38)44)55-37-20(2)51-32(15-28(37)43)53-24-8-10-39(4)23(13-24)6-7-26-25(39)9-11-40(5)35(22-12-31(46)49-18-22)30(45)17-41(26,40)48/h12,19-21,23-30,32-38,42-45,47-48H,6-11,13-18H2,1-5H3/t19-,20-,21-,23-,24+,25+,26-,27+,28+,29+,30+,32+,33+,34+,35+,36-,37-,38-,39+,40-,41+/m1/s1	780.949	803.4182739	InChI=1S/C41H64O14/c1-19-36(47)27(42)14-33(50-19)54-38-21(3)52-34(16-29(38)44)55-37-20(2)51-32(15-28(37)43)53-24-8-10-39(4)23(13-24)6-7-26-25(39)9-11-40(5)35(22-12-31(46)49-18-22)30(45)17-41(26,40)48/h12,19-21,23-30,32-38,42-45,47-48H,6-11,13-18H2,1-5H3	0.574449	InChI=1S/C21H32O/c1-4-14-6-8-18-17-7-5-15-13-16(22)9-11-21(15,3)19(17)10-12-20(14,18)2/h4,14-15,17-19H,1,5-13H2,2-3H3	0.440713677394066	InChI=1S/C43H62O14/c1-24-10-12-31-41(4)15-9-16-42(31,5)28(24)20-54-34(26(36(48)49)18-32(44)45)38(51)56-22-40(3)14-8-17-43(6)29(25(2)11-13-30(40)43)21-55-35(39(52)57-23-41)27(19-33(46)47)37(50)53-7/h26-31,34-35H,1-2,8-23H2,3-7H3,(H,44,45)(H,46,47)(H,48,49)	0.0869469946536136	0.213483146067416	0.15929203539823	0.147727272727273	6.99378051725768	37	1	54	2	51
52	1	Holafebrine	Steroidal alkaloid	N[C@@H](C)[C@H]1CC[C@@]2([H])[C@]([C@]3([H])CC[C@]12C)([H])CC=C4C[C@@H](O)CC[C@@]43C	InChI=1S/C21H35NO/c1-13(22)17-6-7-18-16-5-4-14-12-15(23)8-10-20(14,2)19(16)9-11-21(17,18)3/h4,13,15-19,23H,5-12,22H2,1-3H3/t13-,15-,16-,17+,18-,19-,20-,21+/m0/s1	317.517	318.2792908	InChI=1S/C20H28O2/c1-13(2)14-6-8-16-15(12-14)7-9-17-19(16,3)10-5-11-20(17,4)18(21)22/h6,8,12-13,17H,5,7,9-11H2,1-4H3,(H,21,22)/t17?,19-,20-/m1/s1	0.49087155	InChI=1S/C21H30O/c1-14(22)17-9-10-18-16-8-7-15-6-4-5-12-20(15,2)19(16)11-13-21(17,18)3/h7,9,16,18-19H,4-6,8,10-13H2,1-3H3	0.315040919033345	InChI=1S/C21H35NO/c1-13(22)17-6-7-18-16-5-4-14-12-15(23)8-10-20(14,2)19(16)9-11-21(17,18)3/h4,13,15-19,23H,5-12,22H2,1-3H3	0.43810291003661	0.257575757575758	0.194444444444444	0.360655737704918	3.61297884776641	29	1	38	66	37
53	1	Holamine	Steroidal alkaloid	O=C(C)[C@H]1CC[C@@]2([H])[C@]([C@]3([H])CC[C@]12C)([H])CC=C4C[C@H](N)CC[C@@]43C	InChI=1S/C21H33NO/c1-13(23)17-6-7-18-16-5-4-14-12-15(22)8-10-20(14,2)19(16)9-11-21(17,18)3/h4,15-19H,5-12,22H2,1-3H3/t15-,16+,17-,18+,19+,20+,21-/m1/s1	315.501	316.2635153	InChI=1S/C17H30O4/c1-3-4-5-6-7-8-9-10-11-12-14-15(16(18)19)13(2)17(20)21-14/h13-15H,3-12H2,1-2H3,(H,18,19)/t13?,14?,15-/m1/s1	0.346957	InChI=1S/C21H32O/c1-4-14-6-8-18-17-7-5-15-13-16(22)9-11-21(15,3)19(17)10-12-20(14,18)2/h4-5,16-19,22H,6-13H2,1-3H3	0.355158445185268	InChI=1S/C21H33NO/c1-13(23)17-6-7-18-16-5-4-14-12-15(22)8-10-20(14,2)19(16)9-11-21(17,18)3/h4,15-19H,5-12,22H2,1-3H3	0.460349675868397	0.0606060606060606	0.088235294117647	0.413793103448276	-0.340785507694843	20	1	47	72	17
54	1	Holaminol	Steroidal alkaloid	C[C@@H](O)[C@H]1CC[C@@]2([H])[C@]([C@]3([H])CC[C@]12C)([H])CC=C4C[C@H](N)CC[C@@]43C	InChI=1S/C21H35NO/c1-13(23)17-6-7-18-16-5-4-14-12-15(22)8-10-20(14,2)19(16)9-11-21(17,18)3/h4,13,15-19,23H,5-12,22H2,1-3H3/t13-,15-,16+,17-,18+,19+,20+,21-/m1/s1	317.517	318.2796725	InChI=1S/C20H28O2/c1-13(2)14-6-8-16-15(12-14)7-9-17-19(16,3)10-5-11-20(17,4)18(21)22/h6,8,12-13,17H,5,7,9-11H2,1-4H3,(H,21,22)/t17?,19-,20-/m1/s1	0.46469475	InChI=1S/C21H30O/c1-14(22)17-9-10-18-16-8-7-15-6-4-5-12-20(15,2)19(16)11-13-21(17,18)3/h7,9,16,18-19H,4-6,8,10-13H2,1-3H3	0.405812879218258	InChI=1S/C21H35NO/c1-13(22)17-6-7-18-16-5-4-14-12-15(23)8-10-20(14,2)19(16)9-11-21(17,18)3/h4,13,15-19,23H,5-12,22H2,1-3H3	0.482893622927821	0.257575757575758	0.194444444444444	0.360655737704918	3.06038690682168	26	1	50	83	34
55	1	Holaphyllamine	Steroidal alkaloid	O=C(C)[C@H]1CC[C@@]2([H])[C@]([C@]3([H])CC[C@]12C)([H])CC=C4C[C@@H](N)CC[C@@]43C	InChI=1S/C21H33NO/c1-13(23)17-6-7-18-16-5-4-14-12-15(22)8-10-20(14,2)19(16)9-11-21(17,18)3/h4,15-19H,5-12,22H2,1-3H3/t15-,16-,17+,18-,19-,20-,21+/m0/s1	315.501	316.2636525	InChI=1S/C17H30O4/c1-3-4-5-6-7-8-9-10-11-12-14-15(16(18)19)13(2)17(20)21-14/h13-15H,3-12H2,1-2H3,(H,18,19)/t13?,14?,15-/m1/s1	0.330221	InChI=1S/C22H37NO/c1-14(23-4)18-7-8-19-17-6-5-15-13-16(24)9-11-21(15,2)20(17)10-12-22(18,19)3/h5,14,16-20,23-24H,6-13H2,1-4H3	0.416048917124168	InChI=1S/C21H33NO/c1-13(23)17-6-7-18-16-5-4-14-12-15(22)8-10-20(14,2)19(16)9-11-21(17,18)3/h4,15-19H,5-12,22H2,1-3H3	0.403673823030486	0.0555555555555555	0.088235294117647	0.466666666666667	-0.518931713605891	19	1	52	48	10
56	1	Holaphyllidine	Steroidal alkaloid	C[C@H](O)[C@H]1CC[C@@]2([H])[C@]([C@]3([H])CC[C@]12C)([H])CC=C4C[C@@H](NC)CC[C@@]43C	InChI=1S/C22H37NO/c1-14(24)18-7-8-19-17-6-5-15-13-16(23-4)9-11-21(15,2)20(17)10-12-22(18,19)3/h5,14,16-20,23-24H,6-13H2,1-4H3/t14-,16-,17-,18+,19-,20-,21-,22+/m0/s1	331.544	332.2948382	InChI=1S/C21H35NO.ClH/c1-7-21(5,6)20-10-8-19(9-11-20)12-16(2)13-22-14-17(3)23-18(4)15-22;/h8-11,16-18H,7,12-15H2,1-6H3;1H/t16?,17-,18+;	0.337377	InChI=1S/C22H35NO/c1-14(23-4)15-9-11-21(2)16(13-15)5-6-17-18-7-8-20(24)22(18,3)12-10-19(17)21/h5,14-15,17-19,23H,6-13H2,1-4H3	0.196620732531809	InChI=1S/C22H37NO/c1-14(23-4)18-7-8-19-17-6-5-15-13-16(24)9-11-21(15,2)20(17)10-12-22(18,19)3/h5,14,16-20,23-24H,6-13H2,1-4H3	0.450482418651587	0.106666666666667	0.103896103896104	0.517241379310345	-0.697871738788892	16	1	30	70	13
57	1	Holaphylline	Steroidal alkaloid	O=C(C)[C@H]1CC[C@@]2([H])[C@]([C@]3([H])CC[C@]12C)([H])CC=C4C[C@@H](NC)CC[C@@]43C	InChI=1S/C22H35NO/c1-14(24)18-7-8-19-17-6-5-15-13-16(23-4)9-11-21(15,2)20(17)10-12-22(18,19)3/h5,16-20,23H,6-13H2,1-4H3/t16-,17-,18+,19-,20-,21-,22+/m0/s1	329.528	330.2791617	InChI=1S/C20H27NO3/c1-18-7-6-14-12(13(18)3-4-15(18)22)5-8-20-17(24-20)16(23)11(10-21)9-19(14,20)2/h12-15,17,22-23H,3-9H2,1-2H3/t12-,13-,14-,15-,17+,18-,19+,20+/m0/s1	0.4236297	InChI=1S/C22H37NO/c1-14(23-4)18-7-8-19-17-6-5-15-13-16(24)9-11-21(15,2)20(17)10-12-22(18,19)3/h5,14,16-20,23-24H,6-13H2,1-4H3	0.435045604724651	InChI=1S/C22H35NO/c1-14(23-4)18-7-8-19-17-6-5-15-13-16(24)9-11-21(15,2)20(17)10-12-22(18,19)3/h13-14,17-20,23H,5-12H2,1-4H3	0.414100723367691	0.22972972972973	0.213333333333333	0.551724137931035	2.05651618404527	24	1	53	54	29
58	1	Holaphyllinol	Steroidal alkaloid	C[C@@H](O)[C@H]1CC[C@@]2([H])[C@]([C@]3([H])CC[C@]12C)([H])CC=C4C[C@@H](NC)CC[C@@]43C	InChI=1S/C22H37NO/c1-14(24)18-7-8-19-17-6-5-15-13-16(23-4)9-11-21(15,2)20(17)10-12-22(18,19)3/h5,14,16-20,23-24H,6-13H2,1-4H3/t14-,16+,17+,18-,19+,20+,21+,22-/m1/s1	331.544	332.2949295	InChI=1S/C21H35NO.ClH/c1-7-21(5,6)20-10-8-19(9-11-20)12-16(2)13-22-14-17(3)23-18(4)15-22;/h8-11,16-18H,7,12-15H2,1-6H3;1H/t16?,17-,18+;	0.34422	InChI=1S/C30H42N4O2/c1-31-17-11-21-33(29(35)23-27(31)25-13-5-3-6-14-25)19-9-10-20-34-22-12-18-32(2)28(24-30(34)36)26-15-7-4-8-16-26/h3-8,13-16,27-28H,9-12,17-24H2,1-2H3	0.131217173422034	InChI=1S/C22H37NO/c1-14(23-4)18-7-8-19-17-6-5-15-13-16(24)9-11-21(15,2)20(17)10-12-22(18,19)3/h5,14,16-20,23-24H,6-13H2,1-4H3	0.450932601608405	0.119402985074627	0.103896103896104	0.0958904109589041	-0.97509405840289	11	1	24	71	16
59	1	Homaline	Spermine-derived alkaloid	O=C(C1)N(CCCCN2C(C[C@@H](C3=CC=CC=C3)N(C)CCC2)=O)CCCN(C)[C@@H]1C4=CC=CC=C4	InChI=1S/C30H42N4O2/c1-31-17-11-21-33(29(35)23-27(31)25-13-5-3-6-14-25)19-9-10-20-34-22-12-18-32(2)28(24-30(34)36)26-15-7-4-8-16-26/h3-8,13-16,27-28H,9-12,17-24H2,1-2H3/t27-,28-/m0/s1	490.69	491.3377845	InChI=1S/C30H46O4/c1-25(2)21-8-11-30(7)23(28(21,5)10-9-22(25)32)20(31)16-18-19-17-27(4,24(33)34)13-12-26(19,3)14-15-29(18,30)6/h16,19,21-23,32H,8-15,17H2,1-7H3,(H,33,34)	0.3346964	InChI=1S/C21H20O12/c22-6-13-15(27)17(29)18(30)21(32-13)33-20-16(28)14-11(26)4-8(23)5-12(14)31-19(20)7-1-2-9(24)10(25)3-7/h1-5,13,15,17-18,21-27,29-30H,6H2	0.315491150860689	InChI=1S/C30H42N4O2/c1-31-17-11-21-33(29(35)23-27(31)25-13-5-3-6-14-25)19-9-10-20-34-22-12-18-32(2)28(24-30(34)36)26-15-7-4-8-16-26/h3-8,13-16,27-28H,9-12,17-24H2,1-2H3	0.412752290177667	0.0824742268041237	0.10126582278481	0.0864197530864197	-0.800546671959944	14	1	39	53	12
60	1	Hyperoside	Flavonoid glycoside	O=C(C1=C(O)C=C(O)C=C1O2)C(O[C@@H]3[C@@H](O)[C@H](O)[C@@H](O)[C@H](CO)O3)=C2C4=CC(O)=C(O)C=C4	InChI=1S/C21H20O12/c22-6-13-15(27)17(29)18(30)21(32-13)33-20-16(28)14-11(26)4-8(23)5-12(14)31-19(20)7-1-2-9(24)10(25)3-7/h1-5,13,15,17-18,21-27,29-30H,6H2/t13-,15-,17+,18-,21+/m0/s1	464.38	465.1028544	InChI=1S/C21H20O12/c22-6-13-15(26)17(28)19(30)21(33-13)32-11-2-1-7(3-9(11)24)20-18(29)16(27)14-10(25)4-8(23)5-12(14)31-20/h1-5,13,15,17,19,21-26,28-30H,6H2/t13-,15-,17+,19-,21-/m1/s1	0.762283	InChI=1S/C16H14O4/c1-10(2)5-7-19-16-14-12(6-8-18-14)9-11-3-4-13(17)20-15(11)16/h3-6,8-9H,7H2,1-2H3	0.83389614023469	InChI=1S/C21H20O12/c22-6-9-15(27)17(29)20(30)33-21(9)32-19-16(28)14-12(26)4-8(23)5-13(14)31-18(19)7-1-2-10(24)11(25)3-7/h1-5,9,15,17,20-27,29-30H,6H2	0.474184925747509	0.1625	0.550724637681159	0.189873417721519	29.3233967143514	84	77	84	78	77
61	1	Imperatorin	Furanocoumarine	C/C(C)=C\COC1=C2C(C=CC(O2)=O)=CC3=C1OC=C3	InChI=1S/C16H14O4/c1-10(2)5-7-19-16-14-12(6-8-18-14)9-11-3-4-13(17)20-15(11)16/h3-6,8-9H,7H2,1-2H3	270.28	271.0965373	InChI=1S/C16H14O4/c1-10(2)5-7-19-16-14-12(6-8-18-14)9-11-3-4-13(17)20-15(11)16/h3-6,8-9H,7H2,1-2H3	0.687374	InChI=1S/C29H34N2O3/c1-6-13-24(9-4)19-21-31(23-32)29(34)27(22-26-16-11-10-12-17-26)28(33)30(5)20-18-25(14-7-2)15-8-3/h6-17,22-23H,1-2,4,18-21H2,3,5H3	0.0715277381536506	InChI=1S/C16H14O4/c1-10(2)5-7-19-16-14-12(6-8-18-14)9-11-3-4-13(17)20-15(11)16/h3-6,8-9H,7H2,1-2H3	0.392153425956168	0.0952380952380952	1	0.0952380952380952	20.2959278044976	72	67	20	41	67
64	1	Ipecoside	Isoquinoline monoterpene alkaloid	COC(=O)C1=COC(OC2OC(CO)C(O)C(O)C2O)C(C=C)C1CC1N(CCc2cc(O)c(O)cc12)C(C)=O |t:4|	InChI=1S/C27H35NO12/c1-4-14-16(8-18-15-9-20(32)19(31)7-13(15)5-6-28(18)12(2)30)17(25(36)37-3)11-38-26(14)40-27-24(35)23(34)22(33)21(10-29)39-27/h4,7,9,11,14,16,18,21-24,26-27,29,31-35H,1,5-6,8,10H2,2-3H3	565.57	566.223114	InChI=1S/C27H35NO12/c1-4-14-16(8-18-15-9-20(32)19(31)7-13(15)5-6-28(18)12(2)30)17(25(36)37-3)11-38-26(14)40-27-24(35)23(34)22(33)21(10-29)39-27/h4,7,9,11,14,16,18,21-24,26-27,29,31-35H,1,5-6,8,10H2,2-3H3/t14-,16+,18-,21-,22-,23+,24-,26+,27+/m1/s1	0.569591	InChI=1S/C16H19NO2/c1-12-5-6-14-13(10-16(18)19-15(14)9-12)11-17-7-3-2-4-8-17/h5-6,9-10H,2-4,7-8,11H2,1H3	0.29712549362126	InChI=1S/C27H35NO12/c1-4-15-17(8-14-7-16-13(9-28(14)12(2)30)5-6-19(31)21(16)32)18(25(36)37-3)11-38-26(15)40-27-24(35)23(34)22(33)20(10-29)39-27/h4-6,11,14-15,17,20,22-24,26-27,29,31-35H,1,7-10H2,2-3H3	0.291695224777067	0.101010101010101	0.640449438202247	0.088235294117647	7.42191588158026	39	1	36	16	49
65	1	Isoelaeocarpine	Elaeocarpus alkaloids	CC1=C(C([C@]2([H])[C@@]3([H])CCCN3CC[C@]2([H])O4)=O)C4=CC=C1	InChI=1S/C16H19NO2/c1-10-4-2-6-12-14(10)16(18)15-11-5-3-8-17(11)9-7-13(15)19-12/h2,4,6,11,13,15H,3,5,7-9H2,1H3/t11-,13+,15-/m1/s1	257.33	258.1488249	InChI=1S/C15H15NO3/c1-15(2)7-6-10-13(19-15)11-8-9(18-3)4-5-12(11)16-14(10)17/h4-8H,1-3H3,(H,16,17)	0.32395935	InChI=1S/C21H34O/c1-20-12-4-3-5-15(20)6-8-17-18-9-7-16(11-14-22)21(18,2)13-10-19(17)20/h14-19H,3-13H2,1-2H3	0.169629403102211	InChI=1S/C16H19NO2/c1-10-4-2-6-12-14(10)16(18)15-11-5-3-8-17(11)9-7-13(15)19-12/h2,4,6,11,13,15H,3,5,7-9H2,1H3	0.273698557238284	0.0405405405405405	0.0666666666666666	0.0845070422535211	-1.49420979569662	6	1	27	14	6
66	1	Isofuntumidine	Indolizidine alkaloid	C[C@]12CC[C@@H](N)C[C@]1([H])CC[C@@]([C@]2([H])CC[C@]34C)([H])[C@]4([H])CC[C@]3([H])[C@@H](C)O	InChI=1S/C21H37NO/c1-13(23)17-6-7-18-16-5-4-14-12-15(22)8-10-20(14,2)19(16)9-11-21(17,18)3/h13-19,23H,4-12,22H2,1-3H3/t13-,14+,15-,16+,17-,18+,19+,20+,21-/m1/s1	319.533	320.2947133	InChI=1S/C20H30O2/c1-13(2)14-6-8-16-15(12-14)7-9-17-19(16,3)10-5-11-20(17,4)18(21)22/h7,12-13,16-17H,5-6,8-11H2,1-4H3,(H,21,22)/t16-,17+,19+,20+/m0/s1	0.537467775	InChI=1S/C16H12O5/c1-20-11-6-13(18)15-14(7-11)21-8-12(16(15)19)9-2-4-10(17)5-3-9/h2-8,17-18H,1H3	0.598864065548768	InChI=1S/C21H37NO/c1-13(22)17-6-7-18-16-5-4-14-12-15(23)8-10-20(14,2)19(16)9-11-21(17,18)3/h13-19,23H,4-12,22H2,1-3H3	0.397496167455427	0.081081081081081	0.159420289855072	0.0277777777777777	7.48422186480696	40	1	63	44	43
67	1	Isoprunetin	Isoflavone-type flavonoid	COc1cc(O)cc2occ(-c3ccc(O)cc3)c(=O)c12	InChI=1S/C16H12O5/c1-20-13-6-11(18)7-14-15(13)16(19)12(8-21-14)9-2-4-10(17)5-3-9/h2-8,17-18H,1H3	284.267	285.0761185	InChI=1S/C16H12O5/c1-20-13-6-11(18)7-14-15(13)16(19)12(8-21-14)9-2-4-10(17)5-3-9/h2-8,17-18H,1H3	0.780872	InChI=1S/C21H20O12/c22-6-13-15(27)17(29)18(30)21(32-13)33-20-16(28)14-11(26)4-8(23)5-12(14)31-19(20)7-1-2-9(24)10(25)3-7/h1-5,13,15,17-18,21-27,29-30H,6H2	0.261866416815541	InChI=1S/C16H12O5/c1-20-11-4-2-9(3-5-11)14-8-13(19)16-12(18)6-10(17)7-15(16)21-14/h2-8,17-18H,1H3	0.36361130484856	0.267605633802817	0.37037037037037	0.323529411764706	22.0789401730996	76	79	34	36	79
68	1	Isoquercitrin	Flavonol-type flavonoid	OC[C@@H]1[C@@H](O)[C@H](O)[C@@H](O)[C@H](OC(C(C2=C(O)C=C(O)C=C2O3)=O)=C3C4=CC(O)=C(O)C=C4)O1	InChI=1S/C21H20O12/c22-6-13-15(27)17(29)18(30)21(32-13)33-20-16(28)14-11(26)4-8(23)5-12(14)31-19(20)7-1-2-9(24)10(25)3-7/h1-5,13,15,17-18,21-27,29-30H,6H2/t13-,15-,17+,18-,21+/m1/s1	464.379	465.102948	InChI=1S/C21H20O12/c22-6-13-15(26)17(28)19(30)21(33-13)32-11-2-1-7(3-9(11)24)20-18(29)16(27)14-10(25)4-8(23)5-12(14)31-20/h1-5,13,15,17,19,21-26,28-30H,6H2/t13-,15-,17+,19-,21-/m1/s1	0.789319	InChI=1S/C16H12O7/c1-22-16-14(21)13-11(20)5-8(17)6-12(13)23-15(16)7-2-3-9(18)10(19)4-7/h2-6,17-20H,1H3	0.203771137549714	InChI=1S/C21H20O12/c22-6-9-15(27)17(29)20(30)33-21(9)32-19-16(28)14-12(26)4-8(23)5-13(14)31-18(19)7-1-2-10(24)11(25)3-7/h1-5,9,15,17,20-27,29-30H,6H2	0.513673714857546	0.4375	0.550724637681159	0.576271186440678	25.2744319390431	79	83	31	88	83
69	1	Isorhamnetol	Flavonol	COc1cc(ccc1O)-c1oc2cc(O)cc(O)c2c(=O)c1O	InChI=1S/C16H12O7/c1-22-11-4-7(2-3-9(11)18)16-15(21)14(20)13-10(19)5-8(17)6-12(13)23-16/h2-6,17-19,21H,1H3	316.265	317.0656494	InChI=1S/C16H12O7/c1-22-11-4-7(2-3-9(11)18)16-15(21)14(20)13-10(19)5-8(17)6-12(13)23-16/h2-6,17-19,21H,1H3	0.804517	InChI=1S/C15H10O6/c16-8-3-1-7(2-4-8)15-14(20)13(19)12-10(18)5-9(17)6-11(12)21-15/h1-6,16-18,20H	0.67977282185724	InChI=1S/C16H12O7/c1-22-11-4-7(2-3-9(11)18)16-15(21)14(20)13-10(19)5-8(17)6-12(13)23-16/h2-6,17-19,21H,1H3	0.472980656236555	0.674418604651163	1	0.674418604651163	51.2829856383934	96	88	71	76	88
70	1	kaempferol	Flavonol-type flavonoid	Oc1ccc(cc1)-c1oc2cc(O)cc(O)c2c(=O)c1O	InChI=1S/C15H10O6/c16-8-3-1-7(2-4-8)15-14(20)13(19)12-10(18)5-9(17)6-11(12)21-15/h1-6,16-18,20		287.0550028	InChI=1S/C15H10O6/c16-8-3-1-7(2-4-8)15-14(20)13(19)12-10(18)5-9(17)6-11(12)21-15/h1-6,16-18,20H	0.710249	InChI=1S/C15H24N2O/c18-14-7-1-6-13-12-5-3-9-16-8-2-4-11(15(12)16)10-17(13)14/h11-13,15H,1-10H2	0.60972513042683	InChI=1S/C11H10O9/c12-5-1-4(2-6(13)9(5)16)11(19)20-7(10(17)18)3-8(14)15/h1-2,7,12-13,16H,3H2,(H,14,15)(H,17,18)	0.418941800611892	0.0491803278688524	0.148148148148148	0.0689655172413793	19.1091316115961	68	70	64	57	70
71	1	Lupanine	Bisquinolizidine alkaloid	O=C1CCC[C@H]2N1C[C@H]3[C@H]4CCCCN4C[C@@H]2C3	InChI=1S/C15H24N2O/c18-15-6-3-5-14-11-8-12(10-17(14)15)13-4-1-2-7-16(13)9-11/h11-14H,1-10H2/t11-,12-,13+,14+/m0/s1	248.37	249.1960763	InChI=1S/C15H24N2O/c18-14-7-1-6-13-12-5-3-9-16-8-2-4-11(15(12)16)10-17(13)14/h11-13,15H,1-10H2/t11-,12+,13+,15-/m0/s1	0.547683	InChI=1S/C25H31N3O2/c29-24(16-14-22-10-3-1-4-11-22)27-20-8-7-18-26-19-9-21-28-25(30)17-15-23-12-5-2-6-13-23/h1-6,10-17,26H,7-9,18-21H2,(H,27,29)(H,28,30)	0.743547090102036	InChI=1S/C15H24N2O/c18-14-8-2-7-13-16-9-3-6-11-4-1-5-12(15(11)16)10-17(13)14/h11-13,15H,1-10H2	0.475937198052626	0.0158730158730158	0.536585365853659	0.0161290322580645	11.4900542193486	48	1	74	80	44
72	1	Maytenine	Macrocyclic spermidine alkaloid	O=C(/C=C/c1ccccc1)NCCCCNCCCNC(/C=C/c2ccccc2)=O	InChI=1S/C25H31N3O2/c29-24(16-14-22-10-3-1-4-11-22)27-20-8-7-18-26-19-9-21-28-25(30)17-15-23-12-5-2-6-13-23/h1-6,10-17,26H,7-9,18-21H2,(H,27,29)(H,28,30)/b16-14+,17-15+	405.54	406.2480038	InChI=1S/C24H31N3O3/c28-24(25-13-16-6-7-21-22(10-16)30-15-29-21)27-9-3-4-17-11-18-12-19(23(17)27)14-26-8-2-1-5-20(18)26/h6-7,10-11,18-20,23H,1-5,8-9,12-15H2,(H,25,28)	0.45909225	InChI=1S/C16H23NO6/c1-9-13(18)23-11-5-7-17-6-4-10(12(11)17)8-22-14(19)16(3,21)15(9,2)20/h4,9,11-12,20-21H,5-8H2,1-3H3	0.840130714936606	InChI=1S/C25H31N3O2/c29-24(16-14-22-10-3-1-4-11-22)27-20-8-7-18-26-19-9-21-28-25(30)17-15-23-12-5-2-6-13-23/h1-6,10-17,26H,7-9,18-21H2,(H,27,29)(H,28,30)	0.406354182810025	0.157303370786517	0.0975609756097561	0.0405405405405405	9.69970914948983	45	1	86	49	33
73	1	Monocrotaline	 Pyrrolizidine alkaloid	C[C@H]1C(=O)O[C@@H]2CCN3[C@@H]2C(=CC3)COC(=O)[C@]([C@]1(C)O)(C)O	InChI=1S/C16H23NO6/c1-9-13(18)23-11-5-7-17-6-4-10(12(11)17)8-22-14(19)16(3,21)15(9,2)20/h4,9,11-12,20-21H,5-8H2,1-3H3/t9-,11+,12+,15+,16-/m0/s1	325.4	326.1592529	InChI=1S/C16H23NO6/c1-9-13(18)23-11-5-7-17-6-4-10(12(11)17)8-22-14(19)16(3,21)15(9,2)20/h4,9,11-12,20-21H,5-8H2,1-3H3/t9-,11+,12+,15+,16-/m0/s1	0.789806	InChI=1S/C21H20O12/c22-6-13-15(27)17(29)18(30)21(32-13)33-20-16(28)14-11(26)4-8(23)5-12(14)31-19(20)7-1-2-9(24)10(25)3-7/h1-5,13,15,17-18,21-27,29-30H,6H2	0.184515032578948	InChI=1S/C20H23NO3/c1-9-4-18-7-20(24)16-17(2)5-10(22)6-19(16)12(18)3-11(9)14(23)13(18)15(19)21(20)8-17/h11-13,15-16,24H,1,3-8H2,2H3	0.318090296079282	0.0769230769230769	0.148148148148148	0.0744680851063829	22.5433804515465	77	84	28	21	84
74	1	Myricitrine	Flavonol-type flavonoid	OC1=CC(O)=C(C(C(O[C@@H]([C@H]([C@@H]2O)O)O[C@@H](C)[C@@H]2O)=C3C4=CC(O)=C(O)C(O)=C4)=O)C(O3)=C1	InChI=1S/C21H20O12/c1-6-14(26)17(29)18(30)21(31-6)33-20-16(28)13-9(23)4-8(22)5-12(13)32-19(20)7-2-10(24)15(27)11(25)3-7/h2-6,14,17-18,21-27,29-30H,1H3/t6-,14-,17+,18-,21-/m0/s1	464.379	465.102712	InChI=1S/C21H20O12/c1-6-14(26)17(29)18(30)21(31-6)33-20-16(28)13-9(23)4-8(22)5-12(13)32-19(20)7-2-10(24)15(27)11(25)3-7/h2-6,14,17-18,21-27,29-30H,1H3/t6-,14-,17+,18+,21-/m0/s1	0.568644	InChI=1S/C12H16N2O/c1-13-6-9-5-10(8-13)11-3-2-4-12(15)14(11)7-9/h2-4,9-10H,5-8H2,1H3	0.656464512054874	InChI=1S/C21H20O12/c1-6-14(25)17(28)19(30)21(31-6)32-8-4-9(22)13-12(5-8)33-20(18(29)16(13)27)7-2-10(23)15(26)11(24)3-7/h2-6,14,17,19,21-26,28-30H,1H3	0.34980892079714	0.08	0.732142857142857	0.081081081081081	11.5837084555852	49	1	69	31	48
75	1	N-methylcytisine	Quinolizidine alkaloid	O=C1C=CC=C2[C@@H]3C[C@H](CN21)CN(C)C3	InChI=1S/C12H16N2O/c1-13-6-9-5-10(8-13)11-3-2-4-12(15)14(11)7-9/h2-4,9-10H,5-8H2,1H3/t9-,10+/m0/s1	204.27	205.133667	InChI=1S/C12H16N2O/c1-13-6-9-5-10(8-13)11-3-2-4-12(15)14(11)7-9/h2-4,9-10H,5-8H2,1H3	0.472343	InChI=1S/C19H39NO4/c1-2-3-4-5-6-7-8-9-10-11-16(22)12-15-13-18(23)19(24)17(14-21)20-15/h15-24H,2-14H2,1H3	0.24211972939148	InChI=1S/C12H16N2O/c1-14(2)8-9-7-13-12-5-4-10(15-3)6-11(9)12/h4-7,13H,8H2,1-3H3	0.382227094239965	0.078125	0.0666666666666666	0.0454545454545454	2.47680319127866	25	1	33	39	35
76	1	N-Me Prosopinine	Alkylated piperidine alkaloid	CCC(CCCCCCCCC[C@@H](N1C)CC[C@H](O)[C@H]1CO)=O	InChI=1S/C19H37NO3/c1-3-17(22)12-10-8-6-4-5-7-9-11-16-13-14-19(23)18(15-21)20(16)2/h16,18-19,21,23H,3-15H2,1-2H3/t16-,18-,19+/m1/s1	327.51	328.2845898	InChI=1S/C18H33NO4/c1-2-3-4-5-6-7-8-9-10-11-15(20)14-17(21)19-16-12-13-23-18(16)22/h15-16,20H,2-14H2,1H3,(H,19,21)	0.48854325	InChI=1S/C11H14N2/c1-12-7-6-9-8-13-11-5-3-2-4-10(9)11/h2-5,8,12-13H,6-7H2,1H3	0.934735133056201	InChI=1S/C15H33N7O/c16-12(8-7-11-22-15(19)20)13(23)9-5-3-1-2-4-6-10-21-14(17)18/h12H,1-11,16H2,(H4,17,18,21)(H4,19,20,22)	0.354256131165284	0.0461538461538461	0.111111111111111	0.0545454545454545	13.8634419882831	54	1	90	34	36
77	1	N-methyltryptamine	Indole alkaloid	CNCCC1=CNC2=CC=CC=C21	InChI=1S/C11H14N2/c1-12-7-6-9-8-13-11-5-3-2-4-10(9)11/h2-5,8,12-13H,6-7H2,1H3		175.1232808	InChI=1S/C11H14N2/c1-12-7-6-9-8-13-11-5-3-2-4-10(9)11/h2-5,8,12-13H,6-7H2,1H3	0.740592	InChI=1S/C30H47NO6/c1-17-26(31-18(2)32)23(33-5)15-25(35-17)36-20-8-11-27(3)19(14-20)6-7-22-21(27)9-12-29-16-34-28(4)24(29)10-13-30(22,29)37-28/h17,19-26H,6-16H2,1-5H3,(H,31,32)	0.14559906656091	InChI=1S/C11H14N2/c1-12-7-6-9-8-13-11-5-3-2-4-10(9)11/h2-5,8,12-13H,6-7H2,1H3	0.566981420636945	0.0219780219780219	1	0.0219780219780219	28.5337514192686	82	74	26	93	74
78	1	N-demethylmitiphylline	Aminoglycocardenolide	C[C@@H]1[C@@H](N)[C@@H](OC)C[C@H](O[C@H](C[C@@]2([H])CC[C@]3([H])[C@]4([H])CC[C@@]5([C@@H](C(CO6)=CC6=O)CC[C@]35O)C)CC[C@@]24C)O1	InChI=1S/C30H47NO6/c1-17-27(31)24(34-4)15-26(36-17)37-20-7-10-28(2)19(14-20)5-6-23-22(28)8-11-29(3)21(9-12-30(23,29)33)18-13-25(32)35-16-18/h13,17,19-24,26-27,33H,5-12,14-16,31H2,1-4H3/t17-,19-,20+,21-,22+,23-,24+,26+,27-,28+,29-,30+/m1/s1	517.707	518.3473227	InChI=1S/C30H46O7/c1-17-27(32)24(34-4)15-26(36-17)37-20-7-10-28(2)19(14-20)5-6-23-22(28)8-11-29(3)21(9-12-30(23,29)33)18-13-25(31)35-16-18/h13,17,19-24,26-27,32-33H,5-12,14-16H2,1-4H3/t17?,19?,20-,21+,22?,23?,24?,26?,27?,28-,29+,30-/m0/s1	0.52639215	InChI=1S/C9H6O3/c10-7-3-1-6-2-4-9(11)12-8(6)5-7/h1-5,10H	0.93665451383018	InChI=1S/C30H47NO6/c1-17-27(31)24(34-4)15-26(36-17)37-20-7-10-28(2)19(14-20)5-6-23-22(28)8-11-29(3)21(9-12-30(23,29)33)18-13-25(32)35-16-18/h13,17,19-24,26-27,33H,5-12,14-16,31H2,1-4H3	0.239128224223236	0.0705882352941176	0.851351351351351	0.0697674418604651	17.4504614230372	64	1	91	11	41
79	1	Ombellifrone	Coumarine	Oc1ccc2ccc(=O)oc2c1	InChI=1S/C9H6O3/c10-7-3-1-6-2-4-9(11)12-8(6)5-7/h1-5,10H	162	163.0390269	InChI=1S/C9H6O3/c10-7-3-1-6-2-4-9(11)12-8(6)5-7/h1-5,10H	0.865321	InChI=1S/C13H9NO/c15-13-12-7-2-1-5-10(12)9-11-6-3-4-8-14(11)13/h1-9H	0.45463298413669	InChI=1S/C8H6N2O2/c11-10(12)8-5-9-7-4-2-1-3-6(7)8/h1-5,9H	0.649072102739452	0.166666666666667	0.0909090909090909	0.186046511627907	34.5287808687614	88	93	55	96	93
80	1	Onychine	Azafluorenone alkaloid	CC1=C2C(C3=CC=CC=C3C2=O)=NC=C1	InChI=1S/C13H9NO/c1-8-6-7-14-12-9-4-2-3-5-10(9)13(15)11(8)12/h2-7H,1H3	195.22	196.0757809	InChI=1S/C13H9NO/c15-13-9-5-1-3-7-11(9)14-12-8-4-2-6-10(12)13/h1-8H,(H,14,15)	0.558333	InChI=1S/C22H23NO3/c1-25-21-10-18-16-8-13-4-3-7-23(13)12-20(16)15-6-5-14(24)9-17(15)19(18)11-22(21)26-2/h5-6,9-11,13,24H,3-4,7-8,12H2,1-2H3	0.406567336314234	InChI=1S/C13H9NO/c15-13-12-6-5-9-3-1-2-4-10(9)11(12)7-8-14-13/h1-8H,(H,14,15)	0.299573431135475	0.0701754385964912	0.194444444444444	0.133333333333333	6.27346015206168	33	1	51	18	45
81	1	Oubacryptine 	Benzophenanthridine alkaloid	COC(C=C1C2=C3CN4CCC[C@]4([H])C2)=C(OC)C=C1C5=C3C=CC(O)=C5	InChI=1S/C22H23NO3/c1-25-21-10-18-16-8-13-4-3-7-23(13)12-20(16)15-6-5-14(24)9-17(15)19(18)11-22(21)26-2/h5-6,9-11,13,24H,3-4,7-8,12H2,1-2H3/t13-/m1/s1	349.33	350.1748889	InChI=1S/C22H23NO3/c1-25-21-10-18-16-8-13-4-3-7-23(13)12-20(16)15-6-5-14(24)9-17(15)19(18)11-22(21)26-2/h5-6,9-11,13,24H,3-4,7-8,12H2,1-2H3	0.358699	InChI=1S/C18H16O7/c1-22-10-7-12(20)15-14(8-10)25-17(18(24-3)16(15)21)9-4-5-11(19)13(6-9)23-2/h4-8,19-20H,1-3H3	0.747866726622716	InChI=1S/C22H23NO3/c1-25-14-5-6-15-16-8-13-4-3-7-23(13)12-20(16)19-11-22(26-2)21(24)10-18(19)17(15)9-14/h5-6,9-11,13,24H,3-4,7-8,12H2,1-2H3	0.302852547072724	0.214285714285714	0.745098039215686	0.257142857142857	5.2915240753718	31	1	75	19	20
82	1	Pachypodol	Flavonoid	COc1cc(O)c2c(c1)oc(-c1ccc(O)c(OC)c1)c(OC)c2=O	InChI=1S/C18H16O7/c1-22-10-7-12(20)15-14(8-10)25-17(18(24-3)16(15)21)9-4-5-11(19)13(6-9)23-2/h4-8,19-20H,1-3H3	344.319	345.0963597	InChI=1S/C18H16O7/c1-22-10-7-12(20)15-14(8-10)25-17(18(24-3)16(15)21)9-4-5-11(19)13(6-9)23-2/h4-8,19-20H,1-3H3	0.710782	InChI=1S/C7H8O4/c8-6-4-2-1-3-5(6)7(9,10)11/h1-4,8-11H	0.0515663321492897	InChI=1S/C18H16O7/c1-22-10-4-5-11-13(8-10)25-17(18(24-3)15(11)20)9-6-12(19)16(21)14(7-9)23-2/h4-8,19,21H,1-3H3	0.353166134359305	0.113207547169811	0.584905660377359	0.113207547169811	17.0425089300559	63	71	14	33	71
83	1	Parahydroxybenzoic acid	Monoaromatic	OC1=CC=C(C(O)=O)C=C1	InChI=1S/C7H6O3/c8-6-3-1-5(2-4-6)7(9)10/h1-4,8H,(H,9,10)	138.122	139.0391998	InChI=1S/C7H6O3/c8-6-4-2-1-3-5(6)7(9)10/h1-4,8H,(H,9,10)	0.58834	InChI=1S/C37H50N8O13S/c1-15(2)25-32(53)44-26(27(48)36(56)57)33(54)41-23-13-59-34-19(18-7-5-6-8-20(18)42-34)10-21(29(50)40-22(30(51)43-25)11-37(4,58)14-46)39-28(49)16(3)38-31(52)24-9-17(47)12-45(24)35(23)55/h5-8,15-17,21-27,42,46-48,58H,9-14H2,1-4H3,(H,38,52)(H,39,49)(H,40,50)(H,41,54)(H,43,51)(H,44,53)(H,56,57)	0	InChI=1S/C7H6O3/c8-4-5-3-6(9)1-2-7(5)10/h1-3,8H,4H2	0.367974376987437	0.103092783505155	0.121212121212121	0.0693069306930693	6.4935679712343	35	1	3	38	52
85	1	Phyllochrysine	Securinega alkaloid	O=C(O1)C=C2C=C[C@@H]3C[C@@]21[C@]4([H])CCCCN34	InChI=1S/C13H15NO2/c15-12-7-9-4-5-10-8-13(9,16-12)11-3-1-2-6-14(10)11/h4-5,7,10-11H,1-3,6,8H2/t10-,11+,13+/m1/s1	217.3	218.1173248	InChI=1S/C13H15NO2/c1-4-9-12(15)11-8(3)5-7(2)6-10(11)14-13(9)16/h5-6H,4H2,1-3H3,(H2,14,15,16)	0.398157	InChI=1S/C11H16N2O2/c1-3-10-8(6-15-11(10)14)4-9-5-12-7-13(9)2/h5,7-8,10H,3-4,6H2,1-2H3	0.825995172693382	InChI=1S/C13H15NO2/c15-12-7-9-3-4-10-8-11(9)13(16-12)5-1-2-6-14(10)13/h3-4,7,10-11H,1-2,5-6,8H2	0.489547542793342	0.1	0.0303030303030303	0.121212121212121	7.27415082650163	38	1	83	84	25
86	1	Pilocarpine	Imidazole alkaloid	O=C1[C@@H](CC)[C@@H](CC2=CN=CN2C)CO1	InChI=1S/C11H16N2O2/c1-3-10-8(6-15-11(10)14)4-9-5-12-7-13(9)2/h5,7-8,10H,3-4,6H2,1-2H3/t8-,10-/m0/s1	208.26	209.1279925	InChI=1S/C11H16N2O2/c1-3-10-8(6-15-11(10)14)4-9-5-12-7-13(9)2/h5,7-8,10H,3-4,6H2,1-2H3	0.67578	InChI=1S/C37H42N2O6/c1-38-15-13-26-20-36(43-4)37(44-5)22-29(26)30(38)16-23-6-9-27(10-7-23)45-35-18-24(8-11-32(35)40)17-31-28-21-33(41)34(42-3)19-25(28)12-14-39(31)2/h6-11,18-22,30-31,40-41H,12-17H2,1-5H3	0.322961206249844	InChI=1S/C12H16O3/c1-15-11-7-4-6-10(9-11)5-2-3-8-12(13)14/h4,6-7,9H,2-3,5,8H2,1H3,(H,13,14)	0.509227932120848	0.116883116883117	0.0793650793650793	0.171428571428571	14.4159426762289	55	63	41	86	63
87	1	Popisonine	Bisbenzylisoquinoline alkaloid	OC1=C(C=C2[C@](CC3=CC(OC(C=C4)=CC=C4C[C@@](C5=C6)([H])N(C)CCC5=CC(O)=C6OC)=C(C=C3)OC)([H])N(C)CCC2=C1)OC	InChI=1S/C37H42N2O6/c1-38-14-12-25-19-32(40)35(43-4)21-28(25)30(38)16-23-6-9-27(10-7-23)45-37-18-24(8-11-34(37)42-3)17-31-29-22-36(44-5)33(41)20-26(29)13-15-39(31)2/h6-11,18-22,30-31,40-41H,12-17H2,1-5H3/t30-,31-/m1/s1	610.3	611.3114726	InChI=1S/C37H42N2O6/c1-38-15-13-26-20-36(43-4)37(44-5)22-29(26)30(38)16-23-6-9-27(10-7-23)45-35-18-24(8-11-32(35)40)17-31-28-21-33(41)34(42-3)19-25(28)12-14-39(31)2/h6-11,18-22,30-31,40-41H,12-17H2,1-5H3	0.671845	InChI=1S/C18H37NO4/c1-2-3-4-5-6-7-8-9-10-15(21)11-14-12-17(22)18(23)16(13-20)19-14/h14-23H,2-13H2,1H3	0.540154271853389	InChI=1S/C37H42N2O6/c1-39-13-11-25-19-35(43-3)37(45-5)21-27(25)31(39)17-23-7-9-33(41)29(15-23)28-14-22(6-8-32(28)40)16-30-26-20-36(44-4)34(42-2)18-24(26)10-12-38-30/h6-9,14-15,18-21,30-31,38,40-41H,10-13,16-17H2,1-5H3	0.473771864601112	0.0609756097560975	0.609375	0.0714285714285714	16.9651782866983	62	61	59	77	61
88	1	Prosopinine	Alkylated piperidine alkaloid	CCC(CCCCCCCCC[C@@H](N1)CC[C@H](O)[C@H]1CO)=O	InChI=1S/C18H35NO3/c1-2-16(21)11-9-7-5-3-4-6-8-10-15-12-13-18(22)17(14-20)19-15/h15,17-20,22H,2-14H2,1H3/t15-,17-,18+/m1/s1	313.5	314.2687531	InChI=1S/C19H39NO2/c1-3-4-5-6-7-8-9-10-11-12-13-14-15-16-19(22)20-18(2)17-21/h18,21H,3-17H2,1-2H3,(H,20,22)/t18-/m1/s1	0.31902585	InChI=1S/C33H40N4O7/c1-7-17-13(3)20(11-23-18(8-2)15(5)32(42)36-23)34-22(17)12-21-16(6)25-29(35-21)26(31(41)30(25)40)28-19(9-10-24(38)39)14(4)27(37-28)33(43)44/h8,14,19,23,25,27,29,34-35,37H,2,7,9-12H2,1,3-6H3,(H,36,42)(H,38,39)(H,43,44)	0.192696586647372	InChI=1S/C18H35NO3/c1-2-3-6-10-16(21)11-8-5-4-7-9-15-12-13-18(22)17(14-20)19-15/h15,17-20,22H,2-14H2,1H3	0.434611888501793	0.0618556701030927	0.24	0.0952380952380952	-1.15494059087261	10	1	29	65	3
89	1	pyrrovobasine	Monoterpene indole alkaloid	C/C=C1CN(C2CC3=C(N([H])C4=C3C=CC=C4)C(C(N([H])C5=C6C=CC=C5)=C6CCN7C(C=O)=CC=C7CO)C[C@H]/1[C@@H]2C(OC)=O)C	"	InChI=1S/C37H40N4O4/c1-4-22-19-40(2)33-18-29-26-10-6-8-12-32(26)39-36(29)30(17-28(22)34(33)37(44)45-3)35-27(25-9-5-7-11-31(25)38-35)15-16-41-23(20-42)13-14-24(41)21-43/h4-14,20,28,30,33-34,38-39,43H,15-19,21H2,1-3H3/b22-4-/t28-,30-,33?,34+/m1/s1"		605.3028158	InChI=1S/C37H40N4O4/c1-4-22-19-40(2)33-18-29-26-10-6-8-12-32(26)39-36(29)30(17-28(22)34(33)37(44)45-3)35-27(25-9-5-7-11-31(25)38-35)15-16-41-23(20-42)13-14-24(41)21-43/h4-14,20,28,30,33-34,38-39,43H,15-19,21H2,1-3H3/b22-4-/t28-,30-,33?,34+/m1/s1	0.803604	InChI=1S/C25H40N4O6S/c1-24-5-4-19(31)25(2,15-30)18(24)13-17-22(28-23(36-17)27-21(33)14-34-3)16(24)12-20(32)26-6-7-29-8-10-35-11-9-29/h16,18-19,30-31H,4-15H2,1-3H3,(H,26,32)(H,27,28,33)	0.0362988193691424	InChI=1S/C23H40N8O11/c1-10(28-20(38)12(25)7-15(26)33)19(37)30-14(8-17(35)36)21(39)27-9-16(34)31-18(11(2)32)22(40)29-13(23(41)42)5-3-4-6-24/h10-14,18,32H,3-9,24-25H2,1-2H3,(H2,26,33)(H,27,39)(H,28,38)(H,29,40)(H,30,37)(H,31,34)(H,35,36)(H,41,42)	0.156784049555024	0.114503816793893	0.056	0.0756302521008403	23.2552471103666	78	87	9	6	87
90	0							InChI=1S/C27H41NO8/c1-17(21(29)11-9-10-20-15-23(30)28-24(31)16-20)14-18(2)26(34)19(3)27(35)22(36-4)12-7-5-6-8-13-25(32)33/h7-8,12-14,17,19-20,22,26-27,34-35H,5-6,9-11,15-16H2,1-4H3,(H,32,33)(H,28,30,31)/b12-7+,13-8+,18-14+	0.31926375	InChI=1S/C15H8O6/c16-9-3-1-2-7-11(9)14(19)12-8(13(7)18)4-6(15(20)21)5-10(12)17/h1-5,16-17H,(H,20,21)	0.273087604011354	InChI=1S/C30H40N2O6/c1-22(20-28(34)31-19-11-7-10-14-27(33)32-21-29(35)36)15-16-23(2)30(38-5)24(3)26(37-4)18-17-25-12-8-6-9-13-25/h6,8-20,23-24,26,30H,7,21H2,1-5H3,(H,31,34)(H,32,33)(H,35,36)	0.218318866133353	0.0795454545454545	0.203883495145631	0.109756097560976	-1.35174490730492	8	1	35	9	4
91	1	Rheine	Anthraquinone	OC1=CC=CC(C2=O)=C1C(C3=C2C=C(C(O)=O)C=C3O)=O	InChI=1S/C15H8O6/c16-9-3-1-2-7-11(9)14(19)12-8(13(7)18)4-6(15(20)21)5-10(12)17/h1-5,16-17H,(H,20,21)	284.22	285.0383148	InChI=1S/C7H6O5/c8-4-2-1-3(7(11)12)5(9)6(4)10/h1-2,8-10H,(H,11,12)	0.38844225	InChI=1S/C27H30O16/c1-8-17(32)20(35)22(37)26(40-8)39-7-15-18(33)21(36)23(38)27(42-15)43-25-19(34)16-13(31)5-10(28)6-14(16)41-24(25)9-2-3-11(29)12(30)4-9/h2-6,8,15,17-18,20-23,26-33,35-38H,7H2,1H3	0.810633526809687	InChI=1S/C16H12O3S/c1-20-12-3-2-4-13-14(9-12)19-16(18)15(13)10-5-7-11(17)8-6-10/h2-9,17H,1H3	0.410461967738863	0.111111111111111	0.12	0.166666666666667	6.28232196000913	34	1	81	50	24
92	1	Rutoside/Rutine	Flavonol-type flavonoid	C[C@H](O1)[C@H](O)[C@@H](O)[C@@H](O)[C@@H]1OC[C@@H]2[C@@H](O)[C@H](O)[C@@H](O)[C@H](OC(C(C3=C(O)C=C(O)C=C3O4)=O)=C4C5=CC(O)=C(O)C=C5)O2	InChI=1S/C27H30O16/c1-8-17(32)20(35)22(37)26(40-8)39-7-15-18(33)21(36)23(38)27(42-15)43-25-19(34)16-13(31)5-10(28)6-14(16)41-24(25)9-2-3-11(29)12(30)4-9/h2-6,8,15,17-18,20-23,26-33,35-38H,7H2,1H3/t8-,15+,17-,18+,20+,21-,22+,23+,26+,27-/m0/s1	610.521	611.1612105	InChI=1S/C27H30O16/c1-8-17(32)20(35)22(37)26(40-8)39-7-15-18(33)21(36)23(38)27(42-15)43-25-19(34)16-13(31)5-10(28)6-14(16)41-24(25)9-2-3-11(29)12(30)4-9/h2-6,8,15,17-18,20-23,26-33,35-38H,7H2,1H3/t8-,15+,17-,18+,20+,21-,22+,23+,26+,27-/m0/s1	0.871016	InChI=1S/C11H12N6O5/c18-1-4-6(19)7(20)10(22-4)16-3-13-5-8(16)15-11-12-2-14-17(11)9(5)21/h2-4,6-7,10,18-20H,1H2,(H,12,14,15)	0.117735468691488	InChI=1S/C27H30O16/c1-8-17(31)20(34)23(37)26(40-8)39-7-15-18(32)21(35)24(38)27(43-15)41-10-5-13(30)16-14(6-10)42-25(22(36)19(16)33)9-2-3-11(28)12(29)4-9/h2-6,8,15,17-18,20-21,23-24,26-32,34-38H,7H2,1H3	0.565239700983638	0.136842105263158	0.768115942028986	0.136842105263158	40.2242853344722	93	94	23	92	94
93	1	Salicoside	Monoaromatic	O[C@H]([C@H]1O)[C@H](OC2=CC=CC=C2CO)O[C@H](CO)[C@H]1O	InChI=1S/C13H18O7/c14-5-7-3-1-2-4-8(7)19-13-12(18)11(17)10(16)9(6-15)20-13/h1-4,9-18H,5-6H2/t9-,10-,11+,12-,13-/m1/s1	286.28	309.0945587	InChI=1S/C19H16O4/c20-16-7-1-14(2-8-16)5-11-18(22)13-19(23)12-6-15-3-9-17(21)10-4-15/h1-12,20-21H,13H2	0.405785	InChI=1S/C13H16N3O2/c1-9-5-4-6-11(7-9)14-13(17)12-10(2)15(3)8-16(12)18/h4-8,18H,1-3H3,(H,14,17)	0.0091772075601306	InChI=1S/C18H12O5/c1-2-19-13-5-14-11(3-9(1)13)18-12(7-20-14)10-4-16-17(22-8-21-16)6-15(10)23-18/h1-6,12,18H,7-8H2	0.348117977732272	0.0754716981132075	0.0508474576271186	0.0714285714285714	-0.810509508934333	13	1	4	30	26
94	1	Santonine	Sesquiterpene	O=C1O[C@@H]([C@]2([H])[C@@H]1C)C([C@](CC2)(C)C=C3)=C(C)C3=O	InChI=1S/C15H18O3/c1-8-10-4-6-15(3)7-5-11(16)9(2)12(15)13(10)18-14(8)17/h5,7-8,10,13H,4,6H2,1-3H3/t8-,10-,13-,15-/m0/s1	246.31	247.1326974	InChI=1S/C15H18O3/c1-8-10-4-6-15(3)7-5-11(16)9(2)12(15)13(10)18-14(8)17/h5,7-8,10,13H,4,6H2,1-3H3/t8-,10-,13-,15-/m0/s1	0.797629	InChI=1S/C17H21NO4/c1-18-13-7-11(8-14(18)16-15(13)22-16)21-17(20)12(9-19)10-5-3-2-4-6-10/h2-6,11-16,19H,7-9H2,1H3	0.980156186321432	InChI=1S/C15H18O3/c1-9(14(17)18)11-4-5-12-6-7-13(16)10(2)15(12,3)8-11/h5-7,10-11H,1,4,8H2,2-3H3,(H,17,18)	0.431341797037658	0.114285714285714	0.171875	0.128571428571429	35.8221050406348	89	86	94	62	86
95	1	Scopolamine	Tropane alkaloid	CN1[C@@H]2C[C@](OC([C@](C3=CC=CC=C3)([H])CO)=O)([H])C[C@H]1[C@@]4([H])[C@]2([H])O4	InChI=1S/C17H21NO4/c1-18-13-7-11(8-14(18)16-15(13)22-16)21-17(20)12(9-19)10-5-3-2-4-6-10/h2-6,11-16,19H,7-9H2,1H3/t11-,12-,13-,14+,15-,16+/m1/s1	303.36	304.1544596	InChI=1S/C17H21NO4/c1-18-13-7-11(8-14(18)16-15(13)22-16)21-17(20)12(9-19)10-5-3-2-4-6-10/h2-6,11-16,19H,7-9H2,1H3/t11-,12-,13-,14+,15-,16+/m1/s1	0.786393	InChI=1S/C10H8O4/c1-13-9-4-6-2-3-10(12)14-8(6)5-7(9)11/h2-5,11H,1H3	0.857025013346549	InChI=1S/C17H21NO4/c1-18-13-7-11(8-14(18)16-15(13)22-16)21-17(20)12(9-19)10-5-3-2-4-6-10/h2-6,11-16,19H,7-9H2,1H3	0.465909387630326	0.126984126984127	1	0.126984126984127	40.0803218822394	92	81	89	74	81
96	1	Scopoletol	Coumarine	COC1=C(O)C=C(O2)C(C=CC2=O)=C1	InChI=1S/C10H8O4/c1-13-9-4-6-2-3-10(12)14-8(6)5-7(9)11/h2-5,11H,1H3	192.17	193.0491829	InChI=1S/C10H8O4/c1-13-9-5-8-6(4-7(9)11)2-3-10(12)14-8/h2-5,11H,1H3	0.786675	InChI=1S/C15H26N2/c1-3-7-16-11-13-9-12(14(16)5-1)10-17-8-4-2-6-15(13)17/h12-15H,1-11H2	0.631676065473791	InChI=1S/C10H8O4/c11-5-7-4-6-2-1-3-8(12)9(6)10(13)14-7/h1-4,11-12H,5H2	0.328367208224424	0.0208333333333333	0.25531914893617	0.0204081632653061	25.4779803197563	80	82	66	26	82
97	1	Sparteine	Bisquinolizidine alkaloid	[C@H]12N(C[C@@H]3C[C@H]2CN4CCCC[C@H]34)CCCC1	InChI=1S/C15H26N2/c1-3-7-16-11-13-9-12(14(16)5-1)10-17-8-4-2-6-15(13)17/h12-15H,1-11H2/t12-,13-,14-,15+/m0/s1	234.387	235.2168605	InChI=1S/C15H26N2/c1-3-7-16-11-13-9-12(14(16)5-1)10-17-8-4-2-6-15(13)17/h12-15H,1-11H2	0.64333	InChI=1S/C32H43NO9/c1-6-33-14-30(15-38-2)18(34)12-19(39-3)32-17-13-31(37)27(42-29(36)16-10-8-7-9-11-16)20(17)21(23(35)28(31)41-5)22(26(32)33)24(40-4)25(30)32/h7-11,17-22,24-28,34,37H,6,12-15H2,1-5H3	0.043497076920438	InChI=1S/C15H26N2/c1-2-9-16-11-13-6-3-5-12-7-4-10-17(15(12)13)14(16)8-1/h12-15H,1-11H2	0.474423347705687	0.0568181818181818	0.382352941176471	0.0309278350515463	10.9472594308295	46	56	12	79	56
98	1	Swietenine	Limonoid	C[C@@]12[C@H](C3=C[C@H]4[C@H](C(C)([C@H]([C@H](C(OC)=O)O)[C@](C4=O)([C@H]3CC2)C)C)OC(/C(C)=C/C)=O)CC(O[C@H]1c5cocc5)=O	InChI=1S/C32H40O9/c1-8-16(2)28(36)41-27-19-13-18-20(32(6,25(19)35)24(30(27,3)4)23(34)29(37)38-7)9-11-31(5)21(18)14-22(33)40-26(31)17-10-12-39-15-17/h8,10,12-13,15,19-21,23-24,26-27,34H,9,11,14H2,1-7H3/b16-8+/t19-,20+,21+,23-,24+,26+,27-,31-,32-/m1/s1	586.66	586.3008423	InChI=1S/C29H36O11/c1-13(30)38-23-25(2,3)19(18(32)21(33)36-6)27(5)15-7-9-26(4)16(29(15)24(40-29)28(23,35)22(27)34)11-17(31)39-20(26)14-8-10-37-12-14/h8,10,12,15-16,18-20,23-24,32,35H,7,9,11H2,1-6H3/t15?,16?,18-,19+,20+,23+,24-,26-,27-,28+,29-/m1/s1	0.37496595	InChI=1S/C9H10O5/c1-13-6-3-5(9(11)12)4-7(14-2)8(6)10/h3-4,10H,1-2H3,(H,11,12)	0.709348378423404	InChI=1S/C22H43N5O13/c1-22(36,2-3-23)21(35)27-10-13(31)8(25)17(39-19-9(26)14(32)11(29)6(4-24)37-19)18(15(10)33)40-20-16(34)12(30)7(5-28)38-20/h6-20,28-34,36H,2-5,23-26H2,1H3,(H,27,35)	0.0856304777869546	0.0941176470588235	0.0683760683760683	0.0704225352112676	3.54366516570177	28	1	73	1	22
99	1	Syringic acid	Monoaromatic	COc1cc(cc(OC)c1O)C(O)=O	InChI=1S/C9H10O5/c1-13-6-3-5(9(11)12)4-7(14-2)8(6)10/h3-4,10H,1-2H3,(H,11,12)	198.174	199.0602722	InChI=1S/C9H10O5/c1-13-6-3-5(9(11)12)4-7(14-2)8(6)10/h3-4,10H,1-2H3,(H,11,12)	0.797457	InChI=1S/C20H24N2O/c1-3-14-13-22-10-8-17-16-6-4-5-7-18(16)21-20(17)19(22)12-15(14)9-11-23-2/h3-7,9,11,14-15,19,21H,1,8,10,12-13H2,2H3	0.750342146407756	InChI=1S/C9H10O5/c10-6-2-1-5(3-7(6)11)4-8(12)9(13)14/h1-3,8,10-12H,4H2,(H,13,14)	0.23563394480001	0.0746268656716417	0.2	0.0410958904109589	28.5979453591551	83	85	76	10	85
100	1	Tangutorine	Beta-carboline alkaloid	OCC1=C[C@]2([H])[C@](CC1)([H])N(CC3)[C@@](CC2)([H])C4=C3C5=CC=CC=C5N4	InChI=1S/C20H24N2O/c23-12-13-5-7-18-14(11-13)6-8-19-20-16(9-10-22(18)19)15-3-1-2-4-17(15)21-20/h1-4,11,14,18-19,21,23H,5-10,12H2/t14-,18-,19-/m1/s1	308.425	309.1965065	InChI=1S/C20H24N2O/c1-3-11-10-22-15-8-12(11)17-16(22)9-20(19(17)23)13-6-4-5-7-14(13)21(2)18(15)20/h3-7,12,15-19,23H,8-10H2,1-2H3/b11-3+/t12?,15-,16-,17?,18-,19+,20+/m0/s1	0.501951	InChI=1S/C10H13N5/c11-9-8-10(13-5-12-9)15(6-14-8)7-3-1-2-4-7/h5-7H,1-4H2,(H2,11,12,13)	0.619698173171843	InChI=1S/C20H24N2O/c23-12-14-5-3-4-13-11-22-9-8-16-15-6-1-2-7-18(15)21-20(16)19(22)10-17(13)14/h1-2,5-7,13,17,19,21,23H,3-4,8-12H2	0.494498488180483	0.0694444444444444	0.154761904761905	0.081081081081081	6.94449590433928	36	1	65	85	39
101	1	Triacanthine	Prenylated purine alkaloid	CC(=CCN1C=NC(=N)C2=C1N=CN2)C	InChI=1S/C10H13N5/c1-7(2)3-4-15-6-14-9(11)8-10(15)13-5-12-8/h3,5-6,11H,4H2,1-2H3,(H,12,13)	203.2	204.1240743	InChI=1S/C10H13N5/c1-7(2)3-4-15-6-14-9(11)8-10(15)13-5-12-8/h3,5-6H,4,11H2,1-2H3	0.738178	InChI=1S/C7H7NO2/c1-10-7(9)6-4-2-3-5-8-6/h2-5H,1H3	0.238927836599382	InChI=1S/C10H13N5/c1-7(2)3-4-15-6-14-8-9(11)12-5-13-10(8)15/h3,5-6H,4H2,1-2H3,(H2,11,12,13)	0.568407037088991	0.117647058823529	0.571428571428571	0.117647058823529	20.786599425549	73	73	32	94	73
102	1	Trigonelline	Pyridine alkaloid	C[n+]1cccc(c1)C([O-])=O	nChI=1S/C7H7NO2/c1-8-4-2-3-6(5-8)7(9)10/h2-5H,1H3	137.138	138.0550232	InChI=1S/C7H7NO2/c1-8-4-2-3-6(5-8)7(9)10/h2-5H,1H3	0.645196	InChI=1S/C11H14O3/c1-5-8-6-10(13-3)11(14-4)7-9(8)12-2/h5-7H,1H2,2-4H3	0.825706088137963	InChI=1S/C7H7NO2/c9-7-8-5-3-1-2-4-6(5)10-7/h1-6H,(H,8,9)	0.433498485505151	0.073170731707317	0.0952380952380952	0.05	18.6186202920095	67	57	82	64	57
103	1	Trimethoxystyrene	Phenylethene	COC1=C(OC)C=C(C=C)C(OC)=C1	InChI=1S/C11H14O3/c1-5-8-6-10(13-3)11(14-4)7-9(8)12-2/h5-7H,1H2,2-4H3	194.2	195.1011505	InChI=1S/C11H14O3/c1-5-8-6-10(13-3)11(14-4)7-9(8)12-2/h5-7H,1H2,2-4H3	0.742502	InChI=1S/C24H27NO3/c1-13-11-20(28-5)23-17(7-6-8-19(23)27-4)21(13)18-10-9-16-12-14(2)25-15(3)22(16)24(18)26/h6-11,14-15,25-26H,12H2,1-5H3	0.344204532324306	InChI=1S/C11H14O3/c1-8(13)2-3-9-4-5-11(14)10(6-9)7-12/h4-8,13-14H,2-3H2,1H3	0.464484561780413	0.15	0.159090909090909	0.111111111111111	19.5830941397128	69	75	45	73	75
104	1	Triphyophylline	Isoquinoline/Naphthalene alkaloid	OC(C1=C2C[C@@H](C)N[C@@H]1C)=C(C=C2)C(C(C)=C3)=C4C(C(OC)=CC=C4)=C3OC	InChI=1S/C24H27NO3/c1-13-11-20(28-5)23-17(7-6-8-19(23)27-4)21(13)18-10-9-16-12-14(2)25-15(3)22(16)24(18)26/h6-11,14-15,25-26H,12H2,1-5H3/t14-,15-/m1/s1	377.48	378.2061806	InChI=1S/C24H27NO3/c1-13-11-20(28-5)23-17(7-6-8-19(23)27-4)21(13)18-10-9-16-12-14(2)25-15(3)22(16)24(18)26/h6-11,14-15,25-26H,12H2,1-5H3/t14-,15-/m1/s1	0.517544	InChI=1S/C18H16O7/c1-6-14(22)12(8(3)20)16-13(15(6)23)18(4)10(25-16)5-9(21)11(7(2)19)17(18)24/h5,21-23H,1-4H3	0.515852916544379	InChI=1S/C24H27NO3/c1-13-11-20(28-5)23-17(7-6-8-19(23)27-4)21(13)18-10-9-16-12-14(2)25-15(3)22(16)24(18)26/h6-11,14-15,25-26H,12H2,1-5H3	0.335172900975108	0.0987654320987654	1	0.0987654320987654	9.00786841927458	42	1	56	27	40
105	1	Usnic acid	Dibenzofurane	CC1=C(O)C(C(C)=O)=C2C([C@]3(C(O2)=CC(C(C(C)=O)=C3O)=O)C)=C1O	InChI=1S/C18H16O7/c1-6-14(22)12(8(3)20)16-13(15(6)23)18(4)10(25-16)5-9(21)11(7(2)19)17(18)24/h5,22-24H,1-4H3/t18-/m1/s1	344.32	345.0961761	InChI=1S/C18H16O7/c1-6-14(22)12(8(3)20)16-13(15(6)23)18(4)10(25-16)5-9(21)11(7(2)19)17(18)24/h5,22-24H,1-4H3/t18-/m1/s1	0.654246	InChI=1S/C13H18O2/c1-9-7-11(15)8-13(3,4)12(9)6-5-10(2)14/h5-7,12H,8H2,1-4H3	0.344000292585686	InChI=1S/C18H16O7/c19-8-12-11-4-1-9(3-6-15(22)23)16(24)18(11)25-17(12)10-2-5-13(20)14(21)7-10/h1-7,12,17,19-21,24H,8H2,(H,22,23)	0.402278199454106	0.2	0.131578947368421	0.114285714285714	12.2110717287347	51	59	44	46	59
106	1	Vomifoliol	Megastigmane norisoprenoid	O[C@@](C(C)=C1)(/C=C/[C@@H](C)O)C(C)(C)CC1=O	InChI=1S/C13H20O3/c1-9-7-11(15)8-12(3,4)13(9,16)6-5-10(2)14/h5-7,10,14,16H,8H2,1-4H3/b6-5+/t10-,13-/m1/s1	224.3	207.138134	InChI=1S/C13H18O2/c1-9(2)8-11-4-6-12(7-5-11)10(3)13(14)15/h4-7,9-10H,8H2,1-3H3,(H,14,15)/t10-/m0/s1	0.440176	#	0.5	InChI=1S/C13H18O2/c1-8-12(15)5-4-11-6-10(9(2)14)7-13(8,11)3/h4,7-8,12,15H,5-6H2,1-3H3	0.533777066538261	0.25	0.16	0	3.27592533269131	27	1	1	89	32
