row ID,row m/z,row retention time,row ion mobility,row ion mobility unit,row CCS,correlation group ID,annotation network number,best ion,auto MS2 verify,identified by n=,partners,neutral M mass,LEV623-finale.mzXML Peak area,
2574,111.11677476692219,31.539167,,,,23,,,,,,,7307.559,
7,112.03929819303337,5.5330667,,,,,,,,,,,10964.704,
11,122.05951627060199,6.209883,,,,,,,,,,,8434.2295,
145,122.0597798084459,11.087967,,,,,,,,,,,8648.561,
1407,124.11136591941926,19.16,,,,94,,,,,,,9774.194,
1049,124.11166816104729,17.407667,,,,13,,,,,,,11757.768,
5,136.07593773467588,4.8653336,,,,,,,,,,,2937.1438,
154,141.10367480255593,11.2546,,,,11,,,,,,,4542.918,
39,141.10397988690497,9.0289,,,,109,,,,,,,104822.22,
123,144.07976288013182,10.838683,,,,33,,,,,,,19784.207,
31,144.0803039523646,8.7227,,,,,,,,,,,6671.2114,
142,146.0592848130356,11.0456,,,,159,,,,,,,7040.6284,
2197,149.0231637259939,24.060667,,,,29,,,,,,,10796.135,
2559,149.02361565923403,30.542166,,,,64,,,,,,,190109.98,
48,153.0907213167667,9.229016,,,,,,,,,,,13371.376,
1372,167.0601335397859,18.992167,,,,84,,,,,,,6958.42,
2470,167.07048253226134,27.45,,,,148,,,,,,,3011.7163,
113,169.0758990689338,10.668117,,,,69,,,,,,,103049.695,
78,171.10143385091007,9.994583,,,,136,,,,,,,94114.95,
2198,177.05429816275426,24.060667,,,,29,,,,,,,5216.904,
209,183.09178999372898,12.2581835,,,,114,,,,,,,36230.23,
527,184.13186378849315,14.546133,,,,4,,,,,,,5192.9873,
474,184.13229906863106,14.154217,,,,44,,,,,,,10459.089,
1779,185.07075450621633,21.3975,,,,0,,,,,,,9085.727,
680,186.14806594460765,15.489166,,,,149,,,,,,,8461.179,
1745,187.12528801578384,21.1435,,,,48,,,,,,,16101.484,
2478,191.1423531952391,27.682833,,,,59,27,[M+H]+,,2,2479;2478,190.1351,50687.26,
2459,191.14246103530562,27.177,,,,24,26,[M+H]+,,2,2459;2460,190.13527,36582.414,
2471,195.10154306247497,27.45,,,,148,,,,,,,2582.2002,
1121,196.09715243694373,17.762333,,,,142,,,,,,,8977.328,
2575,199.16894756305854,31.539167,,,,23,,,,,,,10072.804,
1126,200.14312489752598,17.801332,,,,,,,,,,,8013.357,
51,200.16429269410665,9.4383335,,,,,,,,,,,6178.2305,
2560,205.0856978136326,30.542166,,,,64,,,,,,,25035.865,
27,208.09655833607158,8.590433,,,,,,,,,,,7362.6797,
62,208.09698152320107,9.778216,,,,30,,,,,,,6220.036,
783,210.11205475856497,15.883634,,,,61,,,,,,,28590.783,
945,210.11234432076938,16.779833,,,,95,,,,,,,40031.805,
2312,211.08639649573144,24.9505,,,,,,,,,,,6613.4736,
2145,212.08133064000208,23.701,,,,49,,,,,,,21376.414,
2479,213.1243349971836,27.682833,,,,59,27,[M+Na]+,,2,2478;2479,190.1351,18502.77,
2460,213.1245739520006,27.177,,,,24,26,[M+Na]+,,2,2459;2460,190.13527,12288.292,
1567,219.1735166804138,20.058,,,,89,,,,,,,5225.094,
1374,227.08097104854804,18.992167,,,,84,,,,,,,96868.31,
2540,235.16845058320908,29.818666,,,,,,,,,,,3609.1863,
552,237.1375842729048,14.7503,,,,12,,,,,,,5960.4272,
2527,239.11771555308212,29.2295,,,,,,,,,,,2755.9531,
2487,239.16085461383315,27.779,,,,163,,,,,,,29365.096,
1,239.22590793790815,3.7134833,,,,,,,,,,,4616.241,
63,243.14919328736357,9.778216,,,,,,,,,,,9540.675,
2199,245.078283066139,24.060667,,,,29,,,,,,,10309.48,
952,247.12245541672684,16.821,,,,115,,,,,,,279442.5,
1871,249.10191470243794,21.822332,,,,19,,,,,,,16117.289,
2040,249.1022175956369,23.1115,,,,1,11,[M+H]+,,3,2040;2045;2041,248.09462,212104.12,
2513,249.10288130703066,28.552668,,,,,,,,,,,1813.8677,
247,253.133326758889,12.623834,,,,85,,,,,,,84505.71,
267,253.13334276824827,12.863883,,,,141,,,,,,,35413.625,
892,255.18468581777358,16.503216,,,,107,,,,,,,9417.471,
1323,261.1375203480979,18.755833,,,,83,,,,,,,9051.36,
1230,261.1379490163481,18.316334,,,,,,,,,,,25690.17,
1645,263.1173110336169,20.5655,,,,93,,,,,,,17893.312,
1568,264.23138649280395,20.058,,,,89,,,,,,,6792.092,
179,265.16974853372125,11.761683,,,,157,,,,,,,589998.8,
2217,267.1485903171603,24.1835,,,,3,,,,,,,18665.676,
1843,267.1489576697351,21.6535,,,,67,,,,,,,5113.792,
164,267.18422791894585,11.43395,,,,,,,,,,,39293.85,
865,267.1847277481013,16.346016,,,,107,,,,,,,36436.75,
90,267.1851448434256,10.201917,,,,158,,,,,,,55236.27,
720,269.1998842121982,15.652516,,,,92,,,,,,,8304.222,
114,269.2001447893358,10.668117,,,,69,,,,,,,19869.834,
193,269.2002546390944,11.969334,,,,47,,,,,,,12091.419,
2041,271.08375455276706,23.1115,,,,1,11,[M+Na]+,,2,2040;2041,248.09462,23022.822,
982,271.1226564883552,17.023333,,,,54,,,,,,,50081.16,
1349,273.13752454285617,18.832167,,,,138,,,,,,,24549.184,
475,275.15406411387454,14.154217,,,,44,,,,,,,68369.12,
383,277.1689746148869,13.566167,,,,101,,,,,,,11181.523,
2570,277.2155078229453,31.257166,,,,122,34,[M-H2O+H]+,,2,2571;2570,294.21891,10272.442,
2561,279.1593152708184,30.542166,,,,64,33,[M+H]+,,3,2562;2563;2561,278.15172,38039.707,
394,279.18399824993594,13.646317,,,,46,,,,,,,44216.26,
553,279.1841829337543,14.7503,,,,12,,,,,,,33813.727,
252,279.1842196628658,12.709666,,,,144,,,,,,,27155.357,
902,279.1842902706825,16.542566,,,,107,,,,,,,34215.438,
1246,279.18493482389135,18.397667,,,,102,,,,,,,1546090.0,
40,279.1850060668664,9.0289,,,,109,,,,,,,59713.254,
2326,280.1276421722999,25.2175,,,,10,,,,,,,29265.412,
215,280.1340627921405,12.339483,,,,103,,,,,,,20532.129,
751,280.19259884214387,15.806933,,,,61,,,,,,,150564.47,
652,280.1926320632845,15.3739,,,,105,,,,,,,161914.88,
155,281.20070991573266,11.2546,,,,11,,,,,,,80262.625,
87,281.200818221547,10.15705,,,,158,,,,,,,199959.33,
9,281.20092805365886,6.0213165,,,,,,,,,,,137212.22,
41,281.20109111519486,9.0289,,,,109,,,,,,,505694.56,
804,283.1795866165731,15.9619665,,,,,,,,,,,41707.203,
180,283.17998785569597,11.761683,,,,157,,,,,,,26444.488,
25,283.18062967780025,8.40435,,,,,,,,,,,45033.86,
14,283.18077777502583,6.7729335,,,,,,,,,,,21075.88,
1212,283.215247684445,18.2355,,,,140,,,,,,,5597.601,
1122,283.2160467338772,17.762333,,,,142,,,,,,,6192.354,
2550,284.33004250934204,30.160833,,,,,,,,,,,5234.147,
1608,286.13387271683797,20.355833,,,,,,,,,,,5135.8726,
1780,287.182354622725,21.3975,,,,0,,,,,,,112309.555,
1395,287.19996635159225,19.0765,,,,84,,,,,,,46477.46,
1774,288.1136666661845,21.317,,,,,,,,,,,10442.831,
1530,288.14892200303717,19.806,,,,,,,,,,,22000.969,
696,288.1901389714682,15.530784,,,,146,1,[M-H2O+H]+,,2,696;705,305.19343,85272.125,
1048,289.133900171388,17.3685,,,,13,,,,,,,9551.024,
685,291.1918187335669,15.489166,,,,149,,,,,,,67224.1,
1586,292.2263294400149,20.188667,,,,77,,,,,,,4744.787,
177,293.1646230623362,11.680183,,,,139,,,,,,,1431780.2,
1737,295.1797070674111,21.098833,,,,48,,,,,,,16071.495,
1638,295.17992506259384,20.524,,,,,,,,,,,7148.579,
590,295.1800425071551,14.8292,,,,12,,,,,,,627846.44,
374,295.1897930602712,13.528633,,,,101,,,,,,,74579.76,
221,296.18845060862765,12.38085,,,,103,,,,,,,595175.9,
118,296.70413097432714,10.750183,,,,98,,,,,,,85624.2,
37,296.70437287242027,8.978017,,,,109,,,,,,,107298.22,
647,297.19510944157946,15.337334,,,,105,,,,,,,77866.43,
983,297.1951662313991,17.023333,,,,54,,,,,,,81762.58,
1091,297.1955869418566,17.603666,,,,15,,,,,,,128664.73,
253,297.19565920001804,12.709666,,,,144,,,,,,,1325120.2,
395,297.1957583389497,13.646317,,,,46,,,,,,,6495609.5,
36,297.20359432257914,8.934234,,,,109,,,,,,,45108.336,
1448,297.23083641011317,19.326,,,,108,,,,,,,10926.051,
2105,299.17449584687927,23.422667,,,,117,,,,,,,18763.967,
13,299.1751819367947,6.728017,,,,,,,,,,,71821.74,
1196,299.18244686091896,18.1095,,,,51,,,,,,,93441.58,
492,299.2100412869648,14.31105,,,,71,,,,,,,34568.406,
878,299.21017151257143,16.4268,,,,107,,,,,,,16431.275,
262,299.21032176597765,12.824734,,,,40,,,,,,,73032.25,
91,299.2107714019556,10.201917,,,,158,,,,,,,120992.43,
958,299.2109714253325,16.899834,,,,88,,,,,,,89138.8,
1171,300.1895679546273,17.996334,,,,78,,,,,,,66122.234,
2562,301.14086715597534,30.542166,,,,64,33,[M+Na]+,,2,2562;2561,278.15172,395156.84,
1723,302.1289408524552,21.013166,,,,,,,,,,,6777.0586,
648,302.1870797540587,15.337334,,,,105,,,,,,,38551.926,
96,303.1959882701165,10.408433,,,,123,,,,,,,251355.22,
162,303.1961651652672,11.3856,,,,100,,,,,,,346876.2,
2577,304.24719702578943,31.539167,,,,23,35,[M+NH4]+,,2,2578;2577,286.21353,3680.88,
24,307.18024148880073,8.241183,,,,,,,,,,,40382.273,
140,307.18066088850014,11.004267,,,,,,,,,,,57336.31,
329,308.18843786216667,13.258966,,,,37,,,,,,,2418894.5,
1732,308.22036475782784,21.057,,,,87,,,,,,,7397.0522,
331,308.6902854495832,13.258966,,,,37,,,,,,,1138010.6,
2521,309.122882969121,28.9345,,,,38,,,,,,,29910.998,
2490,309.12351127744614,27.9145,,,,161,,,,,,,5014.9023,
1057,309.1774668631485,17.449333,,,,13,,,,,,,396862.1,
97,309.19373715410705,10.408433,,,,123,,,,,,,60466.824,
860,309.1947236803774,16.308367,,,,107,,,,,,,70813.39,
1190,309.19513520609024,18.0705,,,,51,,,,,,,733978.4,
2461,309.2013284911853,27.177,,,,,,,,,,,4790.025,
2578,309.20291376898206,31.539167,,,,23,35,[M+Na]+,,2,2578;2577,286.21353,88754.414,
2526,311.1753450119203,29.083834,,,,,,,,,,,6338.526,
536,311.19235131533014,14.634967,,,,4,,,,,,,93484.93,
354,311.1932482048972,13.415517,,,,16,,,,,,,751579.4,
932,311.21056095933164,16.705334,,,,95,,,,,,,1648134.9,
1073,313.1903605500211,17.488,,,,13,,,,,,,38033.902,
46,313.19051660319855,9.066167,,,,109,,,,,,,110346.27,
107,313.1906861653527,10.629967,,,,151,,,,,,,115077.52,
440,313.19074478034605,13.918,,,,22,,,,,,,60958.977,
79,313.1908548096124,9.994583,,,,136,,,,,,,149140.1,
205,313.190908590875,12.170983,,,,114,,,,,,,195035.23,
240,313.19144709500785,12.581683,,,,85,,,,,,,75414.07,
2426,314.12809477438793,26.552334,,,,125,,,,,,,41855.79,
1267,315.15085331831636,18.485167,,,,120,,,,,,,20177.094,
1079,315.1948154839748,17.527834,,,,15,,,,,,,90704.56,
1177,315.19567033019297,18.033833,,,,51,,,,,,,180410.56,
1178,315.6970484756026,18.033833,,,,51,,,,,,,85209.78,
2042,316.1860770119456,23.1115,,,,1,,,,,,,26172.242,
414,316.186305876825,13.762867,,,,35,,,,,,,476348.34,
1421,316.20285805837665,19.203333,,,,94,4,[M+H]+,,2,1429;1421,315.19522,5053093.5,
2571,317.2082342584977,31.257166,,,,122,34,[M+Na]+,,2,2571;2570,294.21891,14026.881,
2539,318.2992687092473,29.770834,,,,,,,,,,,12237.794,
2503,319.14390201884936,28.082333,,,,110,,,,,,,4236.847,
333,319.18109542842245,13.258966,,,,37,,,,,,,183805.47,
2218,321.1576445292028,24.1835,,,,3,,,,,,,6404.2275,
1763,321.1594824291356,21.232334,,,,57,6,[M+H]+,,2,1764;1763,320.15226,125273.36,
1501,321.19432055417366,19.562834,,,,134,,,,,,,12595.062,
1324,321.19483604022963,18.755833,,,,83,,,,,,,54004.293,
458,321.1958744596055,13.9960165,,,,9,,,,,,,798164.3,
613,323.17517321882167,14.950367,,,,162,,,,,,,1199320.2,
3,323.1751759223136,4.0918665,,,,,,,,,,,56908.598,
22,323.17537798320086,8.148784,,,,,,,,,,,154975.23,
632,323.1758082029623,15.1807165,,,,,,,,,,,237565.77,
1400,324.19992769955576,19.117834,,,,94,,,,,,,940720.8,
638,325.1905142451449,15.257633,,,,111,,,,,,,212835.55,
874,325.1907946595689,16.385267,,,,107,,,,,,,783886.5,
1292,325.2264804301613,18.640833,,,,6,,,,,,,370147.62,
752,327.1998584093275,15.806933,,,,61,,,,,,,79655.01,
493,327.2055248573469,14.31105,,,,,,,,,,,79348.22,
342,327.20610511891704,13.3024,,,,37,,,,,,,272143.62,
2518,329.31458754546776,28.839,,,,,,,,,,,3647.9312,
2564,330.29986529854244,30.687334,,,,,,,,,,,6241.9634,
2410,331.1075537617363,26.275167,,,,68,,,,,,,5943.912,
2535,331.18702478229994,29.573833,,,,133,,,,,,,3911.6167,
1051,331.19120024224844,17.407667,,,,13,,,,,,,86641.93,
143,331.1917158205911,11.0456,,,,159,,,,,,,463817.34,
68,331.19194728745805,9.817333,,,,30,,,,,,,963230.94,
1858,332.1390511200764,21.78,,,,19,,,,,,,64092.668,
2445,333.1669441769493,26.870667,,,,154,,,,,,,4245.4023,
755,333.18895109360193,15.806933,,,,61,,,,,,,52128.387,
2462,335.1747611798569,27.177,,,,24,,,,,,,112410.86,
2234,335.1748237068742,24.335667,,,,2,18,[M+H]+,,4,2248;2240;2260;2234,334.1681,665155.56,
2337,335.1751145425836,25.426834,,,,52,22,[M-H2O+H]+,,3,2337;2344;2354,352.17828,12444.613,
483,337.1906828336443,14.232333,,,,74,,,,,,,1128307.1,
26,337.19078204238537,8.501317,,,,75,,,,,,,248412.34,
59,337.19103983659045,9.659066,,,,145,,,,,,,206176.86,
1293,338.1977216833715,18.640833,,,,6,,,,,,,557847.56,
2491,339.1701824520827,27.9145,,,,161,,,,,,,18393.385,
1590,339.17057971289876,20.229,,,,77,,,,,,,180424.31,
409,339.17127533686374,13.725284,,,,,,,,,,,611066.25,
1093,339.2040702315178,17.603666,,,,15,,,,,,,88741.66,
582,339.2052793388691,14.790733,,,,12,,,,,,,168107.73,
732,339.2055732885421,15.6928835,,,,92,,,,,,,785283.0,
973,339.20564661622643,16.9425,,,,88,,,,,,,927203.3,
128,339.20629289400557,10.838683,,,,33,,,,,,,6817220.5,
2554,341.18563883210504,30.3075,,,,,,,,,,,1978.6257,
334,341.1864945725598,13.258966,,,,37,,,,,,,239395.95,
223,341.1868429863696,12.38085,,,,103,,,,,,,129906.125,
606,341.1868843333466,14.871233,,,,12,,,,,,,96591.69,
1104,341.1870657806471,17.679832,,,,155,,,,,,,40255.664,
583,342.53472629125275,14.790733,,,,12,,,,,,,96953.266,
1764,343.1415227995281,21.232334,,,,57,6,[M+Na]+,,2,1764;1763,320.15226,26841.637,
16,343.20133521429,7.4309335,,,,42,,,,,,,671981.06,
54,343.2014588404295,9.5747,,,,,,,,,,,692450.56,
1295,343.20780030412374,18.640833,,,,6,,,,,,,79466.92,
2572,343.2373040476087,31.349833,,,,,,,,,,,21814.271,
2536,343.2939927960758,29.573833,,,,,,,,,,,1790.6688,
1437,344.21556985500973,19.287167,,,,108,,,,,,,129455.086,
1547,344.215589653348,19.930834,,,,27,,,,,,,31027.61,
2567,344.3145221752476,30.8235,,,,,,,,,,,3445.5344,
1548,344.71707066933783,19.930834,,,,27,,,,,,,15908.328,
1517,346.2123430589448,19.683,,,,129,,,,,,,28716.176,
2016,349.1536920354456,22.91,,,,81,,,,,,,5103.284,
2043,350.22162958706804,23.1115,,,,1,,,,,,,22120.902,
2504,351.1697391085262,28.082333,,,,110,29,[M+H]+,,2,2504;2505,350.16234,64923.65,
2338,351.1700476828109,25.426834,,,,52,,,,,,,23849.297,
828,351.2050590637959,16.116066,,,,73,,,,,,,87552.77,
610,351.2059583148313,14.912583,,,,,,,,,,,1071679.0,
1625,351.87767451416886,20.485332,,,,86,,,,,,,19218.293,
1326,352.21297300124553,18.755833,,,,83,,,,,,,565415.44,
57,353.1505498066391,9.612017,,,,,,,,,,,21650.033,
2340,353.1851700293134,25.426834,,,,52,22,[M+H]+,,3,2344;2340;2354,352.17828,972773.06,
217,353.1858384038208,12.339483,,,,103,,,,,,,181585.22,
190,353.18598102667414,11.932433,,,,,,,,,,,223785.89,
305,353.18637760720935,13.1022835,,,,,,,,,,,193962.7,
1327,353.21870362373227,18.755833,,,,83,,,,,,,181547.31,
1502,353.2191853593167,19.562834,,,,134,,,,,,,40169.434,
830,353.22331513308734,16.116066,,,,73,,,,,,,1.2991232E7,
1316,355.1649339846505,18.716333,,,,83,,,,,,,71860.484,
726,355.20061156757066,15.652516,,,,80,,,,,,,44928.547,
119,355.2007159173821,10.750183,,,,98,,,,,,,62041.535,
348,355.2010002900087,13.341683,,,,37,,,,,,,339037.88,
248,355.2011141178717,12.623834,,,,85,,,,,,,674337.56,
502,355.2012786621231,14.393833,,,,60,,,,,,,281568.53,
1191,355.2013778000449,18.0705,,,,51,,,,,,,113284.13,
1107,355.2031257894023,17.679832,,,,155,,,,,,,42945.004,
2248,357.15696132317646,24.3725,,,,2,18,[M+Na]+,,4,2248;2260;2234;2237,334.1681,242841.78,
1450,357.15848773187685,19.326,,,,108,,,,,,,53745.758,
218,357.18172029563004,12.339483,,,,103,,,,,,,270806.7,
1360,360.2102246323583,18.912,,,,84,,,,,,,28878.36,
529,363.17045134096253,14.546133,,,,4,,,,,,,58061.465,
120,363.2058045054911,10.750183,,,,98,,,,,,,8098.4883,
735,365.1505455381822,15.6928835,,,,,,,,,,,25041.54,
1747,365.18545253805524,21.1435,,,,48,,,,,,,22317.549,
2123,365.1855575087592,23.5785,,,,14,,,,,,,16605.543,
484,365.1858150907575,14.232333,,,,74,,,,,,,758799.6,
387,366.18190638701014,13.566167,,,,101,,,,,,,24006.639,
2449,366.1933397041436,27.007833,,,,99,,,,,,,8883.213,
1047,366.21608784626005,17.330334,,,,,,,,,,,58896.867,
369,367.2000586621512,13.453533,,,,16,,,,,,,72563.31,
2398,367.20075935925325,26.1815,,,,17,25,[M+H]+,,2,2400;2398,366.19364,48101.875,
204,367.20082378633066,12.130134,,,,,,,,,,,25660.646,
153,367.20088917091516,11.212816,,,,11,,,,,,,42459.22,
619,367.20122545826774,14.987583,,,,104,,,,,,,380015.12,
1483,367.2187002443745,19.483,,,,18,,,,,,,199578.61,
167,369.1809234361716,11.43395,,,,,,,,,,,25663.69,
132,369.1809407099447,10.838683,,,,33,,,,,,,122963.18,
85,369.1813109559676,10.114317,,,,,,,,,,,96513.04,
293,369.1825841430417,13.023867,,,,53,,,,,,,229654.62,
2506,369.1829683819978,28.1305,,,,,,,,,,,2667.9763,
1810,369.19511090095085,21.480833,,,,0,,,,,,,64285.586,
2483,369.2150910450482,27.728167,,,,59,,,,,,,3664.5903,
1052,369.21641462419524,17.407667,,,,13,,,,,,,3340012.0,
2360,370.6753959507953,25.512333,,,,45,24,[M-H2O+H]+,,2,2360;2365,387.67931,9784.63,
95,371.1957562306311,10.368883,,,,,,,,,,,70776.336,
73,371.1958161802269,9.8653,,,,,,,,,,,167993.77,
4,371.19611513582447,4.331917,,,,,,,,,,,16353.309,
207,371.19622314208095,12.170983,,,,114,,,,,,,137872.69,
2505,373.15142583891384,28.082333,,,,110,29,[M+Na]+,,2,2504;2505,350.16234,64692.67,
2344,375.1673165404624,25.426834,,,,52,22,[M+Na]+,,4,2337;2344;2340;2352,352.17828,184739.78,
834,375.2031264542212,16.116066,,,,73,,,,,,,12417.138,
1609,375.21586598853435,20.355833,,,,97,,,,,,,13822.029,
201,377.1633636989507,12.0925665,,,,,,,,,,,13443.236,
736,377.2211953673922,15.6928835,,,,92,,,,,,,50233.95,
2515,378.21647886666784,28.645834,,,,,,,,,,,36407.324,
2070,379.16426815826856,23.301167,,,,36,13,[M+H]+,,4,2073;2070;2076;2094,378.15759,1436049.1,
2463,379.16457190358005,27.177,,,,24,,,,,,,544726.7,
2286,379.1648964599602,24.650333,,,,32,,,,,,,19637.873,
2322,379.16532732495017,25.174334,,,,10,,,,,,,15508.923,
2366,379.2002112812857,25.593666,,,,,,,,,,,53560.684,
335,379.2017433253395,13.258966,,,,37,,,,,,,23016.959,
1425,379.23550252157827,19.203333,,,,94,,,,,,,7263.2627,
1770,380.2308225911421,21.275,,,,57,,,,,,,5958.0815,
472,381.1805483328445,14.116716,,,,44,,,,,,,2586858.8,
789,381.1806562261116,15.883634,,,,61,,,,,,,220639.58,
1952,381.19443783593977,22.381666,,,,82,,,,,,,70766.78,
294,382.1771474549243,13.023867,,,,53,,,,,,,16070.407,
34,382.2475947904473,8.763884,,,,,,,,,,,6022.778,
2433,383.1957823443801,26.638334,,,,112,,,,,,,22047.373,
425,383.1958267241851,13.8014,,,,22,,,,,,,88114.4,
358,383.19643629102853,13.415517,,,,16,,,,,,,409851.56,
2140,383.19668408756536,23.659,,,,49,,,,,,,10070.251,
195,383.1976044376464,11.969334,,,,47,,,,,,,14131.996,
541,383.1988022105114,14.67155,,,,,,,,,,,514259.75,
1971,383.2090614566319,22.584333,,,,7,8,[M+H]+,,2,1969;1971,382.20186,13897.822,
2314,383.209248524224,24.994833,,,,,,,,,,,5375.5576,
1923,383.2103974713834,22.122168,,,,118,,,,,,,33757.242,
30,385.1757955910076,8.62965,,,,75,,,,,,,230840.7,
83,385.17635718755156,10.073867,,,,136,,,,,,,211703.7,
138,385.1769896654766,10.919534,,,,,,,,,,,15190.041,
468,385.2107513053244,14.08015,,,,,,,,,,,75050.0,
2537,385.2116190596673,29.573833,,,,133,,,,,,,5636.997,
1999,385.2263670622239,22.787834,,,,5,9,[M+NH4]+,,2,1999;2005,367.19185,118093.83,
1343,387.1825380235216,18.794333,,,,83,,,,,,,32852.074,
20,387.20532293376573,7.6136665,,,,42,,,,,,,49321.742,
2400,389.1830087854349,26.1815,,,,17,25,[M+Na]+,,2,2400;2398,366.19364,13731.963,
1929,394.1764414132988,22.209,,,,31,,,,,,,6583.142,
287,394.1779752317558,12.947984,,,,62,,,,,,,8894.729,
2250,394.24724777904953,24.3725,,,,2,,,,,,,37201.727,
2495,395.1954020805699,28.035166,,,,110,,,,,,,16971.223,
2402,395.1954547827671,26.1815,,,,17,,,,,,,40184.906,
531,395.1961868637006,14.546133,,,,4,,,,,,,6349567.0,
667,395.19679391219273,15.41095,,,,105,,,,,,,170562.23,
192,395.23231109713294,11.932433,,,,47,,,,,,,11983.327,
2073,396.1914460029311,23.301167,,,,36,13,[M+NH4]+,,5,2073;2070;2088;2076;2094,378.15759,34594.297,
2009,396.19147517374546,22.868334,,,,81,10,[M+H]+,,2,2017;2009,395.18443,20694.535,
2251,397.1754278683727,24.3725,,,,2,20,[M+H]+,,3,2261;2251;2253,396.16869,685446.5,
351,399.1921379196271,13.3787,,,,16,,,,,,,52879.39,
2076,401.14669407556687,23.301167,,,,36,13,[M+Na]+,,4,2073;2070;2088;2076,378.15759,459983.28,
2516,401.2053973524738,28.743,,,,,,,,,,,8706.868,
197,401.20638752535706,12.009817,,,,,,,,,,,100366.76,
776,401.2069728577121,15.845183,,,,61,,,,,,,23532.895,
1679,401.9011842657334,20.834,,,,56,,,,,,,19924.254,
2372,405.2158063641705,25.681334,,,,,,,,,,,15072.98,
1795,406.57256488710397,21.437834,,,,0,,,,,,,72645.375,
2464,409.1753404948964,27.177,,,,24,,,,,,,287128.1,
1088,409.2465285503836,17.567,,,,15,,,,,,,25610.102,
1012,409.2473332638352,17.136833,,,,20,,,,,,,114411.87,
2294,411.1908090025297,24.739,,,,43,21,[M+H]+,,2,2294;2299,410.18393,84317.11,
847,411.19082244159057,16.232317,,,,107,,,,,,,194272.61,
189,411.1913761091072,11.8834,,,,,,,,,,,86499.88,
465,411.19224692936183,14.03755,,,,9,,,,,,,96808.555,
2110,411.20502672947015,23.463167,,,,117,,,,,,,11169.56,
2345,412.25697233751725,25.426834,,,,52,,,,,,,19852.148,
879,413.2060812519654,16.4268,,,,107,,,,,,,2572011.0,
500,413.20667816502873,14.357183,,,,71,,,,,,,153136.6,
208,413.20673217862526,12.215317,,,,114,,,,,,,174172.77,
60,413.2069527270244,9.659066,,,,145,,,,,,,4018.9067,
1873,413.22108909536786,21.822332,,,,19,,,,,,,126696.7,
175,415.22038625690396,11.64265,,,,,,,,,,,10880.279,
1749,416.57674861698445,21.1435,,,,48,,,,,,,92215.26,
2017,418.1738882259203,22.91,,,,81,10,[M+Na]+,,2,2009;2017,395.18443,7474.6763,
43,418.2972593209615,9.0289,,,,109,,,,,,,3074.2136,
2253,419.1574179623056,24.3725,,,,2,20,[M+Na]+,,3,2251;2253;2244,396.16869,243758.27,
1860,420.20734674604256,21.78,,,,19,,,,,,,6236.734,
1629,420.23951951065857,20.485332,,,,86,,,,,,,20782.256,
1317,421.21121365360705,18.716333,,,,83,,,,,,,68356.336,
2496,422.2069409607145,28.035166,,,,110,28,[M+H]+,,3,2497;2502;2496,421.19954,171484.23,
1771,422.2785511612006,21.275,,,,57,,,,,,,41243.67,
2190,423.1909735188537,24.0195,,,,29,,,,,,,65480.754,
1571,423.191680934389,20.058,,,,89,,,,,,,16246.709,
711,423.2279787272445,15.574417,,,,90,,,,,,,11063.27,
2081,424.2212654865107,23.301167,,,,36,,,,,,,8726.281,
1939,425.2058674067163,22.2525,,,,31,,,,,,,45090.277,
2124,427.1862911092605,23.5785,,,,14,,,,,,,13970.049,
2434,427.18958240139193,26.638334,,,,112,,,,,,,21710.367,
1034,427.22270861565914,17.255333,,,,26,,,,,,,19277.133,
2508,429.2009043579335,28.310167,,,,156,,,,,,,4639.1475,
2307,429.2066150888361,24.862833,,,,127,,,,,,,11932.188,
2376,429.2067085844391,25.777666,,,,113,,,,,,,71757.1,
2308,431.2215249608506,24.862833,,,,127,,,,,,,29420.264,
2162,431.22166232298633,23.8205,,,,91,,,,,,,20938.932,
2467,433.1726007127387,27.177,,,,24,,,,,,,25729.541,
2299,433.17353949100817,24.780167,,,,43,21,[M+Na]+,,2,2294;2299,410.18393,18777.658,
2323,433.1745718708823,25.174334,,,,,,,,,,,10778.655,
1854,434.25440528067236,21.738,,,,19,,,,,,,25271.293,
149,435.15791286873235,11.13085,,,,,,,,,,,20361.805,
1595,435.2446521384795,20.271,,,,97,,,,,,,17795.443,
2254,436.29520103098014,24.3725,,,,2,,,,,,,257288.77,
2481,437.20566709775386,27.682833,,,,59,,,,,,,4739.9253,
1986,437.20632857184654,22.7125,,,,72,,,,,,,50385.605,
2082,438.23706974743845,23.301167,,,,36,,,,,,,53367.934,
336,438.2387843505347,13.258966,,,,37,,,,,,,14141.001,
1591,440.2880669482903,20.229,,,,77,,,,,,,9182.763,
2146,441.17046568101796,23.701,,,,49,,,,,,,26973.625,
2448,441.201648453047,26.959333,,,,99,,,,,,,13718.028,
1250,442.2502254112906,18.397667,,,,102,,,,,,,18627.912,
1949,443.1827899345445,22.3395,,,,82,,,,,,,5730.4707,
2063,443.18562465631396,23.264166,,,,36,,,,,,,54889.19,
963,443.217900058619,16.899834,,,,88,,,,,,,18120.443,
2497,444.18856997269813,28.035166,,,,110,28,[M+Na]+,,2,2497;2496,421.19954,40734.65,
1880,445.2019957814298,21.8675,,,,124,,,,,,,9172.243,
2011,445.2022156322003,22.868334,,,,81,,,,,,,9968.404,
2168,449.2065434613306,23.858334,,,,41,,,,,,,19136.914,
2000,449.2323990170029,22.787834,,,,,,,,,,,11978.452,
1904,449.2596028118271,21.989666,,,,96,,,,,,,7468.04,
1934,450.2573900946762,22.209,,,,31,,,,,,,17589.535,
2509,451.18531430524564,28.310167,,,,156,,,,,,,2351.8557,
2318,451.2215140467894,25.036667,,,,,,,,,,,10886.424,
848,453.2373504625318,16.232317,,,,107,,,,,,,57244.74,
1262,453.23796569944,18.440332,,,,126,,,,,,,26728.71,
2348,454.30526943136596,25.426834,,,,52,,,,,,,107126.48,
2255,456.2475387266262,24.3725,,,,2,,,,,,,10648.253,
1972,457.19668594764323,22.584333,,,,7,,,,,,,8555.87,
1655,457.1978131438811,20.609,,,,93,,,,,,,11812.469,
802,457.23236098674226,15.922216,,,,61,,,,,,,83629.5,
478,459.24911537593005,14.192734,,,,,,,,,,,12557.821,
219,461.2639112810205,12.339483,,,,103,,,,,,,10251.63,
2468,463.1832546113109,27.177,,,,24,,,,,,,18748.557,
1894,465.9269948485878,21.947834,,,,96,,,,,,,103819.44,
2404,468.32050699640615,26.1815,,,,17,,,,,,,21435.775,
101,476.30228369970524,10.544184,,,,151,,,,,,,27779.893,
2085,480.2848134679391,23.301167,,,,36,,,,,,,334147.25,
792,482.2984604298999,15.883634,,,,61,,,,,,,9344.029,
161,485.22828909210455,11.340317,,,,,,,,,,,6381.458,
1915,485.28472889612976,22.033167,,,,132,,,,,,,74436.18,
1604,487.2596463306649,20.315666,,,,97,,,,,,,33936.566,
1549,487.2596550259726,19.930834,,,,27,,,,,,,15943.683,
1550,487.76035423549195,19.930834,,,,27,,,,,,,9876.64,
1605,487.7607433679078,20.315666,,,,97,,,,,,,20813.549,
2357,493.202010886455,25.471333,,,,,,,,,,,5554.054,
1824,496.27628748327703,21.568666,,,,28,,,,,,,8782.565,
2256,498.2949651568803,24.3725,,,,2,,,,,,,53234.477,
2201,499.20686036772196,24.060667,,,,29,15,[M+H]+,,2,2201;2202,498.1998,64156.004,
2395,499.20710559274727,26.0535,,,,,,,,,,,5324.0386,
1538,502.2798788504441,19.846834,,,,,,,,,,,16843.98,
1403,507.28539198019536,19.117834,,,,94,,,,,,,11263.651,
2548,509.31547634613906,30.063833,,,,,,,,,,,1887.9968,
2415,512.2719511266266,26.363333,,,,,,,,,,,10174.925,
2301,512.3091670898207,24.780167,,,,43,,,,,,,16096.001,
2003,514.288947459997,22.828,,,,81,,,,,,,12499.899,
2349,516.2123434800135,25.426834,,,,52,,,,,,,9150.725,
2045,519.1779658247879,23.1115,,,,1,11,[2M+Na]+,,2,2040;2045,248.09462,7140.215,
2202,521.1892293215873,24.060667,,,,29,15,[M+Na]+,,2,2201;2202,498.1998,16891.35,
1990,522.2790775221215,22.7125,,,,72,,,,,,,69231.08,
1983,523.2842852018792,22.672,,,,72,,,,,,,43714.145,
1485,530.2975552553373,19.483,,,,18,,,,,,,4485.372,
288,531.2690629370668,12.947984,,,,62,,,,,,,35021.895,
134,538.2934167433222,10.838683,,,,33,,,,,,,8935.179,
2531,540.2126984575602,29.378166,,,,79,,,,,,,7281.7344,
1584,542.3006294076027,20.142166,,,,,,,,,,,40739.945,
1197,543.2530868436426,18.1095,,,,51,,,,,,,37838.246,
2430,545.2331195146033,26.597,,,,125,,,,,,,7579.8496,
1927,545.298526177621,22.170334,,,,,,,,,,,18438.215,
1668,547.2450281982227,20.697666,,,,,,,,,,,8434.4795,
937,547.283336565019,16.705334,,,,70,,,,,,,13667.08,
2555,554.2285183841931,30.3075,,,,,,,,,,,2390.6565,
109,554.3191818729273,10.629967,,,,151,,,,,,,16608.826,
2493,555.2767198763328,27.996166,,,,119,,,,,,,13303.97,
2328,559.2478486940438,25.2175,,,,10,,,,,,,50059.086,
2412,559.2490704633151,26.275167,,,,68,,,,,,,6858.926,
762,559.3769066914208,15.806933,,,,61,,,,,,,17720.916,
659,559.3772169395813,15.3739,,,,,,,,,,,26602.576,
2499,561.2637346527722,28.035166,,,,110,,,,,,,24996.861,
2500,562.2665655150975,28.035166,,,,110,,,,,,,9535.806,
842,562.3255674187266,16.156233,,,,73,,,,,,,70583.266,
1253,563.3080886015141,18.397667,,,,102,,,,,,,5631.95,
2224,565.2592279554971,24.2255,,,,3,,,,,,,61794.777,
2020,565.2593587375449,22.91,,,,81,,,,,,,104436.71,
2225,566.2630251020399,24.2255,,,,3,,,,,,,23319.44,
2107,567.2743432603178,23.422667,,,,117,,,,,,,34294.207,
2302,567.2743528570635,24.780167,,,,43,,,,,,,10357.859,
1787,573.3557770579662,21.3975,,,,0,,,,,,,21958.24,
1396,573.3918620107844,19.0765,,,,84,,,,,,,9898.766,
703,575.3710821704203,15.530784,,,,146,,,,,,,8219.403,
1958,577.3513457686112,22.425167,,,,,,,,,,,19337.777,
1003,577.3871721952981,17.1,,,,20,,,,,,,13825.985,
1082,577.3873493144862,17.527834,,,,15,,,,,,,22636.518,
2563,579.2921391049937,30.542166,,,,64,33,[2M+Na]+,,2,2563;2561,278.15172,62197.74,
2325,585.328714058603,25.174334,,,,10,,,,,,,5187.072,
956,591.3667917361628,16.821,,,,115,,,,,,,11273.937,
515,591.3676722347025,14.4323,,,,60,,,,,,,12072.267,
224,591.3679158275145,12.38085,,,,103,,,,,,,23049.572,
620,591.3682221059353,14.987583,,,,162,,,,,,,14311.625,
273,591.3682257671577,12.863883,,,,141,,,,,,,14813.457,
1254,593.3365858545553,18.397667,,,,102,,,,,,,6200.33,
435,593.3835075816639,13.8802,,,,22,,,,,,,123292.72,
2155,595.2692918154269,23.780666,,,,,,,,,,,18396.994,
2193,595.2695681285305,24.0195,,,,29,,,,,,,25129.428,
2278,595.270038833742,24.5655,,,,8,,,,,,,7012.6826,
1198,597.3561235631539,18.1095,,,,51,,,,,,,17438.656,
45,597.3708551338229,9.0289,,,,109,,,,,,,1895.7882,
1173,599.3717623363566,17.996334,,,,78,,,,,,,21475.37,
1272,601.3884905728299,18.485167,,,,120,,,,,,,48091.996,
570,603.3661864898087,14.7503,,,,12,,,,,,,5367.2847,
506,603.3675170061459,14.393833,,,,60,,,,,,,21567.674,
1803,605.3012423392273,21.437834,,,,0,,,,,,,12667.741,
163,605.3820644401908,11.3856,,,,100,,,,,,,4742.851,
214,605.3822639666801,12.296416,,,,103,,,,,,,10963.917,
98,605.3823529463505,10.45685,,,,123,,,,,,,4979.3325,
444,605.3832435323085,13.918,,,,22,,,,,,,49986.508,
380,605.383747867755,13.528633,,,,101,,,,,,,107781.57,
2457,606.2864877124146,27.1355,,,,24,,,,,,,7850.4653,
669,606.3167174827902,15.41095,,,,105,,,,,,,31041.62,
445,606.3860185174177,13.918,,,,22,,,,,,,22769.965,
1648,607.3156973307638,20.5655,,,,93,,,,,,,64053.19,
1649,608.3193893691068,20.5655,,,,93,,,,,,,23821.428,
2523,611.3006045113862,28.9345,,,,,,,,,,,1514.666,
2332,613.224337590355,25.346834,,,,,,,,,,,8212.3,
2306,613.351070872993,24.8225,,,,39,,,,,,,8966.384,
2368,613.3516676486524,25.593666,,,,160,,,,,,,21181.426,
1950,613.3526255476596,22.3395,,,,82,,,,,,,175898.7,
1202,615.3654748247438,18.152,,,,51,,,,,,,9934.765,
1036,615.3662632447267,17.255333,,,,26,,,,,,,8986.235,
339,615.3687644959241,13.258966,,,,37,,,,,,,226113.52,
340,616.3716384598016,13.258966,,,,37,,,,,,,99011.56,
1065,617.3483384196157,17.449333,,,,13,,,,,,,67059.88,
1192,617.3838812006767,18.0705,,,,51,,,,,,,188740.16,
220,619.3633423698018,12.339483,,,,103,,,,,,,10815.76,
2054,621.3303913586319,23.152666,,,,1,,,,,,,16487.977,
534,621.3773039618858,14.5902,,,,4,,,,,,,9420.159,
364,621.3786664532122,13.415517,,,,16,,,,,,,112716.28,
365,622.3816831389831,13.415517,,,,16,,,,,,,45976.49,
1700,623.3459845041361,20.927,,,,,,,,,,,42794.79,
2329,627.2959247932795,25.2175,,,,10,,,,,,,5385.49,
1089,627.3670594203822,17.567,,,,15,,,,,,,18884.988,
1754,629.3453594070397,21.1435,,,,48,,,,,,,13171.6,
1589,629.3460997955141,20.188667,,,,77,,,,,,,15459.832,
398,629.3587542872125,13.646317,,,,46,,,,,,,8987.578,
1496,629.381190106633,19.523,,,,18,,,,,,,11992.427,
1083,629.3827238650729,17.527834,,,,15,,,,,,,43589.188,
1183,629.3834518748095,18.033833,,,,51,,,,,,,56806.652,
1084,630.3856175494698,17.527834,,,,15,,,,,,,18945.094,
410,631.3629194874275,13.725284,,,,35,,,,,,,47671.984,
2046,631.3632550057008,23.1115,,,,1,,,,,,,127944.28,
572,631.363471441825,14.7503,,,,12,,,,,,,30043.537,
1426,631.3985754569645,19.203333,,,,94,5,[M+H]+,,2,1426;1429,630.39051,1893153.6,
1427,632.4017978966967,19.203333,,,,94,,,,,,,890062.1,
705,633.3760814068729,15.530784,,,,146,1,[2M+Na]+,,2,696;705,305.19343,6882.947,
1066,633.3771079614642,17.449333,,,,13,,,,,,,24946.543,
1613,637.3276919263152,20.355833,,,,97,,,,,,,7110.8037,
1518,639.3410367998486,19.683,,,,129,,,,,,,17159.35,
1742,643.3491577960469,21.098833,,,,48,,,,,,,20535.748,
2565,645.30579998521,30.734833,,,,,,,,,,,5916.369,
2547,645.3064071578475,30.013,,,,,,,,,,,2473.6653,
2558,645.3072058603186,30.459167,,,,,,,,,,,2959.4211,
1719,645.3422796915966,20.968834,,,,34,,,,,,,16646.5,
1264,645.3757228382188,18.440332,,,,126,,,,,,,8780.3125,
280,645.377235347888,12.9077835,,,,62,,,,,,,13680.575,
2175,645.3775421426532,23.897667,,,,41,,,,,,,23387.328,
2014,645.3780133397648,22.868334,,,,81,,,,,,,33372.348,
1720,646.3460441877567,20.968834,,,,34,,,,,,,6793.448,
1670,647.3588593871337,20.697666,,,,152,,,,,,,8392.87,
1907,647.3921602503564,21.989666,,,,,,,,,,,12219.5625,
1405,647.394022888102,19.117834,,,,94,,,,,,,335138.3,
856,647.3944994814258,16.27075,,,,107,,,,,,,49858.062,
1826,649.3366752243992,21.568666,,,,28,,,,,,,12465.713,
641,649.3741282291109,15.257633,,,,111,,,,,,,100429.32,
1429,653.3789286003964,19.203333,,,,94,5,[M+Na]+,,2,1426;1429,630.39051,8377.972,
89,655.3760648863639,10.15705,,,,158,,,,,,,3663.2195,
2407,656.3929786861684,26.2295,,,,21,,,,,,,4247.308,
1199,657.2462270853989,18.1095,,,,51,,,,,,,8925.917,
1896,657.3412775248204,21.947834,,,,96,,,,,,,9865.562,
2208,657.3413924153303,24.102833,,,,3,,,,,,,12141.693,
2163,661.3715873550907,23.8205,,,,91,,,,,,,27793.213,
141,661.3734051238015,11.004267,,,,159,,,,,,,4985.652,
69,661.3737222127181,9.817333,,,,30,,,,,,,39178.47,
1158,661.3738767680709,17.921167,,,,116,,,,,,,12556.066,
575,661.3742832171046,14.7503,,,,12,,,,,,,15308.645,
2391,663.3864305245196,25.912333,,,,,,,,,,,5318.1084,
2164,663.3880801162803,23.8205,,,,91,,,,,,,48451.918,
1897,665.3213868876776,21.947834,,,,96,,,,,,,33327.938,
2485,665.4034404355903,27.728167,,,,,,,,,,,3180.7495,
2288,667.3626248321982,24.650333,,,,66,,,,,,,40106.383,
1433,667.3742867275922,19.246834,,,,94,,,,,,,8066.8423,
2289,668.3652781906603,24.650333,,,,66,,,,,,,18336.95,
2237,669.3437247965372,24.335667,,,,2,18,[2M+H]+,,2,2248;2237,334.1681,104362.81,
2238,670.3463074926844,24.335667,,,,2,,,,,,,48695.613,
1953,671.3567326819319,22.381666,,,,82,,,,,,,11837.633,
1184,673.3379751904467,18.033833,,,,51,,,,,,,45579.25,
1865,673.3506716561764,21.78,,,,19,7,[M+H]+,,2,1866;1865,672.34367,4617.8276,
1980,675.3522098467587,22.6285,,,,,,,,,,,9219.408,
2134,675.3526960106035,23.618334,,,,14,,,,,,,13464.785,
1298,675.389590933987,18.640833,,,,6,,,,,,,309892.9,
1299,676.3926990929388,18.640833,,,,6,,,,,,,147522.89,
1096,677.4008456090227,17.603666,,,,15,,,,,,,11359.433,
2285,679.3810207543403,24.608334,,,,32,,,,,,,4728.981,
2181,679.3823561335945,23.94,,,,41,,,,,,,7292.6284,
2573,681.3430362829404,31.445833,,,,,,,,,,,2223.832,
2048,683.3572215925622,23.1115,,,,1,,,,,,,13605.597,
1760,685.3389885035768,21.1435,,,,48,,,,,,,5474.871,
2271,685.3716931656758,24.449167,,,,,,,,,,,15634.595,
1301,685.4088377746382,18.640833,,,,6,,,,,,,22246.498,
2260,686.3708558522068,24.3725,,,,2,18,[2M+NH4]+,,3,2248;2234;2260,334.1681,30388.906,
1555,687.42351109376,19.930834,,,,27,,,,,,,9079.706,
1443,687.4244961225338,19.287167,,,,108,,,,,,,57480.24,
1347,689.3345835455714,18.794333,,,,83,,,,,,,6142.0894,
651,689.4030365304931,15.337334,,,,105,,,,,,,9007.99,
2240,691.3261390898597,24.335667,,,,2,18,[2M+Na]+,,2,2240;2234,334.1681,156747.77,
1451,691.3836770596224,19.326,,,,108,,,,,,,29497.762,
2169,693.3528080035682,23.858334,,,,41,,,,,,,61206.1,
2128,693.353277862804,23.5785,,,,14,,,,,,,43479.28,
1434,694.392478767983,19.246834,,,,94,,,,,,,10557.85,
1866,695.3331526954493,21.78,,,,19,7,[M+Na]+,,2,1865;1866,672.34367,5766.2446,
2425,696.3527034958801,26.501333,,,,130,,,,,,,22704.09,
1837,697.3378811877348,21.609667,,,,67,,,,,,,22525.848,
2532,699.3526131773411,29.378166,,,,79,31,[M+H]+,,2,2532;2533,698.34559,3598.9849,
2214,699.3880673222002,24.141834,,,,3,,,,,,,22144.615,
835,702.4108410147003,16.116066,,,,73,,,,,,,8894.15,
2519,703.3269774507639,28.839,,,,,,,,,,,2471.8254,
2351,703.3488017259236,25.426834,,,,52,,,,,,,4829.858,
389,703.3831716494295,13.566167,,,,101,,,,,,,14266.013,
1331,703.4207421626116,18.755833,,,,83,,,,,,,138773.08,
2352,705.364313697715,25.426834,,,,52,22,[2M+H]+,,2,2344;2352,352.17828,79318.76,
1576,705.3961748013547,20.058,,,,89,,,,,,,5491.121,
1945,707.3516491647845,22.300167,,,,,,,,,,,9710.867,
1487,709.3109251020508,19.483,,,,18,,,,,,,20006.963,
2227,709.3481731271507,24.2255,,,,3,,,,,,,8991.015,
227,709.3939640360412,12.38085,,,,103,,,,,,,4734.6455,
251,709.3943103043539,12.6694,,,,85,,,,,,,14358.758,
2482,710.3689563626675,27.682833,,,,59,,,,,,,61173.918,
2177,711.3529352494428,23.897667,,,,41,,,,,,,42181.82,
1596,711.3530078812671,20.271,,,,97,,,,,,,12156.733,
2065,711.3537698487679,23.264166,,,,36,,,,,,,171062.89,
1302,711.3656605889363,18.640833,,,,6,,,,,,,19348.621,
2443,711.3881943072016,26.826166,,,,154,,,,,,,17532.746,
2066,712.3566969054779,23.264166,,,,36,,,,,,,82308.586,
2178,712.3569417622596,23.897667,,,,41,,,,,,,21202.309,
1614,713.3388125426209,20.355833,,,,97,,,,,,,5711.9453,
105,713.3818042132287,10.5928,,,,151,,,,,,,58033.63,
1815,715.3493713042274,21.480833,,,,0,,,,,,,8302.533,
2304,715.3836894413862,24.780167,,,,43,,,,,,,44460.254,
2418,717.3293765273289,26.4075,,,,76,,,,,,,17528.191,
2005,717.379022456922,22.828,,,,5,9,[2M-H2O+H]+,,2,1999;2005,367.19185,7005.479,
2321,717.3986056171616,25.125668,,,,,,,,,,,22353.443,
1465,717.4359287854262,19.402334,,,,55,,,,,,,934815.5,
634,719.3796681993585,15.218734,,,,111,,,,,,,26170.16,
623,719.3800695076028,15.026317,,,,104,,,,,,,10914.635,
1366,719.4128981325899,18.912,,,,84,,,,,,,7032.2925,
2533,721.3350544666606,29.378166,,,,79,31,[M+Na]+,,2,2532;2533,698.34559,3219.2854,
2141,723.3639286125928,23.659,,,,49,,,,,,,14835.662,
2354,727.3462199063275,25.426834,,,,52,22,[2M+Na]+,,3,2337;2340;2354,352.17828,60378.965,
1976,727.34818946425,22.584333,,,,7,,,,,,,14372.164,
1891,727.349088842664,21.906834,,,,124,,,,,,,18007.168,
837,727.4171498011453,16.116066,,,,73,,,,,,,13526.576,
2529,729.3620800329988,29.279333,,,,,,,,,,,2025.7964,
1965,729.3622656250448,22.541666,,,,7,,,,,,,25001.234,
2130,729.3635055179368,23.5785,,,,14,,,,,,,142670.88,
2131,730.3665913219907,23.5785,,,,14,,,,,,,70880.51,
2241,731.3453702036895,24.335667,,,,2,16,[M+H]+,,2,2243;2241,730.33781,136175.0,
2454,731.3771705737092,27.007833,,,,99,,,,,,,8584.578,
2363,731.4112498685286,25.512333,,,,45,,,,,,,9087.812,
1258,731.4147671791624,18.397667,,,,126,,,,,,,2431.9912,
1597,731.4497249783835,20.271,,,,97,,,,,,,6415.43,
2242,732.3483014380622,24.335667,,,,2,,,,,,,66896.05,
2386,733.393144237908,25.865,,,,150,,,,,,,16165.486,
812,733.3942976123033,16.000166,,,,,,,,,,,17312.898,
1394,733.4287396695904,19.0395,,,,84,,,,,,,4500.3525,
1489,733.4310050060686,19.483,,,,18,,,,,,,78407.15,
883,737.390011752895,16.4268,,,,107,,,,,,,19388.502,
1055,737.4268259973727,17.407667,,,,13,,,,,,,459533.6,
1335,739.3960377902862,18.755833,,,,83,,,,,,,28606.418,
2330,740.3436038921064,25.2175,,,,10,,,,,,,5586.4956,
2364,740.3436312948094,25.512333,,,,45,,,,,,,22088.064,
1661,740.3455488893109,20.609,,,,93,,,,,,,3670.2551,
2510,740.3781749271428,28.310167,,,,,,,,,,,2906.993,
111,740.4004062116563,10.629967,,,,151,,,,,,,8960.919,
2143,741.3629213107761,23.659,,,,49,,,,,,,12094.482,
820,741.4128334359964,16.075933,,,,73,,,,,,,122313.71,
2437,742.3931075158627,26.682833,,,,,,,,,,,4319.624,
2394,743.3439373205389,26.0045,,,,147,,,,,,,36012.99,
1830,743.3446785020768,21.568666,,,,28,,,,,,,7844.072,
1773,743.3456921577362,21.275,,,,,,,,,,,7832.4507,
2179,743.3793509634768,23.897667,,,,41,,,,,,,163561.81,
2569,745.3582255545468,30.970167,,,,,,,,,,,3567.4758,
2511,745.3582313850437,28.455667,,,,137,30,[M+H]+,,2,2511;2512,744.35159,28464.566,
1615,749.4228417102576,20.355833,,,,97,,,,,,,5594.1255,
2243,753.3267405960094,24.335667,,,,2,16,[M+Na]+,,2,2243;2241,730.33781,138539.42,
1476,753.4127043315002,19.441334,,,,55,,,,,,,104715.18,
2423,754.3585951031166,26.454334,,,,131,,,,,,,35775.246,
2440,754.358992930654,26.778166,,,,143,,,,,,,83097.82,
1966,755.3444188493493,22.541666,,,,7,,,,,,,204707.9,
2557,755.3448149855805,30.408833,,,,,,,,,,,1883.6176,
2380,755.3784614349976,25.821,,,,150,,,,,,,41947.848,
1967,756.3472212034969,22.541666,,,,7,,,,,,,105557.984,
2088,757.3232778711505,23.301167,,,,36,13,[2M+H]+,,3,2073;2088;2076,378.15759,318873.03,
1339,766.4155464933015,18.755833,,,,83,,,,,,,11036.658,
2512,767.3414422228667,28.455667,,,,137,30,[M+Na]+,,2,2511;2512,744.35159,4771.2334,
822,768.4310030899461,16.075933,,,,73,,,,,,,22151.031,
1499,769.4064572501109,19.523,,,,18,,,,,,,4150.5103,
1005,769.4668193913931,17.1,,,,20,,,,,,,22604.494,
2413,771.3387048596275,26.321833,,,,,,,,,,,7559.898,
1791,771.3388798341006,21.3975,,,,0,,,,,,,20235.123,
1867,772.3673046112018,21.78,,,,19,,,,,,,7937.0293,
2290,772.3698224035663,24.650333,,,,66,,,,,,,17303.723,
2222,772.370099074548,24.1835,,,,3,,,,,,,12150.872,
2408,773.3537705941924,26.2295,,,,21,,,,,,,5664.492,
1969,773.353902171828,22.541666,,,,7,8,[2M-2H2O-H+2Na]+,,2,1969;1971,382.20186,461206.88,
1693,775.3366338364008,20.877333,,,,56,,,,,,,2701.0835,
135,775.373247124512,10.838683,,,,33,,,,,,,57319.895,
795,777.3847993820075,15.883634,,,,61,,,,,,,10083.194,
2094,779.3049821769416,23.301167,,,,36,13,[2M+Na]+,,3,2073;2070;2094,378.15759,514902.06,
1468,780.4313684241491,19.402334,,,,55,,,,,,,45643.95,
2477,784.3694794052957,27.6385,,,,59,,,,,,,4942.232,
1998,785.3541465088547,22.7495,,,,72,,,,,,,51106.13,
2382,786.3844713624059,25.821,,,,150,,,,,,,10432.111,
1666,787.3331846767499,20.652,,,,152,,,,,,,29577.81,
2556,787.3685908289785,30.358,,,,,,,,,,,6465.6396,
2195,787.3693353683667,24.0195,,,,29,,,,,,,21663.678,
2015,787.369500874908,22.868334,,,,81,,,,,,,406484.03,
2542,789.3486463623335,29.916666,,,,25,32,[M+H]+,,2,2544;2542,788.34115,51235.35,
1924,789.3507310245365,22.122168,,,,118,,,,,,,5143.643,
1306,789.3824926489049,18.640833,,,,6,,,,,,,55557.55,
2543,790.3514621841932,29.916666,,,,25,,,,,,,25089.11,
2444,791.3663537203698,26.826166,,,,,,,,,,,3117.6921,
2244,793.3458609899591,24.335667,,,,2,20,[2M+H]+,,2,2253;2244,396.16869,141345.95,
2501,794.3521346514991,28.035166,,,,,,,,,,,2307.1494,
1436,795.4447318928525,19.246834,,,,108,,,,,,,7559.7847,
2365,798.3491046065469,25.512333,,,,45,24,[2M+Na]+,,2,2360;2365,387.67931,7930.6875,
2311,799.3694262299015,24.862833,,,,39,,,,,,,55765.77,
2006,799.3697056455857,22.828,,,,5,,,,,,,44306.297,
1820,801.3487228170086,21.524834,,,,,,,,,,,14311.634,
844,805.4506215977764,16.194483,,,,107,,,,,,,15540.827,
1721,807.3592603860711,20.968834,,,,34,,,,,,,12418.04,
1722,808.3632783726032,20.968834,,,,34,,,,,,,5882.336,
1850,810.4148780434274,21.6535,,,,67,,,,,,,4211.384,
2544,811.3301468868847,29.916666,,,,25,32,[M+Na]+,,2,2544;2542,788.34115,14756.635,
2261,815.327481334582,24.3725,,,,2,20,[2M+Na]+,,2,2261;2251,396.16869,92270.484,
628,815.3977818707082,15.0651,,,,58,,,,,,,60588.48,
2112,816.3598364980624,23.463167,,,,117,,,,,,,21738.89,
2524,817.3787043723481,28.9345,,,,38,,,,,,,1795.0388,
2428,817.3811657045204,26.552334,,,,125,,,,,,,3344.273,
1340,817.413746150104,18.755833,,,,83,,,,,,,30897.525,
824,819.4292632637894,16.075933,,,,73,,,,,,,58031.785,
2397,821.3744302003047,26.138834,,,,,,,,,,,5829.955,
884,825.4072122845072,16.4268,,,,107,,,,,,,297252.2,
2420,828.3599343006915,26.4075,,,,76,,,,,,,3666.4824,
2276,830.3745207988937,24.527834,,,,65,,,,,,,13486.636,
2100,831.3603074508645,23.34,,,,36,,,,,,,9031.486,
1479,831.4293472087319,19.441334,,,,55,,,,,,,111492.18,
2039,832.3552440022389,23.071333,,,,,,,,,,,7245.577,
1637,839.472034170438,20.485332,,,,86,,,,,,,5290.7017,
2545,843.6113583819706,29.916666,,,,25,,,,,,,2542.812,
2118,846.3699157371681,23.499666,,,,63,,,,,,,8033.6294,
2384,847.391185682168,25.821,,,,150,,,,,,,4354.137,
2566,849.3700965006266,30.734833,,,,,,,,,,,9761.805,
2502,865.3884338795119,28.035166,,,,110,28,[2M+Na]+,,2,2502;2496,421.19954,2832.0889,
1885,865.4862092094198,21.8675,,,,19,,,,,,,3668.584,
1944,867.5016129146032,22.2525,,,,31,,,,,,,3701.7349,
1601,869.4823495976632,20.271,,,,97,,,,,,,4201.5986,
2552,869.6270432246132,30.160833,,,,,,,,,,,2754.377,
679,871.5613649276086,15.4493,,,,105,,,,,,,14535.526,
629,891.3823438897709,15.0651,,,,58,,,,,,,13179.708,
1937,899.5067226784687,22.209,,,,31,,,,,,,3183.3687,
967,927.5517319604086,16.899834,,,,88,,,,,,,16761.002,
2538,949.5107996857244,29.675167,,,,,,,,,,,6198.4067,
1917,969.5615690337777,22.033167,,,,132,,,,,,,5409.5664,
1992,1043.5513746616903,22.7125,,,,72,,,,,,,16502.977,
