ID	inchi_gnps	cg	inchi_sirius	cs	inchi_isdb	ci	tgs	tgi	tsi	k	ranking by k
82	InChI=1S/C31H43N3O8/c1-8-12-33-26-21-13-17(2)14-25(41-7)27(36)19(4)15-20(5)29(42-31(32)39)24(40-6)11-9-10-18(3)30(38)34-22(28(21)37)16-23(26)35/h8-11,15-17,19,24-25,27,29,33,36H,1,12-14H2,2-7H3,(H2,32,39)(H,34,38)	0.0674639	InChI=1S/C32H43NO9/c1-6-33-14-30(15-38-2)18(34)12-19(39-3)32-17-13-31(37)27(42-29(36)16-10-8-7-9-11-16)20(17)21(23(35)28(31)41-5)22(26(32)33)24(40-4)25(30)32/h7-11,17-22,24-28,34,37H,6,12-15H2,1-5H3	0.06	InChI=1S/C28H43NO12/c1-13(2)5-6-14-9-16(25(29)36)10-15(7-8-28(3,4)37)23(14)40-27-24(19(32)17(31)12-38-27)41-26-22(35)21(34)20(33)18(11-30)39-26/h5,9-10,17-22,24,26-27,30-35,37H,6-8,11-12H2,1-4H3,(H2,29,36)	0.1386184632229445	0.13533834586466165	0.13533834586466165	0.1111111111111111	-4.502087920971319	1
62	InChI=1S/C13H16O2/c1-9(2)4-5-12-8-11(10(3)14)6-7-13(12)15/h4,6-8,15H,5H2,1-3H3	0.0910176	InChI=1S/C12H16N2O/c1-15-8-7-13-9-10-3-2-4-12-11(10)5-6-14-12/h2-6,13-14H,7-9H2,1H3	0.045	InChI=1S/C12H16N2O/c1-14(2)8-9-7-13-12-5-4-10(15-3)6-11(9)12/h4-7,13H,8H2,1-3H3	0.20825816008060355	0.125	0.125	0.24528301886792453	-4.217001299899246	2
63	InChI=1S/C19H37NO3/c1-2-3-4-5-6-7-8-9-10-11-12-13-14-15-16-18(21)20-17-19(22)23/h2-17H2,1H3,(H,20,21)(H,22,23)	0.0974997	InChI=1S/C19H37NO3/c1-2-3-4-5-6-7-8-9-10-11-12-13-14-15-19(23)18(16-21)20-17-22/h14-15,17-19,21,23H,2-13,16H2,1H3,(H,20,22)	0.138	InChI=1S/C15H33N7O/c16-12(8-7-11-22-15(19)20)13(23)9-5-3-1-2-4-6-10-21-14(17)18/h12H,1-11,16H2,(H4,17,18,21)(H4,19,20,22)	0.32158916288341816	0.21739130434782608	0.21739130434782608	0.08771929824561403	-3.7780165463957274	3
91	InChI=1S/C26H34O6/c1-13-12-16-23(5,26(21(30)31-7)19(28)14(2)18(27)24(13,26)6)10-8-15-22(3,4)17-9-11-25(15,16)20(29)32-17/h12,15-17,28H,8-11H2,1-7H3	0.129906	InChI=1S/C23H32N2O9/c1-6-7-8-14-19(34-21(28)12(2)3)13(4)33-23(30)15(11-32-22(14)29)25-20(27)17-18(26)16(31-5)9-10-24-17/h9-10,12-15,19,26H,6-8,11H2,1-5H3,(H,25,27)	0.271	InChI=1S/C28H32O7/c1-14(20-19(33-8)13-18(32-7)16-9-11-27(3,4)34-25(16)20)21-23(30)17-10-12-28(5,6)35-26(17)22(15(2)29)24(21)31/h9-14,30-31H,1-8H3	0.1239487717987602	0.1619047619047619	0.1619047619047619	0.17708333333333334	-3.36850403525155	4
92	InChI=1S/C32H36N4O3/c1-6-31(4,5)27-21(20-11-7-8-13-23(20)33-27)16-24-29(38)36-25(28(37)34-24)17-32(39)22-12-9-10-19(15-14-18(2)3)26(22)35-30(32)36/h6-14,24-25,30,33,35,39H,1,15-17H2,2-5H3,(H,34,37)/t24-,25-,30+,32-/m0/s1	0.2066909999999999	InChI=1S/C27H36N6O5/c1-26(2,3)36-24(34)31-11-9-17(10-12-31)23-29-22(30-38-23)18-7-8-19-14-28-33(21(19)13-18)20-15-32(16-20)25(35)37-27(4,5)6/h7-8,13-14,17,20H,9-12,15-16H2,1-6H3	0.01	InChI=1S/C30H40N2O6/c1-22(20-28(34)31-19-11-7-10-14-27(33)32-21-29(35)36)15-16-23(2)30(38-5)24(3)26(37-4)18-17-25-12-8-6-9-13-25/h6,8-20,23-24,26,30H,7,21H2,1-5H3,(H,31,34)(H,32,33)(H,35,36)	0.1832286924204764	0.09836065573770492	0.09836065573770492	0.09259259259259259	-3.1790541344744057	5
26	InChI=1S/C12H19N2O2.CH4O4S/c1-13(2)12(15)16-11-8-6-7-10(9-11)14(3,4)5;1-5-6(2,3)4/h6-9H,1-5H3;1H3,(H,2,3,4)/q+1;/p-1	0.167677	InChI=1S/C13H18O3/c1-9-7-11(15)8-12(3,4)13(9,16)6-5-10(2)14/h5-7,16H,8H2,1-4H3	0.093	InChI=1S/C13H18O3/c1-9(14)4-5-11-12(2)6-10(15)7-13(11,3)16-8-12/h4-5,11H,6-8H2,1-3H3	0.36933985451702706	0.09375	0.09375	0.3	-3.1290551818537162	6
3	InChI=1S/C19H36O4/c1-3-4-5-6-7-8-9-10-11-12-13-14-19(23-17(2)21)15-18(22)16-20/h3,18-20,22H,1,4-16H2,2H3	0.216022	InChI=1S/C23H39NO/c1-15(25)19-8-9-20-18-7-6-16-14-17(24(4)5)10-12-22(16,2)21(18)11-13-23(19,20)3/h16-21H,6-14H2,1-5H3	0.034	InChI=1S/C23H39NO/c1-15(24(4)5)19-8-9-20-18-7-6-16-14-17(25)10-12-22(16,2)21(18)11-13-23(19,20)3/h6,15,17-21,25H,7-14H2,1-5H3	0.24193567070348845	0.07246376811594203	0.07246376811594203	0.2537313432835821	-2.9523604116206394	7
5	InChI=1S/C12H19N3O/c1-9(2)15-12(16)11-6-4-10(5-7-11)8-14-13-3/h4-7,9,13-14H,8H2,1-3H3,(H,15,16)	0.214653	InChI=1S/C12H19N3O/c1-8-12(10-3-4-11(13)7-10)9(2)15(14-8)5-6-16/h3-4,10-11,16H,5-7,13H2,1-2H3	0.031	InChI=1S/C13H19NO2/c1-4-13(16)9-12-7-5-6-11(14(12)3)8-10(2)15/h4-5,7,11-12H,1,6,8-9H2,2-3H3	0.26927592890667384	0.08333333333333333	0.08333333333333333	0.16666666666666666	-2.939375088866657	8
6	InChI=1S/C12H11N7/c13-9-7(6-4-2-1-3-5-6)16-8-10(14)18-12(15)19-11(8)17-9/h1-5H,(H6,13,14,15,17,18,19)	0.227192	InChI=1S/C15H15N3O/c1-15(2)10-18(13-8-4-3-6-11(13)15)14-12(17-19)7-5-9-16-14/h3-9H,10H2,1-2H3	0.051	InChI=1S/C13H19NO4/c1-8-11(16)13(18-12(8)17)6-2-3-7-14-9(13)4-5-10(14)15/h8-9,11,16H,2-7H2,1H3	0.2754198862047222	0.1111111111111111	0.1111111111111111	0.11940298507462686	-2.756305142244097	9
93	InChI=1S/C35H58O9/c1-19(2)32-24(7)27(36)18-35(40,44-32)26(9)31(38)25(8)33-28(41-10)14-12-13-20(3)15-22(5)30(37)23(6)16-21(4)17-29(42-11)34(39)43-33/h12-14,16-17,19,22-28,30-33,36-38,40H,15,18H2,1-11H3/b14-12+,20-13+,21-16+,29-17-/t22-,23+,24-,25-,26-,27+,28-,30-,31+,32+,33+,35+/m0/s1	0.15306	InChI=1S/C41H48N4O3/c1-4-37-13-8-17-44-19-16-39(35(37)44)28-21-25-20-26-24-45-18-9-14-38(5-2)23-29(34(46)47-3)41(48-32(25)22-31(28)42-33(39)12-15-37)40(26,36(38)45)27-10-6-7-11-30(27)43-41/h6-8,10-13,21-22,26,29,35-36,42-43H,4-5,9,14-20,23-24H2,1-3H3	0.367	InChI=1S/C32H48N6O8/c1-16(2)23(15-39)37(9)24(41)14-36(8)31(45)22-13-11-19(6)38(22)32(46)26(17(3)4)34-30(44)27(20(7)40)35-29(43)21-12-10-18(5)28(42)25(21)33/h10,12,15-16,19-20,22-23,26-27,40,42H,3,11,13-14,33H2,1-2,4-9H3,(H,34,44)(H,35,43)	0.2799964785235521	0.09395973154362416	0.09395973154362416	0.06875	-2.7019044018455602	10
24	InChI=1S/C22H23N5O2/c1-4-21(2,3)22-10-17-18(28)25-16(9-13-11-23-12-24-13)19(29)27(17)20(22)26-15-8-6-5-7-14(15)22/h4-9,11-12,17,20,26H,1,10H2,2-3H3,(H,23,24)(H,25,28)/b16-9-/t17-,20-,22+/m0/s1	0.219452	InChI=1S/C23H23N3O3/c1-2-8-21(27)26(17-20-12-7-14-29-20)22(19-11-6-13-24-16-19)23(28)25-15-18-9-4-3-5-10-18/h2-14,16,22H,15,17H2,1H3,(H,25,28)	0.246	InChI=1S/C23H23N3O3/c1-25-14-18(19-13-24-15-26(19)2)20(22(25)27)21(16-9-5-3-6-10-16)29-23(28)17-11-7-4-8-12-17/h3-13,15,18,20-21H,14H2,1-2H3	0.2687751367552857	0.1111111111111111	0.1111111111111111	0.18888888888888888	-2.354511079055893	11
31	InChI=1S/C34H35N5O5/c1-43-23-9-6-8-22(20-23)31-30-26(24-10-2-4-12-27(24)36-30)21-29-33(41)39(34(42)38(29)31)28-13-5-3-11-25(28)32(40)35-14-7-15-37-16-18-44-19-17-37/h2-6,8-13,20,29,31,36H,7,14-19,21H2,1H3,(H,35,40)/t29-,31?/m0/s1	0.252023	InChI=1S/C29H39NO12/c1-39-27(38)21-15-40-28(42-29-25(35)24(34)23(33)22(14-32)41-29)20(11-16-4-2-3-5-16)19(21)7-6-17-10-18(26(36)37)13-30(12-17)8-9-31/h6-7,10-11,13,15,19-20,22-25,28-29,31-35H,2-5,8-9,12,14H2,1H3,(H,36,37)	0.309	InChI=1S/C31H39N5O5S/c1-17(2)30(29(39)36-23(10-12-42-4)28(38)35-11-6-9-25(35)31(36,40)41-30)33-27(37)19-13-21-20-7-5-8-22-26(20)18(15-32-22)14-24(21)34(3)16-19/h5,7-8,13,15,17,19,23-25,32,40H,6,9-12,14,16H2,1-4H3,(H,33,37)	0.15103369396755845	0.09859154929577464	0.09859154929577464	0.10884353741496598	-2.018477882540552	12
10	InChI=1S/C32H54O4/c1-20(33)35-28(4,5)26-15-19-32(9,36-26)22-12-17-30(7)21(22)10-11-24-29(6)16-14-25(34)27(2,3)23(29)13-18-31(24,30)8/h21-26,34H,10-19H2,1-9H3/t21-,22+,23?,24-,25+,26-,29+,30-,31-,32+/m1/s1	0.3062809999999999	InChI=1S/C30H50N2O4/c1-17(2)15-26(34)31-24-12-14-29(5)21-11-13-30(6)23(20(21)9-10-22(29)28(24)35)16-25(36-19(4)33)27(30)18(3)32(7)8/h15,18,20-25,27-28,35H,9-14,16H2,1-8H3,(H,31,34)	0.038	InChI=1S/C31H50O5/c1-17-15-18-23(26(4,5)33)36-31(35-18)22(17)27(6)13-14-30-16-29(30)12-11-21(32)25(2,3)19(29)9-10-20(30)28(27,7)24(31)34-8/h17-24,32-33H,9-16H2,1-8H3	0.27371035782630165	0.2087912087912088	0.2087912087912088	0.11650485436893204	-2.000052052717124	13
61	InChI=1S/C30H47NO4S/c1-7-28(4)16-24(35-25(33)17-36-22-14-20-8-9-21(15-22)31(20)6)29(5)18(2)10-12-30(19(3)27(28)34)13-11-23(32)26(29)30/h7,18-22,24,26-27,34H,1,8-17H2,2-6H3/t18-,19-,20-,21+,22-,24+,26-,27-,28-,29-,30-/m0/s1	0.294486	InChI=1S/C30H47NO6/c1-17-26(31-18(2)32)23(33-5)15-25(35-17)36-20-8-11-27(3)19(14-20)6-7-22-21(27)9-12-29-16-34-28(4)24(29)10-13-30(22,29)37-28/h17,19-26H,6-16H2,1-5H3,(H,31,32)	0.096	InChI=1S/C30H47NO6/c1-17-27(31)24(34-4)15-26(36-17)37-20-7-10-28(2)19(14-20)5-6-23-22(28)8-11-29(3)21(9-12-30(23,29)33)18-13-25(32)35-16-18/h13,17,19-24,26-27,33H,5-12,14-16,31H2,1-4H3	0.2922359072989423	0.09322033898305085	0.09322033898305085	0.4105263157894737	-1.949845115876322	14
90	InChI=1S/C13H18O2/c1-9(2)8-11-4-6-12(7-5-11)10(3)13(14)15/h4-7,9-10H,8H2,1-3H3,(H,14,15)/t10-/m0/s1	0.254565	InChI=1S/C13H18O2/c1-9-7-11(15)8-13(3,4)12(9)6-5-10(2)14/h5,7,10,14H,8H2,1-4H3	0.235	InChI=1S/C13H18O2/c1-8-12(15)5-4-11-6-10(9(2)14)7-13(8,11)3/h4,7-8,12,15H,5-6H2,1-3H3	0.3920976367159013	0.13725490196078433	0.13725490196078433	0.15789473684210525	-1.8767279541051236	15
18	InChI=1S/C22H36O2/c1-2-3-4-5-6-7-8-9-10-11-12-13-14-15-16-17-18-19-20-21-22(23)24/h6-7,9-10,12-13,15-16H,2-5,8,11,14,17-21H2,1H3,(H,23,24)/b7-6-,10-9-,13-12-,16-15-	0.147771	InChI=1S/C21H34N2/c1-13-17-5-6-19-16-4-3-14-11-15(22)7-9-20(14,2)18(16)8-10-21(17,19)12-23-13/h3,13,15-19,23H,4-12,22H2,1-2H3	0.486	InChI=1S/C22H34O/c1-5-15-7-9-19-18-8-6-16-14-17(23-4)10-12-22(16,3)20(18)11-13-21(15,19)2/h5-6,15,17-20H,1,7-14H2,2-4H3	0.31971583693298333	0.029850746268656716	0.029850746268656716	0.38095238095238093	-1.7626452038337712	16
33	InChI=1S/C20H35N3/c1-3-9-21-18(8-1)20-13-16(12-15-6-5-10-22-19(15)20)17-7-2-4-11-23(17)14-20/h15-19,21-22H,1-14H2/t15-,16+,17+,18+,19+,20+/m0/s1	0.276397	InChI=1S/C21H35NO/c1-15(2)16-6-8-18-17(12-16)7-9-19-20(3,13-22-14-23)10-5-11-21(18,19)4/h15-19H,5-13H2,1-4H3	0.241	InChI=1S/C21H35NO/c1-13(22)17-6-7-18-16-5-4-14-12-15(23)8-10-20(14,2)19(16)9-11-21(17,18)3/h4,13,15-19,23H,5-12,22H2,1-3H3	0.43366257023271926	0.09333333333333334	0.09333333333333334	0.1643835616438356	-1.4652171488364036	17
2	InChI=1S/C20H26N2O/c1-3-13-8-12-9-17-19-16(6-7-22(11-12)20(13)17)15-5-4-14(23-2)10-18(15)21-19/h4-5,10,12-13,17,20-21H,3,6-9,11H2,1-2H3/t12-,13-,17-,20?/m0/s1	0.37547705	InChI=1S/C21H37N/c1-16-7-2-3-9-18(16)15-22-14-6-11-20-19-10-5-4-8-17(19)12-13-21(20)22/h16-21H,2-15H2,1H3	0.03	InChI=1S/C21H37N/c1-3-4-5-6-7-8-9-10-11-12-13-14-15-18-21-19-16-17-20(2)22-21/h16-17,19H,3-15,18H2,1-2H3	0.17272434319742574	0.09090909090909091	0.09090909090909091	0.03508771929824561	-1.4543240710032181	18
43	InChI=1S/C20H34O/c1-15(11-14-21)7-9-17-16(2)8-10-18-19(3,4)12-6-13-20(17,18)5/h11,17-18,21H,2,6-10,12-14H2,1,3-5H3/b15-11-	0.330812	InChI=1S/C22H37NO/c1-14-18-6-7-20-17-5-4-15-12-16(24)8-10-21(15,2)19(17)9-11-22(18,20)13-23(14)3/h14-20,24H,4-13H2,1-3H3	0.209	InChI=1S/C22H37NO/c1-14(23-4)18-7-8-19-17-6-5-15-13-16(24)9-11-21(15,2)20(17)10-12-22(18,19)3/h5,14,16-20,23-24H,6-13H2,1-4H3	0.3896186392357564	0.1232876712328767	0.1232876712328767	0.2647058823529412	-1.1823567009553049	19
27	InChI=1S/C20H26N2O/c1-3-13-8-12-9-17-19-16(6-7-22(11-12)20(13)17)15-5-4-14(23-2)10-18(15)21-19/h4-5,10,12-13,17,20-21H,3,6-9,11H2,1-2H3/t12-,13-,17-,20?/m0/s1	0.40049434999999994	InChI=1S/C21H37N/c1-16-7-2-3-9-18(16)15-22-14-6-11-20-19-10-5-4-8-17(19)12-13-21(20)22/h16-21H,2-15H2,1H3	0.035	InChI=1S/C21H37N/c1-3-4-5-6-7-8-9-10-11-12-13-14-15-18-21-19-16-17-20(2)22-21/h16-17,19H,3-15,18H2,1-2H3	0.17986760928686565	0.09090909090909091	0.09090909090909091	0.03508771929824561	-1.1678914883914198	20
39	InChI=1S/C21H35NO/c1-3-4-5-6-7-8-12-15-19-17-21(23)20(22(19)2)16-18-13-10-9-11-14-18/h9-11,13-14,19-21,23H,3-8,12,15-17H2,1-2H3	0.3372989999999999	InChI=1S/C21H35NO/c1-3-4-5-6-7-8-9-10-11-12-13-14-15-16-17-18-19-20-21(23)22-2/h7-8,10-11,13-14,16-17H,3-6,9,12,15,18-20H2,1-2H3,(H,22,23)	0.11	InChI=1S/C21H35NO/c1-13(22)17-6-7-18-16-5-4-14-12-15(23)8-10-20(14,2)19(16)9-11-21(17,18)3/h4,13,15-19,23H,5-12,22H2,1-3H3	0.47650019302884933	0.18181818181818182	0.18181818181818182	0.06060606060606061	-0.9695090348557547	21
94	InChI=1S/C36H56O10/c1-31(2)13-15-36(30(43)44)16-14-34(5)19(20(36)17-31)7-8-22-32(3)11-10-23(33(4,18-37)21(32)9-12-35(22,34)6)45-29-26(40)24(38)25(39)27(46-29)28(41)42/h7,20-27,29,37-40H,8-18H2,1-6H3,(H,41,42)(H,43,44)/t20?,21?,22?,23-,24-,25-,26+,27-,29+,32-,33?,34+,35+,36-/m0/s1	0.374904	InChI=1S/C41H50N4O3/c1-6-23-14-22-15-32-38-26(12-13-45(20-22)40(23)32)28-19-36(47-4)29(17-34(28)43-38)30-16-27-24(7-2)21-44(3)35(37(27)41(46)48-5)18-31-25-10-8-9-11-33(25)42-39(30)31/h7-11,17,19,22-23,27,30,32,35,37,40,42-43H,6,12-16,18,20-21H2,1-5H3	0.2	InChI=1S/C41H50N4O3/c1-6-23-21-43(3)32-20-28-25-10-8-9-11-30(25)42-36(28)27(19-26(23)35(32)38(46)47-5)24-12-13-31-29(18-24)41-16-17-45-22-33-37(48-33)40(7-2,39(41)45)15-14-34(41)44(31)4/h6,8-13,18,26-27,32-35,37,39,42H,7,14-17,19-22H2,1-5H3	0.23082419962842943	0.09859154929577464	0.09859154929577464	0.4838709677419355	-0.9624297504644632	22
50	InChI=1S/C16H19NO2/c1-10(2)9-19-11-6-7-14-13(8-11)12-4-3-5-15(18)16(12)17-14/h6-8,10,17H,3-5,9H2,1-2H3	0.372656	InChI=1S/C16H19NO2/c1-2-10-4-5-17-8-11-6-14-15(19-9-18-14)7-13(11)12(3-1)16(10)17/h6-7,10,12,16H,1-5,8-9H2	0.252	InChI=1S/C16H19NO2/c1-10-4-2-6-12-14(10)16(18)15-11-5-3-8-17(11)9-7-13(15)19-12/h2,4,6,11,13,15H,3,5,7-9H2,1H3	0.3289127664461342	0.0684931506849315	0.0684931506849315	0.203125	-0.7322990419423321	23
96	InChI=1S/C38H62O12/c1-18-7-12-38(47-15-18)19(2)28-26(50-38)14-24-22-6-5-20-13-21(8-10-36(20,3)23(22)9-11-37(24,28)4)48-35-33(44)31(42)30(41)27(49-35)17-46-34-32(43)29(40)25(39)16-45-34/h18-35,39-44H,5-17H2,1-4H3/t18?,19?,20?,21-,22?,23?,24?,25+,26?,27+,28?,29-,30-,31-,32+,33+,34-,35+,36-,37-,38?/m0/s1	0.407566	InChI=1S/C45H56N4O5/c1-9-53-45(3)35(28-17-41-43-30(18-38(47(41)5)34(28)23-54-45)26-12-10-11-13-36(26)48(43)6)15-25-14-29-31-19-37-33-22-52-21-32(24(2)50)27(33)16-40(46(37)4)44(31)49(7)39(29)20-42(25)51-8/h10-14,20-21,27-28,33-35,37-38,40-41H,9,15-19,22-23H2,1-8H3	0.065	InChI=1S/C41H64O11/c1-28-18-15-13-11-9-7-5-6-8-10-12-14-16-19-34(44)24-38-30(3)37(47)27-41(50,52-38)26-36(46)23-33(43)21-17-20-32(42)22-35(45)25-39(48)51-31(4)29(2)40(28)49/h5-16,18-19,28-38,40,42-47,49-50H,17,20-27H2,1-4H3	0.31198956689081203	0.10869565217391304	0.10869565217391304	0.12096774193548387	-0.6448730413864847	24
16	InChI=1S/C23H28N2O6/c1-12-14-10-25-8-7-23(18(25)9-13(14)15(11-31-12)21(26)30-4)16-5-6-17(28-2)20(29-3)19(16)24-22(23)27/h5-6,11-14,18H,7-10H2,1-4H3,(H,24,27)/t12-,13-,14-,18+,23+/m0/s1	0.3480633	InChI=1S/C24H32N2O5/c1-29-17-8-9-19(21(14-17)30-2)23-20-7-3-4-10-24(20,28)11-12-26(23)16-22(27)25-15-18-6-5-13-31-18/h5-6,8-9,13-14,20,23,28H,3-4,7,10-12,15-16H2,1-2H3,(H,25,27)	0.389	InChI=1S/C24H32N2O5/c1-29-21-7-6-15(11-22(21)30-2)24(28)31-18-8-9-25-13-16-10-17(20(25)12-18)14-26-19(16)4-3-5-23(26)27/h6-7,11,16-20H,3-5,8-10,12-14H2,1-2H3	0.36081014288959895	0.1743119266055046	0.1743119266055046	0.1782178217821782	-0.5958543213880012	25
15	InChI=1S/C27H29NO4/c1-4-8-19-11-13-20(14-12-19)32-16-15-28-18(3)25(27(30)31-5-2)23-17-24(29)21-9-6-7-10-22(21)26(23)28/h6-7,9-14,17,29H,4-5,8,15-16H2,1-3H3	0.369177	InChI=1S/C24H26N6O2/c1-2-5-20-19(4-1)18(15-26-20)16-30-9-3-6-21(30)24-27-23(28-32-24)17-7-8-25-22(14-17)29-10-12-31-13-11-29/h1-2,4-5,7-8,14-15,21,26H,3,6,9-13,16H2	0.072	InChI=1S/C23H30N2O6/c1-30-22-19(26)8-13(9-20(22)27)23(29)31-16-5-6-24-11-14-7-15(18(24)10-16)12-25-17(14)3-2-4-21(25)28/h8-9,14-18,26-27H,2-7,10-12H2,1H3	0.5110432959387353	0.11428571428571428	0.11428571428571428	0.12380952380952381	-0.5730135203063236	26
77	InChI=1S/C19H16O4/c20-16-7-1-14(2-8-16)5-11-18(22)13-19(23)12-6-15-3-9-17(21)10-4-15/h1-12,20-21H,13H2	0.405785	InChI=1S/C11H12N6O5/c18-1-4-6(19)7(20)10(22-4)16-3-13-5-8(16)15-11-12-2-14-17(11)9(5)21/h2-4,6-7,10,18-20H,1H2,(H,12,14,15)	0.125	InChI=1S/C18H12O5/c1-2-19-13-5-14-11(3-9(1)13)18-12(7-20-14)10-4-16-17(22-8-21-16)6-15(10)23-18/h1-6,12,18H,7-8H2	0.3481196650191281	0.078125	0.078125	0.06097560975609756	-0.5209504187260892	27
4	InChI=1S/C20H27NO3/c1-8-3-19-6-10-15-18(2)4-9(22)5-20(15)16(19)14(24)11(8)13(23)12(19)17(20)21(10)7-18/h9-17,22-24H,1,3-7H2,2H3	0.407734275	InChI=1S/C22H35NO/c1-14(24)18-7-8-19-17-6-5-15-13-16(23-4)9-11-21(15,2)20(17)10-12-22(18,19)3/h5,7,14,16-17,19-20,23-24H,6,8-13H2,1-4H3	0.171	InChI=1S/C22H35NO/c1-14(23-4)18-7-8-19-17-6-5-15-13-16(24)9-11-21(15,2)20(17)10-12-22(18,19)3/h13-14,17-20,23H,5-12H2,1-4H3	0.30812161396646975	0.08641975308641975	0.08641975308641975	0.29411764705882354	-0.3779769825419141	28
73	InChI=1S/C19H39NO2/c1-3-4-5-6-7-8-9-10-11-12-13-14-15-16-19(22)20-18(2)17-21/h18,21H,3-17H2,1-2H3,(H,20,22)/t18-/m1/s1	0.24992662499999999	InChI=1S/C18H35NO3/c1-2-3-4-5-6-7-8-9-10-11-12-16(21)13-14-18(22)17(19)15-20/h16-18,20-22H,2-12,15,19H2,1H3	0.554	InChI=1S/C18H35NO3/c1-2-3-6-10-16(21)11-8-5-4-7-9-15-12-13-18(22)17(14-20)19-15/h15,17-20,22H,2-14H2,1H3	0.2736310288084152	0.2926829268292683	0.2926829268292683	0.18181818181818182	-0.11869496398948026	29
46	InChI=1S/C29H31N5O3.ClH/c1-19-17-23(28-30-20(2)37-32-28)9-11-25(19)21-5-7-22(8-6-21)29(35)31-24-10-12-27(36-4)26(18-24)34-15-13-33(3)14-16-34;/h5-12,17-18H,13-16H2,1-4H3,(H,31,35);1H	0.27289224999999995	InChI=1S/C30H42N4O2/c1-31-17-11-21-33(29(35)23-27(31)25-13-5-3-6-14-25)19-9-10-20-34-22-12-18-32(2)28(24-30(34)36)26-15-7-4-8-16-26/h3-8,13-16,27-28H,9-12,17-24H2,1-2H3	0.127	InChI=1S/C30H42N4O2/c1-31-17-11-21-33(29(35)23-27(31)25-13-5-3-6-14-25)19-9-10-20-34-22-12-18-32(2)28(24-30(34)36)26-15-7-4-8-16-26/h3-8,13-16,27-28H,9-12,17-24H2,1-2H3	0.20269220495211318	0.12790697674418605	0.12790697674418605	1.0	0.007548057208756731	30
70	InChI=1S/C13H15NO2/c15-12-7-9-4-5-10-8-13(9,16-12)11-3-1-2-6-14(10)11/h4-5,7,10-11H,1-3,6,8H2/t10-,11-,13?/m1/s1	0.33468	InChI=1S/C13H15NO2/c15-8-10-7-9-3-1-5-14-6-2-4-11(12(9)14)13(10)16/h7-8,16H,1-6H2	0.471	InChI=1S/C13H15NO2/c1-9(8-15)2-3-10-4-5-11-7-13(16)14-12(11)6-10/h2,4-6,15H,3,7-8H2,1H3,(H,14,16)	0.4156456008260325	0.1111111111111111	0.1111111111111111	0.15254237288135594	0.13502800413016258	31
42	InChI=1S/C17H30O4/c1-3-4-5-6-7-8-9-10-11-12-14-15(16(18)19)13(2)17(20)21-14/h13-15H,3-12H2,1-2H3,(H,18,19)/t13?,14?,15-/m1/s1	0.19384	InChI=1S/C21H33NO/c1-13(23)17-6-7-18-16-5-4-14-12-15(22)8-10-20(14,2)19(16)9-11-21(17,18)3/h4,15-19H,5-12,22H2,1-3H3	0.165	InChI=1S/C21H33NO/c1-13(23)17-6-7-18-16-5-4-14-12-15(22)8-10-20(14,2)19(16)9-11-21(17,18)3/h4,15-19H,5-12,22H2,1-3H3	0.27688225766169666	0.08823529411764706	0.08823529411764706	1.0	0.1560357974902682	32
30	InChI=1S/C9H19NO4/c1-9(2,6-12)7(13)8(14)10-4-3-5-11/h7,11-13H,3-6H2,1-2H3,(H,10,14)/t7-/m0/s1	0.276916	InChI=1S/C10H15N5/c1-7(2)3-4-11-9-8-10(13-5-12-8)15-6-14-9/h5-7H,3-4H2,1-2H3,(H2,11,12,13,14,15)	0.429	InChI=1S/C10H15N5/c1-6(2)7(3)15-5-14-9(11)8-10(15)13-4-12-8/h4-7H,11H2,1-3H3	0.6100519918365715	0.07272727272727272	0.07272727272727272	0.21568627450980393	0.15967991836571516	33
44	InChI=1S/C20H27NO3/c1-9-10-6-11-14-18-5-3-4-17(2)8-21(14)20(24,16(17)18)7-19(11,15(9)23)13(18)12(10)22/h10-16,22-24H,1,3-8H2,2H3/t10-,11+,12+,13+,14-,15-,16-,17+,18+,19-,20+/m1/s1	0.42296864999999995	InChI=1S/C22H35NO/c1-14(23-4)15-9-11-21(2)16(13-15)5-6-17-18-7-8-20(24)22(18,3)12-10-19(17)21/h5,14-15,17-19,23H,6-13H2,1-4H3	0.136	InChI=1S/C22H35NO/c1-5-17-20(24)13-19-16-7-6-14-12-15(23-4)8-10-21(14,2)18(16)9-11-22(17,19)3/h6,15-19,23H,5,7-13H2,1-4H3	0.3451271543668355	0.0975609756097561	0.0975609756097561	0.43548387096774194	0.19015494295854318	34
14	InChI=1S/C21H30O4/c1-19-9-12(11-22)16(23)8-13(19)4-5-14-15-6-7-21(3,25)20(15,2)10-17(24)18(14)19/h8-9,14-15,17-18,22,24-25H,4-7,10-11H2,1-3H3/t14?,15?,17-,18?,19?,20?,21+/m0/s1	0.34221	InChI=1S/C22H26N4/c1-25-13-11-22-16-8-4-5-9-17(16)23-19(25)21(22)12-14-26(2)20(22)24-18-10-6-3-7-15(18)21/h3-10,19-20,23-24H,11-14H2,1-2H3	0.498	InChI=1S/C22H26N4/c1-23-13-11-16-15-26(20-10-6-3-7-17(16)20)22-12-14-25(2)21(22)24-19-9-5-4-8-18(19)22/h3-10,15,21,23-24H,11-14H2,1-2H3	0.23841052121316803	0.09859154929577464	0.09859154929577464	0.45454545454545453	0.2001131515164608	35
88	InChI=1S/C24H27NO3/c1-13-11-20(28-5)23-17(7-6-8-19(23)27-4)21(13)18-10-9-16-12-14(2)25-15(3)22(16)24(18)26/h6-11,14-15,25-26H,12H2,1-5H3/t14-,15-/m1/s1	0.34524	InChI=1S/C24H27NO3/c1-13-11-20(27-4)23-17(7-6-8-19(23)26)21(13)18-10-9-16-12-14(2)25-15(3)22(16)24(18)28-5/h6-11,14-15,25-26H,12H2,1-5H3	0.198	InChI=1S/C20H27NO6/c1-21-8-7-19-9-13(23)16(26-3)18(24)20(19,21)10-12(22)11-5-6-14(25-2)17(27-4)15(11)19/h5-6,12-13,16,22-23H,7-10H2,1-4H3	0.26081710678041803	0.7413793103448276	0.7413793103448276	0.1724137931034483	0.7278917801743394	36
67	InChI=1S/C21H23N3O2/c22-12-1-2-15-14(7-12)21-4-5-23-10-11-3-6-26-16-9-18(25)24(15)20(21)19(16)13(11)8-17(21)23/h1-3,7,13,16-17,19-20H,4-6,8-10,22H2	0.311142	InChI=1S/C22H23NO3/c1-25-21-10-18-16-8-13-4-3-7-23(13)12-20(16)15-6-5-14(24)9-17(15)19(18)11-22(21)26-2/h5-6,9-11,13,24H,3-4,7-8,12H2,1-2H3	0.395	InChI=1S/C22H23NO3/c1-25-14-5-6-15-16-8-13-4-3-7-23(13)12-20(16)19-11-22(26-2)21(24)10-18(19)17(15)9-14/h5-6,9-11,13,24H,3-4,7-8,12H2,1-2H3	0.24152507861293596	0.1511627906976744	0.1511627906976744	0.7450980392156863	0.9902600359399358	37
57	InChI=1S/C15H24N2O/c18-14-7-1-6-13-12-5-3-9-16-8-2-4-11(15(12)16)10-17(13)14/h11-13,15H,1-10H2/t11-,12+,13+,15-/m0/s1	0.279186	InChI=1S/C15H24N2O/c18-15-6-3-5-14-11-8-12(10-17(14)15)13-4-1-2-7-16(13)9-11/h11-14H,1-10H2	0.598	InChI=1S/C15H24N2O/c1-2-3-7-16-9-12-8-13(11-16)14-5-4-6-15(18)17(14)10-12/h2,12-14H,1,3-11H2	0.22110615442455941	0.5365853658536586	0.5365853658536586	0.42857142857142855	1.1268668086626903	38
7	InChI=1S/C24H23N5O/c25-17-24(11-1-2-12-24)19-5-7-20(8-6-19)29-23(30)21-4-3-13-27-22(21)28-16-18-9-14-26-15-10-18/h3-10,13-15H,1-2,11-12,16H2,(H,27,28)(H,29,30)	0.444443025	InChI=1S/C26H29NO4/c1-28-24-13-20(9-10-23(24)31-18-19-7-5-4-6-8-19)16-27-12-11-21-14-25(29-2)26(30-3)15-22(21)17-27/h4-10,13-15H,11-12,16-18H2,1-3H3	0.065	InChI=1S/C26H29NO4/c1-14-10-18-17(8-9-20(28-4)26(18)21(11-14)29-5)25-19-12-15(2)27-16(3)24(19)22(30-6)13-23(25)31-7/h8-11,13,15H,12H2,1-7H3	0.4671051283000777	0.09090909090909091	0.09090909090909091	0.16	1.2757466415003882	39
75	InChI=1S/C15H8O7/c16-6-3-8-12(10(18)4-6)14(20)11-7(13(8)19)1-5(15(21)22)2-9(11)17/h1-4,16-18H,(H,21,22)	0.4031253	InChI=1S/C15H8O6/c16-9-3-1-2-7-11(9)14(19)12-8(13(7)18)4-6(15(20)21)5-10(12)17/h1-5,16-17H,(H,20,21)	0.307	InChI=1S/C16H12O3S/c1-20-12-3-2-4-13-14(9-12)19-16(18)15(13)10-5-7-11(17)8-6-10/h2-9,17H,1H3	0.35012775893394965	0.6857142857142857	0.6857142857142857	0.23636363636363636	1.781960152708869	40
38	InChI=1S/C41H64O14/c1-19-36(47)27(42)14-33(50-19)54-38-21(3)52-34(16-29(38)44)55-37-20(2)51-32(15-28(37)43)53-24-8-10-39(4)23(13-24)6-7-26-25(39)9-11-40(5)35(22-12-31(46)49-18-22)30(45)17-41(26,40)48/h12,19-21,23-30,32-38,42-45,47-48H,6-11,13-18H2,1-5H3	0.396389	InChI=1S/C43H62O14/c1-22(52-24(3)45)28-15-17-43(50)29-13-12-26-18-27(14-16-41(26,4)30(29)19-33(42(28,43)5)56-39(49)25-10-8-7-9-11-25)54-34-20-31(51-6)38(23(2)53-34)57-40-37(48)36(47)35(46)32(21-44)55-40/h7-12,22-23,27-38,40,44,46-48,50H,13-21H2,1-6H3	0.348	InChI=1S/C43H62O14/c1-22(52-24(3)45)28-15-17-43(50)29-13-12-26-18-27(14-16-41(26,4)30(29)19-33(42(28,43)5)56-39(49)25-10-8-7-9-11-25)54-34-20-31(51-6)38(23(2)53-34)57-40-37(48)36(47)35(46)32(21-44)55-40/h7-12,22-23,27-38,40,44,46-48,50H,13-21H2,1-6H3	0.054636206047782895	0.22556390977443608	0.22556390977443608	1.0	2.098409851629703	41
20	InChI=1S/C20H40O3/c1-2-3-4-5-6-7-8-9-10-11-12-13-14-15-16-19(22)17-20(23)18-21/h2,19-23H,1,3-18H2	0.2538849999999999	InChI=1S/C22H36N2/c1-14-18-6-7-20-17-5-4-15-12-16(23-3)8-10-21(15,2)19(17)9-11-22(18,20)13-24-14/h4,14,16-20,23-24H,5-13H2,1-3H3	0.716	InChI=1S/C23H36O/c1-5-15(2)19-8-9-20-18-7-6-16-14-17(24)10-12-22(16,3)21(18)11-13-23(19,20)4/h5-6,15,17-21,24H,1,7-14H2,2-4H3	0.267330551460165	0.0	0.0	0.3582089552238806	2.693013189325206	42
40	InChI=1S/C20H28O3/c1-10-8-12-15(17(10)22)18-20(5,23-18)7-6-13-14(19(13,3)4)9-11(2)16(12)21/h9-10,13-14,17-18,22H,6-8H2,1-5H3/b11-9+/t10-,13-,14+,17-,18?,20+/m0/s1	0.3426501	InChI=1S/C21H33NO/c1-13(23)17-6-7-18-16-5-4-14-12-15(22)8-10-20(14,2)19(16)9-11-21(17,18)3/h4,15-19H,5-12,22H2,1-3H3	0.267	InChI=1S/C21H33NO/c1-13(23)17-6-7-18-16-5-4-14-12-15(22)8-10-20(14,2)19(16)9-11-21(17,18)3/h4,15-19H,5-12,22H2,1-3H3	0.308209068813995	0.20270270270270271	0.20270270270270271	1.0	2.831108778968354	43
45	InChI=1S/C20H34O/c1-15(11-14-21)7-9-17-16(2)8-10-18-19(3,4)12-6-13-20(17,18)5/h11,17-18,21H,2,6-10,12-14H2,1,3-5H3/b15-11-	0.293473	InChI=1S/C22H37NO/c1-14(23-4)18-7-8-19-17-6-5-15-13-16(24)9-11-21(15,2)20(17)10-12-22(18,19)3/h5,14,16-20,23-24H,6-13H2,1-4H3	0.342	InChI=1S/C22H37NO/c1-14(23-4)18-7-8-19-17-6-5-15-13-16(24)9-11-21(15,2)20(17)10-12-22(18,19)3/h5,14,16-20,23-24H,6-13H2,1-4H3	0.3702457242386714	0.13157894736842105	0.13157894736842105	1.0	3.522039772968015	44
69	InChI=1S/C7H6O3/c8-6-4-2-1-3-5(6)7(9)10/h1-4,8H,(H,9,10)	0.552385	InChI=1S/C7H8O4/c1-4(3-6(8)9)5(2)7(10)11/h1-3H2,(H,8,9)(H,10,11)	0.031	InChI=1S/C7H6O3/c8-4-5-3-6(9)1-2-7(5)10/h1-3,8H,4H2	0.345486205068945	0.12903225806451613	0.12903225806451613	0.09090909090909091	5.104757756336182	45
52	InChI=1S/C20H30O2/c1-13(2)14-6-8-16-15(12-14)7-9-17-19(16,3)10-5-11-20(17,4)18(21)22/h7,12-13,16-17H,5-6,8-11H2,1-4H3,(H,21,22)/t16-,17+,19+,20+/m0/s1	0.425295975	InChI=1S/C21H37NO/c1-13(22)17-6-7-18-16-5-4-14-12-15(23)8-10-20(14,2)19(16)9-11-21(17,18)3/h13-19,23H,4-12,22H2,1-3H3	0.357	InChI=1S/C21H37NO/c1-13(22)17-6-7-18-16-5-4-14-12-15(23)8-10-20(14,2)19(16)9-11-21(17,18)3/h13-19,23H,4-12,22H2,1-3H3	0.38663642956256644	0.15942028985507245	0.15942028985507245	1.0	5.867342770631107	46
23	InChI=1S/C33H46O11/c1-11-15(2)27(42-18(5)35)16(3)22-24(36)29-23(25(37)28(22)40-10)26(38)30-32(8,44-29)13-12-19-33(30,9)21(41-17(4)34)14-20(43-19)31(6,7)39/h11,16,19-21,26-27,30,38-39H,12-14H2,1-10H3/b15-11+	0.267151	InChI=1S/C33H42N6O6/c1-20(2)28-33(45)37-25(18-23-13-8-5-9-14-23)31(43)36-24(17-22-11-6-4-7-12-22)30(42)35-21(3)29(41)34-19-27(40)39-16-10-15-26(39)32(44)38-28/h4-9,11-14,20-21,24-26,28H,10,15-19H2,1-3H3,(H,34,41)(H,35,42)(H,36,43)(H,37,45)(H,38,44)	0.845	InChI=1S/C25H46N8O10/c1-8(2)4-14(22(39)40)32-25(41)31-13(5-10-7-29-24(28)30-10)21(38)33-15-16(34)18(36)20(19(37)17(15)35)43-23-12(27)6-11(26)9(3)42-23/h8-20,23,34-37H,4-7,26-27H2,1-3H3,(H,33,38)(H,39,40)(H3,28,29,30)(H2,31,32,41)	0.218147124494062	0.1	0.1	0.09243697478991597	5.906693905617576	47
28	InChI=1S/C16H24O10/c1-5-8(18)2-6-7(14(22)23)4-24-15(10(5)6)26-16-13(21)12(20)11(19)9(3-17)25-16/h4-6,8-13,15-21H,2-3H2,1H3,(H,22,23)	0.246338	InChI=1S/C22H22O7/c1-24-17-6-12(7-18(25-2)21(17)26-3)19-14-8-16-15(28-10-29-16)5-11(14)4-13-9-27-22(23)20(13)19/h5-8,13,19-20H,4,9-10H2,1-3H3	0.661	InChI=1S/C22H22O7/c1-24-18-6-12(7-19(25-2)21(18)26-3)20-13-8-17-16(28-10-29-17)5-11(13)4-14-15(20)9-27-22(14)23/h5-8,14-15,20H,4,9-10H2,1-3H3	0.29317025755798676	0.09302325581395349	0.09302325581395349	0.7037037037037037	6.954821203182073	48
85	InChI=1S/C10H13N5/c1-7(2)3-4-15-6-14-9(11)8-10(15)13-5-12-8/h3,5-6H,4,11H2,1-2H3	0.478009	InChI=1S/C10H13N5/c1-7(2)3-4-15-6-14-10-8(15)9(11)12-5-13-10/h3,5-6H,4H2,1-2H3,(H2,11,12,13)	0.512	InChI=1S/C10H13N5/c1-7(2)3-4-15-6-14-8-9(11)12-5-13-10(8)15/h3,5-6H,4H2,1-2H3,(H2,11,12,13)	0.40044845367205595	0.5714285714285714	0.5714285714285714	0.6097560975609756	7.5008651623586555	49
68	InChI=1S/C18H16O7/c1-22-10-7-12(20)15-14(8-10)25-17(18(24-3)16(15)21)9-4-5-11(19)13(6-9)23-2/h4-8,19-20H,1-3H3	0.444877	InChI=1S/C18H16O7/c1-22-10-7-12(20)15-14(8-10)25-17(18(24-3)16(15)21)9-4-5-11(19)13(6-9)23-2/h4-8,19-20H,1-3H3	0.331	InChI=1S/C18H16O7/c1-22-11-5-4-9(6-13(11)23-2)12-7-10(19)16-14(25-12)8-15(24-3)17(20)18(16)21/h4-8,20-21H,1-3H3	0.2833870290967546	1.0	1.0	0.40350877192982454	7.852907614308684	50
17	InChI=1S/C14H9NO2/c1-8-6-7-15-12-11(8)13(16)9-4-2-3-5-10(9)14(12)17/h2-7H,1H3	0.573609	InChI=1S/C14H9NO2/c15-11-7-3-6-10-12(11)14(17)9-5-2-1-4-8(9)13(10)16/h1-7H,15H2	0.443	InChI=1S/C14H9NO2/c1-2-4-12-10(3-1)11-6-14-13(16-8-17-14)5-9(11)7-15-12/h1-7H,8H2	0.4974877421033536	0.4	0.4	0.10869565217391304	7.861798710516771	51
56	*	0.06955750000000001	InChI=1S/C15H10O6/c16-8-3-1-7(2-4-8)15-14(20)13(19)12-10(18)5-9(17)6-11(12)21-15/h1-6,16-18,20H	0.799	InChI=1S/C15H10O6/c16-8-3-1-7(2-4-8)12-14(19)13-10(18)5-9(17)6-11(13)21-15(12)20/h1-6,16-18,20H	0.4533745300060222	0.25	0.25	0.6410256410256411	9.374535445405282	52
74	InChI=1S/C37H40N4O4/c1-4-22-19-40(2)33-18-29-26-10-6-8-12-32(26)39-36(29)30(17-28(22)34(33)37(44)45-3)35-27(25-9-5-7-11-31(25)38-35)15-16-41-23(20-42)13-14-24(41)21-43/h4-14,20,28,30,33-34,38-39,43H,15-19,21H2,1-3H3/b22-4-/t28-,30-,33?,34+/m1/s1	0.644309	InChI=1S/C31H44N2O10/c1-36-24-18-22(19-25(37-2)28(24)40-5)30(34)42-16-8-12-32-10-7-11-33(15-14-32)13-9-17-43-31(35)23-20-26(38-3)29(41-6)27(21-23)39-4/h18-21H,7-17H2,1-6H3	0.039	InChI=1S/C33H48O10/c1-16-20(10-11-39-16)21-8-9-23-22(31(21)37)7-6-19-12-26(25(35)15-33(19,23)4)42-28-13-24(34)32(18(3)41-28)43-29-14-27(38-5)30(36)17(2)40-29/h6,10-11,17-18,21-30,32,34-36H,7-9,12-15H2,1-5H3	0.16670772979173465	0.11764705882352941	0.11764705882352941	0.07692307692307693	10.350604662239666	53
89	InChI=1S/C18H16O7/c1-6-14(22)12(8(3)20)16-13(15(6)23)18(4)10(25-16)5-9(21)11(7(2)19)17(18)24/h5,22-24H,1-4H3/t18-/m1/s1	0.486402	InChI=1S/C18H16O7/c1-6-14(22)12(8(3)20)16-13(15(6)23)18(4)10(25-16)5-9(21)11(7(2)19)17(18)24/h5,21-23H,1-4H3	0.573	InChI=1S/C18H16O7/c1-23-12-7-9(5-6-19)8-13-14(12)15(20)10-3-4-11(18(22)24-2)16(21)17(10)25-13/h3-4,7-8,19,21H,5-6H2,1-2H3	0.33262456917717487	0.7391304347826086	0.7391304347826086	0.12658227848101267	10.40660119217204	54
41	InChI=1S/C21H35NO/c1-3-4-5-6-7-8-12-15-19-17-21(23)20(22(19)2)16-18-13-10-9-11-14-18/h9-11,13-14,19-21,23H,3-8,12,15-17H2,1-2H3	0.44064	InChI=1S/C21H35NO/c1-13(22)17-6-7-18-16-5-4-14-12-15(23)8-10-20(14,2)19(16)9-11-21(17,18)3/h4,13,15-19,23H,5-12,22H2,1-3H3	0.362	InChI=1S/C21H35NO/c1-13(22)17-6-7-18-16-5-4-14-12-15(23)8-10-20(14,2)19(16)9-11-21(17,18)3/h4,13,15-19,23H,5-12,22H2,1-3H3	0.5220152771280776	0.1095890410958904	0.1095890410958904	1.0	10.511621308713893	55
66	InChI=1S/C13H9NO/c15-13-9-5-1-3-7-11(9)14-12-8-4-2-6-10(12)13/h1-8H,(H,14,15)	0.606567	InChI=1S/C13H9NO/c1-2-4-12-11(3-1)9-13(15-12)10-5-7-14-8-6-10/h1-9H	0.556	InChI=1S/C13H9NO/c15-13-12-6-5-9-3-1-2-4-10(9)11(12)7-8-14-13/h1-8H,(H,14,15)	0.544571273084336	0.1282051282051282	0.1282051282051282	0.21428571428571427	10.808216365421679	56
37	InChI=1S/C23H34O5/c1-21-7-5-15(24)10-14(21)3-4-17-16(21)6-8-22(2)20(13-9-19(26)28-12-13)18(25)11-23(17,22)27/h9,14-18,20,24-25,27H,3-8,10-12H2,1-2H3/t14-,15+,16+,17-,18+,20+,21+,22-,23+/m1/s1	0.643184	InChI=1S/C25H32O5/c1-23-9-7-17(29-14-26)11-16(23)4-5-19-18(23)8-10-24(2)20(12-21-25(19,24)30-21)15-3-6-22(27)28-13-15/h3,6,13-14,16-21H,4-5,7-12H2,1-2H3	0.312	InChI=1S/C21H32O8/c1-10-7-21(29-17-14(25)13(24)12(23)11(8-22)28-17)9-18(2,3)16(26)15(21)19(4,27)20(10)5-6-20/h7,11-15,17,22-25,27H,5-6,8-9H2,1-4H3	0.3457060695473186	0.30120481927710846	0.30120481927710846	0.12631578947368421	11.166852586934143	57
78	InChI=1S/C15H20O4/c1-8-6-11-10(9(2)13(17)18)7-14(3)12(16)4-5-15(8,14)19-11/h8,10-11H,2,4-7H2,1,3H3,(H,17,18)/t8-,10+,11-,14+,15+/m0/s1	0.576725	InChI=1S/C15H18O3/c1-8-10-4-6-15(3)7-5-11(16)9(2)12(15)13(10)18-14(8)17/h5,7-8,10,13H,4,6H2,1-3H3	0.87	InChI=1S/C15H18O3/c1-9(14(17)18)11-4-5-12-6-7-13(16)10(2)15(12,3)8-11/h5-7,10-11H,1,4,8H2,2-3H3,(H,17,18)	0.4026894620925701	0.16417910447761194	0.16417910447761194	0.171875	15.357447310462852	58
72	InChI=1S/C37H42N2O6/c1-38-15-13-26-20-36(43-4)37(44-5)22-29(26)30(38)16-23-6-9-27(10-7-23)45-35-18-24(8-11-32(35)40)17-31-28-21-33(41)34(42-3)19-25(28)12-14-39(31)2/h6-11,18-22,30-31,40-41H,12-17H2,1-5H3/t30-,31-/m1/s1	0.4644939999999999	InChI=1S/C37H42N2O6/c1-38-15-13-26-20-36(43-4)37(44-5)22-29(26)30(38)16-23-6-9-27(10-7-23)45-35-18-24(8-11-32(35)40)17-31-28-21-33(41)34(42-3)19-25(28)12-14-39(31)2/h6-11,18-22,30-31,40-41H,12-17H2,1-5H3	0.538	InChI=1S/C37H42N2O6/c1-39-13-11-25-19-35(43-3)37(45-5)21-27(25)31(39)17-23-7-9-33(41)29(15-23)28-14-22(6-8-32(28)40)16-30-26-20-36(44-4)34(42-2)18-24(26)10-12-38-30/h6-9,14-15,18-21,30-31,38,40-41H,10-13,16-17H2,1-5H3	0.3535135287208697	1.0	1.0	0.609375	15.710765053062055	59
83	InChI=1S/C9H10O5/c1-13-6-3-5(9(11)12)4-7(14-2)8(6)10/h3-4,10H,1-2H3,(H,11,12)	0.525508	InChI=1S/C9H10O5/c1-13-6-3-5(9(11)12)4-7(14-2)8(6)10/h3-4,10H,1-2H3,(H,11,12)	0.484	InChI=1S/C9H10O5/c1-14-7-4-5(2-3-6(7)10)8(11)9(12)13/h2-4,8,10-11H,1H3,(H,12,13)	0.24385959453480557	1.0	1.0	0.3783783783783784	16.047139835672446	60
9	InChI=1S/C10H12O4/c1-12-8-5-10(14-3)9(13-2)4-7(8)6-11/h4-6H,1-3H3	0.461812	InChI=1S/C10H12O4/c1-12-8-5-10(14-3)9(13-2)4-7(8)6-11/h4-6H,1-3H3	0.641	InChI=1S/C10H12O4/c1-5-4-6-2-3-7(11)9(12)8(6)10(13)14-5/h5-6,12H,2-4H2,1H3	0.2825994747450515	1.0	1.0	0.06382978723404255	17.347320793641277	61
95	InChI=1S/C36H56O12/c1-31(2)11-13-36(30(46)48-28-25(41)24(40)23(39)19(16-37)47-28)14-12-33(4)17(22(36)27(31)43)7-8-20-32(3)15-18(38)26(42)35(6,29(44)45)21(32)9-10-34(20,33)5/h7,18-28,37-43H,8-16H2,1-6H3,(H,44,45)/t18-,19-,20?,21?,22?,23-,24+,25-,26+,27?,28+,32-,33-,34-,35-,36+/m1/s1	0.745008225	InChI=1S/C44H54N4O4/c1-6-23-19-47-35-16-30(23)43(18-38(50)51-5)36(21-49)44(17-37(43)47)29-12-9-11-28-40(29)48(41(35)44)20-31-25-14-34-39-26(24-10-7-8-13-32(24)46(39)4)15-33(45(34)3)27(25)22-52-42(28,31)2/h6-13,25-27,30-31,33-37,39,41,49H,14-22H2,1-5H3	0.114	InChI=1S/C40H62O8S/c1-25-9-7-17-37(3,43)33-21-27(15-19-39(5)31(47-39)13-11-25)29(35(41)45-33)23-49-24-30-28-16-20-40(6)32(48-40)14-12-26(2)10-8-18-38(4,44)34(22-28)46-36(30)42/h9-10,27-34,43-44H,7-8,11-24H2,1-6H3	0.30636442800291663	0.11564625850340136	0.11564625850340136	0.11450381679389313	18.76861353500364	62
58	InChI=1S/C19H33N3O5/c1-11(2)9-14-18(25)20-8-6-7-16(23)27-15(10-12(3)4)19(26)21-13(5)17(24)22-14/h11-15H,6-10H2,1-5H3,(H,20,25)(H,21,26)(H,22,24)	0.347479	InChI=1S/C25H31N3O2/c29-24(16-14-22-10-3-1-4-11-22)27-20-8-7-18-26-19-9-21-28-25(30)17-15-23-12-5-2-6-13-23/h1-6,10-17,26H,7-9,18-21H2,(H,27,29)(H,28,30)	0.644	InChI=1S/C25H31N3O2/c29-24(16-14-22-10-3-1-4-11-22)27-20-8-7-18-26-19-9-21-28-25(30)17-15-23-12-5-2-6-13-23/h1-6,10-17,26H,7-9,18-21H2,(H,27,29)(H,28,30)	0.5266036524157088	0.04225352112676056	0.04225352112676056	1.0	19.450406094642172	63
29	InChI=1S/C23H34O5/c1-21-7-5-15(24)10-14(21)3-4-17-18(21)11-19(25)22(2)16(6-8-23(17,22)27)13-9-20(26)28-12-13/h9,14-19,24-25,27H,3-8,10-12H2,1-2H3/t14-,15+,16-,17-,18+,19-,21+,22+,23+/m1/s1	0.631919	InChI=1S/C23H34O5/c1-21-7-5-15(24)10-14(21)3-4-17-16(21)6-8-22(2)20(13-9-19(26)28-12-13)18(25)11-23(17,22)27/h9,14-18,20,24-25,27H,3-8,10-12H2,1-2H3	0.737	InChI=1S/C23H34O5/c1-14(2)22(26)28-20-7-5-6-16-9-8-15(3)19(23(16,20)4)11-10-18-12-17(24)13-21(25)27-18/h6,8-9,14-15,17-20,24H,5,7,10-13H2,1-4H3	0.3973185928212677	0.6190476190476191	0.6190476190476191	0.1595744680851064	20.459124826584368	64
54	InChI=1S/C21H20O12/c22-6-13-15(26)17(28)19(30)21(33-13)32-11-2-1-7(3-9(11)24)20-18(29)16(27)14-10(25)4-8(23)5-12(14)31-20/h1-5,13,15,17,19,21-26,28-30H,6H2/t13-,15-,17+,19-,21-/m1/s1	0.6184689999999999	InChI=1S/C21H20O12/c22-6-13-15(27)17(29)18(30)21(32-13)33-20-16(28)14-11(26)4-8(23)5-12(14)31-19(20)7-1-2-9(24)10(25)3-7/h1-5,13,15,17-18,21-27,29-30H,6H2	0.362	InChI=1S/C21H20O12/c22-6-13-15(27)17(29)18(30)21(32-13)33-20-16(28)14-11(26)4-8(23)5-12(14)31-19(20)7-1-2-9(24)10(25)3-7/h1-5,13,15,17-18,21-27,29-30H,6H2	0.4128816488318772	0.7377049180327869	0.7377049180327869	1.0	20.814605280983574	65
21	InChI=1S/C11H13NO3/c1-14-9-5-7-3-4-12-11(13)8(7)6-10(9)15-2/h5-6H,3-4H2,1-2H3,(H,12,13)	0.381449	InChI=1S/C11H13NO3/c1-14-9-5-7-3-4-12-11(13)8(7)6-10(9)15-2/h5-6H,3-4H2,1-2H3,(H,12,13)	0.815	InChI=1S/C11H13NO3/c1-14-9-5-3-8(4-6-11(12)13)7-10(9)15-2/h3-7H,1-2H3,(H2,12,13)	0.3273334576931918	1.0	1.0	0.24444444444444444	23.18311429808039	66
55	InChI=1S/C16H12O7/c1-22-11-4-7(2-3-9(11)18)16-15(21)14(20)13-10(19)5-8(17)6-12(13)23-16/h2-6,17-19,21H,1H3	0.489929	InChI=1S/C16H12O7/c1-22-11-4-7(2-3-9(11)18)16-15(21)14(20)13-10(19)5-8(17)6-12(13)23-16/h2-6,17-19,21H,1H3	0.527	InChI=1S/C16H12O7/c1-22-11-4-7(2-3-9(11)18)16-15(21)14(20)13-10(19)5-8(17)6-12(13)23-16/h2-6,17-19,21H,1H3	0.36961581821431305	1.0	1.0	1.0	23.854799497098504	67
60	InChI=1S/C21H20O12/c1-6-14(26)17(29)18(30)21(31-6)33-20-16(28)13-9(23)4-8(22)5-12(13)32-19(20)7-2-10(24)15(27)11(25)3-7/h2-6,14,17-18,21-27,29-30H,1H3/t6-,14-,17+,18+,21-/m0/s1	0.500401	InChI=1S/C21H20O12/c1-6-14(26)17(29)18(30)21(31-6)33-20-16(28)13-9(23)4-8(22)5-12(13)32-19(20)7-2-10(24)15(27)11(25)3-7/h2-6,14,17-18,21-27,29-30H,1H3	0.614	InChI=1S/C21H20O12/c1-6-14(25)17(28)19(30)21(31-6)32-8-4-9(22)13-12(5-8)33-20(18(29)16(13)27)7-2-10(23)15(26)11(24)3-7/h2-6,14,17,19,21-26,28-30H,1H3	0.3684247550173198	1.0	1.0	0.7321428571428571	24.050843553326605	68
53	InChI=1S/C16H12O5/c1-20-13-6-11(18)7-14-15(13)16(19)12(8-21-14)9-2-4-10(17)5-3-9/h2-8,17-18H,1H3	0.723826	InChI=1S/C16H12O5/c1-20-11-6-13(18)15-14(7-11)21-8-12(16(15)19)9-2-4-10(17)5-3-9/h2-8,17-18H,1H3	0.302	InChI=1S/C20H12O2/c21-12-6-4-11-8-16-18-13(15(11)9-12)7-5-10-2-1-3-14(17(10)18)19-20(16)22-19/h1-9,19-21H	0.4577884955768166	0.6818181818181818	0.6818181818181818	0.16393442622950818	24.744933499611932	69
47	InChI=1S/C21H20O12/c22-6-13-15(26)17(28)19(30)21(33-13)32-11-2-1-7(3-9(11)24)20-18(29)16(27)14-10(25)4-8(23)5-12(14)31-20/h1-5,13,15,17,19,21-26,28-30H,6H2/t13-,15-,17+,19-,21-/m1/s1	0.654537	InChI=1S/C21H20O12/c22-6-13-15(27)17(29)18(30)21(32-13)33-20-16(28)14-11(26)4-8(23)5-12(14)31-19(20)7-1-2-9(24)10(25)3-7/h1-5,13,15,17-18,21-27,29-30H,6H2	0.559	InChI=1S/C21H20O12/c22-6-12(27)19-16(29)17(30)21(32-19)33-20-15(28)14-11(26)4-8(23)5-13(14)31-18(20)7-1-2-9(24)10(25)3-7/h1-5,12,16-17,19,21-27,29-30H,6H2	0.4199780618010436	0.7377049180327869	0.7377049180327869	0.7301587301587301	27.09203265880343	70
36	InChI=1S/C20H24O11/c1-5-12(24)28-11-8(22)18-10-6(21)7(16(2,3)4)17(18)9(23)13(25)30-15(17)31-20(18,14(26)29-10)19(5,11)27/h5-11,15,21-23,27H,1-4H3	0.400803	InChI=1S/C20H24O11/c1-5-12(24)28-11-8(22)18-10-6(21)7(16(2,3)4)17(18)9(23)13(25)30-15(17)31-20(18,14(26)29-10)19(5,11)27/h5-11,15,21-23,27H,1-4H3	0.867	InChI=1S/C24H24O8/c1-17(25)32-20(15-30-23(27)12-9-18-6-4-3-5-7-18)16-31-24(28)13-10-19-8-11-21(26)22(14-19)29-2/h3-14,20,26H,15-16H2,1-2H3	0.2850209594240527	1.0	1.0	0.05555555555555555	28.097823769165913	71
87	InChI=1S/C11H14O3/c1-5-8-6-10(13-3)11(14-4)7-9(8)12-2/h5-7H,1H2,2-4H3	0.539383	InChI=1S/C11H14O3/c1-5-8-6-10(13-3)11(14-4)7-9(8)12-2/h5-7H,1H2,2-4H3	0.735	InChI=1S/C11H14O3/c1-7-3-4-9-8(5-12)6-14-11(13-2)10(7)9/h5,11H,3-4,6H2,1-2H3	0.3610942938217584	1.0	1.0	0.10638297872340426	28.21199044001404	72
81	InChI=1S/C15H26N2/c1-3-7-16-11-13-9-12(14(16)5-1)10-17-8-4-2-6-15(13)17/h12-15H,1-11H2/t12-,13?,14+,15-/m0/s1	0.575852	InChI=1S/C15H26N2/c1-3-7-16-11-13-9-12(14(16)5-1)10-17-8-4-2-6-15(13)17/h12-15H,1-11H2	0.671	InChI=1S/C15H26N2/c1-2-9-16-11-13-6-3-5-12-7-4-10-17(15(12)13)14(16)8-1/h12-15H,1-11H2	0.45805507610206964	1.0	1.0	0.38235294117647056	28.21214548160396	73
11	InChI=1S/C21H22O6/c1-23-17-5-3-14(9-19(17)24-2)8-16-15(11-25-21(16)22)7-13-4-6-18-20(10-13)27-12-26-18/h3-6,9-10,15-16H,7-8,11-12H2,1-2H3	0.6265069999999999	InChI=1S/C21H22O6/c1-23-17-5-3-14(9-19(17)24-2)8-16-15(11-25-21(16)22)7-13-4-6-18-20(10-13)27-12-26-18/h3-6,9-10,15-16H,7-8,11-12H2,1-2H3	0.595	InChI=1S/C21H22O6/c1-24-17-7-6-14(11-18(17)25-2)20-16(12-23)15-9-13(5-4-8-22)10-19(26-3)21(15)27-20/h4-11,16,20,23H,12H2,1-3H3	0.4308035762907396	1.0	1.0	0.2676056338028169	28.980016198854475	74
22	InChI=1S/C15H10O6/c16-8-2-3-9-12(6-8)21-15(14(20)13(9)19)7-1-4-10(17)11(18)5-7/h1-6,16-18,20H	0.638178	InChI=1S/C15H10O6/c16-8-2-3-9-12(6-8)21-15(14(20)13(9)19)7-1-4-10(17)11(18)5-7/h1-6,16-18,20H	0.511	InChI=1S/C15H10O6/c16-7-1-3-9(11(18)5-7)13-14(19)10-4-2-8(17)6-12(10)21-15(13)20/h1-6,16-19H	0.5008284946804008	1.0	1.0	0.4444444444444444	29.341002059263438	75
86	InChI=1S/C7H7NO2/c1-8-4-2-3-6(5-8)7(9)10/h2-5H,1H3	0.8489110000000001	InChI=1S/C7H7NO2/c8-6-4-2-1-3-5(6)7(9)10/h1-4H,8H2,(H,9,10)	0.094	InChI=1S/C7H7NO2/c9-7-8-5-3-1-2-4-6(5)10-7/h1-6H,(H,8,9)	0.46001925625956896	0.19444444444444445	0.19444444444444445	0.07894736842105263	29.893526281297856	76
1	InChI=1S/C15H24N2O2/c18-12-4-5-16-8-10-6-11(14(16)7-12)9-17-13(10)2-1-3-15(17)19/h10-14,18H,1-9H2	0.549795	InChI=1S/C15H24N2O2/c18-12-4-5-16-8-10-6-11(14(16)7-12)9-17-13(10)2-1-3-15(17)19/h10-14,18H,1-9H2	0.746	InChI=1S/C15H24N2O2/c18-15-6-3-4-13-12-8-11(9-16(13)15)14-5-1-2-7-17(14,19)10-12/h11-14H,1-10H2	0.4677122218849435	1.0	1.0	0.43137254901960786	30.75570634390626	77
19	InChI=1S/C24H40N2/c1-16-20-8-9-22-19-7-6-17-14-18(25(3)4)10-12-23(17,2)21(19)11-13-24(20,22)15-26(16)5/h6,16,18-22H,7-15H2,1-5H3/t16-,18-,19+,20+,21-,22-,23-,24-/m0/s1	0.48161	InChI=1S/C24H40N2/c1-16-20-8-9-22-19-7-6-17-14-18(25(3)4)10-12-23(17,2)21(19)11-13-24(20,22)15-26(16)5/h6,16,18-22H,7-15H2,1-5H3	0.841	InChI=1S/C24H40N2/c1-16(25-4)20-9-10-21-19-8-7-17-15-18(26(5)6)11-13-23(17,2)22(19)12-14-24(20,21)3/h7,9,16,18-19,21-22,25H,8,10-15H2,1-6H3	0.34378432825297395	1.0	1.0	0.5166666666666667	32.336513505693155	78
13	InChI=1S/C8H10N4O2/c1-10-4-9-6-5(10)7(13)12(3)8(14)11(6)2/h4H,1-3H3	0.622961	InChI=1S/C8H10N4O2/c1-10-4-9-6-5(10)7(13)12(3)8(14)11(6)2/h4H,1-3H3	0.766	InChI=1S/C8H10N4O2/c1-10-4-9-6(13)5-7(10)12(3)8(14)11(5)2/h4H,1-3H3	0.4096980518838933	1.0	1.0	0.47058823529411764	37.549906529604044	79
76	InChI=1S/C27H30O16/c1-8-17(32)20(35)22(37)26(40-8)39-7-15-18(33)21(36)23(38)27(42-15)43-25-19(34)16-13(31)5-10(28)6-14(16)41-24(25)9-2-3-11(29)12(30)4-9/h2-6,8,15,17-18,20-23,26-33,35-38H,7H2,1H3/t8-,15+,17-,18+,20+,21-,22+,23+,26+,27-/m0/s1	0.542826	InChI=1S/C27H30O16/c1-8-17(32)20(35)22(37)26(40-8)39-7-15-18(33)21(36)23(38)27(42-15)43-25-19(34)16-13(31)5-10(28)6-14(16)41-24(25)9-2-3-11(29)12(30)4-9/h2-6,8,15,17-18,20-23,26-33,35-38H,7H2,1H3	0.775	InChI=1S/C27H30O16/c1-8-17(31)20(34)23(37)26(40-8)39-7-15-18(32)21(35)24(38)27(43-15)41-10-5-13(30)16-14(6-10)42-25(22(36)19(16)33)9-2-3-11(28)12(29)4-9/h2-6,8,15,17-18,20-21,23-24,26-32,34-38H,7H2,1H3	0.38508445764805754	1.0	1.0	0.7681159420289855	41.48985659341726	80
65	InChI=1S/C9H6O3/c10-7-3-1-6-2-4-9(11)12-8(6)5-7/h1-5,10H	0.561999	InChI=1S/C9H6O3/c10-7-3-1-6-2-4-9(11)12-8(6)5-7/h1-5,10H	0.922	InChI=1S/C9H6O3/c10-7-3-1-2-6-4-5-12-9(11)8(6)7/h1-5,10H	0.43897934259758625	1.0	1.0	0.23076923076923078	45.19496395510493	81
59	InChI=1S/C16H23NO6/c1-9-13(18)23-11-5-7-17-6-4-10(12(11)17)8-22-14(19)16(3,21)15(9,2)20/h4,9,11-12,20-21H,5-8H2,1-3H3/t9-,11+,12+,15+,16-/m0/s1	0.69694	InChI=1S/C16H23NO6/c1-9-13(18)23-11-5-7-17-6-4-10(12(11)17)8-22-14(19)16(3,21)15(9,2)20/h4,9,11-12,20-21H,5-8H2,1-3H3	0.828	InChI=1S/C12H23NO9/c14-1-4-8(17)10(19)7(13-4)5(15)2-21-12-11(20)9(18)6(16)3-22-12/h4-20H,1-3H2	0.2775347355702622	1.0	1.0	0.05128205128205128	51.49137217545461	82
71	InChI=1S/C11H16N2O2/c1-3-10-8(6-15-11(10)14)4-9-5-12-7-13(9)2/h5,7-8,10H,3-4,6H2,1-2H3	0.630393	InChI=1S/C11H16N2O2/c1-3-10-8(6-15-11(10)14)4-9-5-12-7-13(9)2/h5,7-8,10H,3-4,6H2,1-2H3	0.923	InChI=1S/C12H16O3/c1-7-4-9-5-11(14-3)8(2)12(13)10(9)6-15-7/h5,7,13H,4,6H2,1-3H3	0.4456435013338491	1.0	1.0	0.09375	52.16418787810334	83
49	InChI=1S/C27H35NO12/c1-4-14-16(8-18-15-9-20(32)19(31)7-13(15)5-6-28(18)12(2)30)17(25(36)37-3)11-38-26(14)40-27-24(35)23(34)22(33)21(10-29)39-27/h4,7,9,11,14,16,18,21-24,26-27,29,31-35H,1,5-6,8,10H2,2-3H3/t14-,16+,18-,21-,22-,23+,24-,26+,27+/m1/s1	0.570905	InChI=1S/C27H35NO12/c1-4-14-16(8-18-15-9-20(32)19(31)7-13(15)5-6-28(18)12(2)30)17(25(36)37-3)11-38-26(14)40-27-24(35)23(34)22(33)21(10-29)39-27/h4,7,9,11,14,16,18,21-24,26-27,29,31-35H,1,5-6,8,10H2,2-3H3	0.933	InChI=1S/C27H35NO12/c1-4-15-17(8-14-7-16-13(9-28(14)12(2)30)5-6-19(31)21(16)32)18(25(36)37-3)11-38-26(15)40-27-24(35)23(34)22(33)20(10-29)39-27/h4-6,11,14-15,17,20,22-24,26-27,29,31-35H,1,7-10H2,2-3H3	0.2589763680448563	1.0	1.0	0.6404494382022472	54.64127578987537	84
8	InChI=1S/C15H11N5/c16-15-18-8-6-12(20-15)14-13-10(5-7-17-14)9-3-1-2-4-11(9)19-13/h1-8,19H,(H2,16,18,20)	0.4285739999999999	InChI=1S/C15H11N5/c16-15-18-8-6-12(20-15)14-13-10(5-7-17-14)9-3-1-2-4-11(9)19-13/h1-8,19H,(H2,16,18,20)	0.846	InChI=1S/C15H11N5/c16-15-18-8-6-12(20-15)14-13-10(5-7-17-14)9-3-1-2-4-11(9)19-13/h1-8,19H,(H2,16,18,20)	0.42594838978076294	1.0	1.0	1.0	55.0884165656824	85
80	InChI=1S/C10H8O4/c1-13-9-5-8-6(4-7(9)11)2-3-10(12)14-8/h2-5,11H,1H3	0.756396	InChI=1S/C10H8O4/c1-13-9-4-6-2-3-10(12)14-8(6)5-7(9)11/h2-5,11H,1H3	0.869	InChI=1S/C10H8O4/c11-5-7-4-6-2-1-3-8(12)9(6)10(13)14-7/h1-4,11-12H,5H2	0.4337751629079497	0.9032258064516129	0.9032258064516129	0.25	57.50863037883654	86
35	InChI=1S/C20H24O10/c1-6-12(23)28-11-9(21)18-8-5-7(16(2,3)4)17(18)10(22)13(24)29-15(17)30-20(18,14(25)27-8)19(6,11)26/h6-11,15,21-22,26H,5H2,1-4H3/t6-,7?,8-,9-,10+,11+,15+,17+,18+,19-,20-/m1/s1	0.7113619999999999	InChI=1S/C20H24O10/c1-6-12(23)28-11-9(21)18-8-5-7(16(2,3)4)17(18)10(22)13(24)29-15(17)30-20(18,14(25)27-8)19(6,11)26/h6-11,15,21-22,26H,5H2,1-4H3	0.872	InChI=1S/C21H28O7S/c1-12-6-7-15(28-16(23)8-9-29(5)25)17-18(27-14(3)22)21(11-20(12,17)4)13(2)10-26-19(21)24/h8-9,12,15,17-18H,2,6-7,10-11H2,1,3-5H3	0.38920111421320286	1.0	1.0	0.1276595744680851	57.891507234409	87
51	InChI=1S/C10H10O4/c1-14-9-6-7(2-4-8(9)11)3-5-10(12)13/h2-6,11H,1H3,(H,12,13)/b5-3+	0.519742	InChI=1S/C10H10O4/c1-14-9-6-7(2-4-8(9)11)3-5-10(12)13/h2-6,11H,1H3,(H,12,13)	0.842	InChI=1S/C10H10O4/c1-14-9-6-7(2-4-8(9)11)3-5-10(12)13/h2-6,11H,1H3,(H,12,13)	0.3582897027921228	1.0	1.0	1.0	59.08360094930916	88
25	InChI=1S/C11H14N2O/c14-11-3-1-2-10-9-4-8(5-12-6-9)7-13(10)11/h1-3,8-9,12H,4-7H2/t8-,9+/m0/s1	0.678895	InChI=1S/C11H14N2O/c14-11-3-1-2-10-9-4-8(5-12-6-9)7-13(10)11/h1-3,8-9,12H,4-7H2	0.983	InChI=1S/C11H14N2O/c1-12(2)7-9-8-13(14)11-6-4-3-5-10(9)11/h3-6,8,14H,7H2,1-2H3	0.46328382528282425	1.0	1.0	0.09090909090909091	64.52523868301581	89
34	InChI=1S/C20H24O9/c1-7-12(22)26-10-6-17-9-5-8(16(2,3)4)18(17)11(21)13(23)28-15(18)29-20(17,14(24)27-9)19(7,10)25/h7-11,15,21,25H,5-6H2,1-4H3/t7-,8+,9?,10+,11+,15-,17-,18+,19-,20?/m1/s1	0.704957	InChI=1S/C20H24O9/c1-7-12(22)26-10-6-17-9-5-8(16(2,3)4)18(17)11(21)13(23)28-15(18)29-20(17,14(24)27-9)19(7,10)25/h7-11,15,21,25H,5-6H2,1-4H3	0.968	InChI=1S/C20H24O9/c1-3-5-6-13-15(20(28)29-19(13)27)10-11(4-2)9-14(18(25)26)12(17(23)24)7-8-16(21)22/h5-6,9,11-12H,3-4,7-8,10H2,1-2H3,(H,21,22)(H,23,24)(H,25,26)	0.39836163612708836	1.0	1.0	0.08888888888888889	65.74052357049926	90
48	InChI=1S/C16H14O4/c1-10(2)5-7-19-16-14-12(6-8-18-14)9-11-3-4-13(17)20-15(11)16/h3-6,8-9H,7H2,1-2H3	0.640786	InChI=1S/C16H14O4/c1-10(2)5-7-19-16-14-12(6-8-18-14)9-11-3-4-13(17)20-15(11)16/h3-6,8-9H,7H2,1-2H3	0.812	InChI=1S/C16H14O4/c1-10(2)5-7-19-16-14-12(6-8-18-14)9-11-3-4-13(17)20-15(11)16/h3-6,8-9H,7H2,1-2H3	0.45669671575119564	1.0	1.0	1.0	67.70561899085438	91
79	InChI=1S/C17H21NO4/c1-18-13-7-11(8-14(18)16-15(13)22-16)21-17(20)12(9-19)10-5-3-2-4-6-10/h2-6,11-16,19H,7-9H2,1H3	0.383399	InChI=1S/C17H21NO4/c1-18-13-7-11(8-14(18)16-15(13)22-16)21-17(20)12(9-19)10-5-3-2-4-6-10/h2-6,11-16,19H,7-9H2,1H3	0.966	InChI=1S/C17H21NO4/c1-18-13-7-11(8-14(18)16-15(13)22-16)21-17(20)12(9-19)10-5-3-2-4-6-10/h2-6,11-16,19H,7-9H2,1H3	0.2946337862045878	1.0	1.0	1.0	71.93285969270946	92
64	InChI=1S/C11H14N2/c1-12-7-6-9-8-13-11-5-3-2-4-10(9)11/h2-5,8,12-13H,6-7H2,1H3	0.601677	InChI=1S/C11H14N2/c1-12-7-6-9-8-13-11-5-3-2-4-10(9)11/h2-5,8,12-13H,6-7H2,1H3	0.899	InChI=1S/C11H14N2/c1-12-7-6-9-8-13-11-5-3-2-4-10(9)11/h2-5,8,12-13H,6-7H2,1H3	0.45314734942297047	1.0	1.0	1.0	77.64151877904769	93
12	InChI=1S/C9H8O4/c10-7-3-1-6(5-8(7)11)2-4-9(12)13/h1-5,10-11H,(H,12,13)/b4-2+	0.619109	InChI=1S/C9H8O4/c10-7-3-1-6(5-8(7)11)2-4-9(12)13/h1-5,10-11H,(H,12,13)	0.919	InChI=1S/C9H8O4/c10-7-3-1-6(5-8(7)11)2-4-9(12)13/h1-5,10-11H,(H,12,13)	0.40227319669626366	1.0	1.0	1.0	81.42182728816263	94
32	InChI=1S/C15H21N3O2/c1-15-7-8-17(3)13(15)18(4)12-6-5-10(9-11(12)15)20-14(19)16-2/h5-6,9,13H,7-8H2,1-4H3,(H,16,19)	0.4570869999999999	InChI=1S/C15H21N3O2/c1-15-7-8-17(3)13(15)18(4)12-6-5-10(9-11(12)15)20-14(19)16-2/h5-6,9,13H,7-8H2,1-4H3,(H,16,19)	0.998	InChI=1S/C15H21N3O2/c1-15-7-8-17(3)13(15)18(4)12-6-5-10(9-11(12)15)20-14(19)16-2/h5-6,9,13H,7-8H2,1-4H3,(H,16,19)	0.29233183465614554	1.0	1.0	1.0	81.79038431465014	95
