ID	inchi_gnps	cg	inchi_sirius	cs	inchi_isdb	ci	tgs	tgi	tsi	k
1	InChI=1S/C15H24N2O2/c18-12-4-5-16-8-10-6-11(14(16)7-12)9-17-13(10)2-1-3-15(17)19/h10-14,18H,1-9H2/t10-,11-,12-,13+,14-/m0/s1	0.6720079999999999	InChI=1S/C15H24N2O2/c18-12-4-5-16-8-10-6-11(14(16)7-12)9-17-13(10)2-1-3-15(17)19/h10-14,18H,1-9H2	0.7241660682959941	InChI=1S/C15H24N2O2/c18-15-6-3-4-13-12-8-11(9-16(13)15)14-5-1-2-7-17(14,19)10-12/h11-14H,1-10H2	0.58871107236442	1.0	0.43137254901960786	0.43137254901960786	36.90801916688462
2	InChI=1S/C20H36O2/c1-7-18(4,21)13-9-16-19(5)12-8-11-17(2,3)15(19)10-14-20(16,6)22/h7,15-16,21-22H,1,8-14H2,2-6H3	0.6035433499999999	InChI=1S/C21H34/c1-7-19(5)13-10-14-20(6)15-11-17-21(8-2)16-9-12-18(3)4/h7,12,14,17H,1,5,8-11,13,15-16H2,2-4,6H3	0.0332112331106024	InChI=1S/C21H37N/c1-3-4-5-6-7-8-9-10-11-12-13-14-15-18-21-19-16-17-20(2)22-21/h16-17,19H,3-15,18H2,1-2H3	0.28531625981582	0.12698412698412698	0.047619047619047616	0.07547169811320754	7.223141407546273
3	InChI=1S/C19H36O4/c1-3-4-5-6-7-8-9-10-11-12-13-14-19(23-17(2)21)15-18(22)16-20/h3,18-20,22H,1,4-16H2,2H3	0.323265	InChI=1S/C23H36O/c1-6-23(24)15-11-18-16-8-9-19-20(2,3)12-7-13-21(19,4)17(16)10-14-22(18,23)5/h1,16-19,24H,7-15H2,2-5H3	0.6972451819250736	InChI=1S/C23H39NO/c1-15(24(4)5)19-8-9-20-18-7-6-16-14-17(25)10-12-22(16,2)21(18)11-13-23(19,20)3/h6,15,17-21,25H,7-14H2,1-5H3	0.43982225582604	0.028985507246376812	0.03896103896103896	0.19117647058823528	3.3766649176316728
4	InChI=1S/C20H27NO3/c1-8-3-19-6-10-15-18(2)4-9(22)5-20(15)16(19)14(24)11(8)13(23)12(19)17(20)21(10)7-18/h9-17,22-24H,1,3-7H2,2H3	0.35947762499999997	InChI=1S/C22H37NO2/c1-13(23-4)20-19(25)12-18-16-6-5-14-11-15(24)7-9-21(14,2)17(16)8-10-22(18,20)3/h5,13,15-20,23-25H,6-12H2,1-4H3	0.7350079843823113	InChI=1S/C22H35NO/c1-5-17-20(24)13-19-16-7-6-14-12-15(23-4)8-10-21(14,2)18(16)9-11-22(17,19)3/h6,15-19,23H,5,7-13H2,1-4H3	0.41081141683892	0.10843373493975904	0.07058823529411765	0.4090909090909091	4.348993021840825
5	InChI=1S/C12H19N3O/c1-9(2)15-12(16)11-6-4-10(5-7-11)8-14-13-3/h4-7,9,13-14H,8H2,1-3H3,(H,15,16)	0.277591	InChI=1S/C12H16N2O/c13-12-7-3-1-4-8(7)14-9-5-2-6-10(15)11(9)12/h10,15H,1-6H2,(H2,13,14)	0.0648545053963532	InChI=1S/C13H19NO2/c1-4-13(16)9-12-7-5-6-11(14(12)3)8-10(2)15/h4-5,7,11-12H,1,6,8-9H2,2-3H3	0.32224144867074	0.05357142857142857	0.1206896551724138	0.04918032786885246	-2.1591519256706926
6	InChI=1S/C16H15NO2/c1-19-15-10-8-14(9-11-15)17-16(18)12-7-13-5-3-2-4-6-13/h2-12H,1H3,(H,17,18)/b12-7+	0.328133	InChI=1S/C15H12N2O/c16-15(18)17-13-7-3-1-5-11(13)9-10-12-6-2-4-8-14(12)17/h1-10H,(H2,16,18)	0.1090708138420265	InChI=1S/C13H19NO4/c1-8-11(16)13(18-12(8)17)6-2-3-7-14-9(13)4-5-10(14)15/h8-9,11,16H,2-7H2,1H3	0.31407223741028	0.14583333333333334	0.06060606060606061	0.05357142857142857	-1.5534026686320836
7	InChI=1S/C22H26O7/c1-6-7-22-10-16(25-4)17(23)20(26-5)21(22)29-18(12(22)2)13-8-14(24-3)19-15(9-13)27-11-28-19/h6,8-9,12,16,18H,1,7,10-11H2,2-5H3/t12-,16+,18+,22+/m0/s1	0.216365	InChI=1S/C26H29NO4/c1-28-24-13-20(9-10-23(24)31-18-19-7-5-4-6-8-19)16-27-12-11-21-14-25(29-2)26(30-3)15-22(21)17-27/h4-10,13-15H,11-12,16-18H2,1-3H3	0.0277821823780434	InChI=1S/C26H29NO4/c1-14-10-18-17(8-9-20(28-4)26(18)21(11-14)29-5)25-19-12-15(2)27-16(3)24(19)22(30-6)13-23(25)31-7/h8-11,13,15H,12H2,1-7H3	0.41584160913762	0.13636363636363635	0.14772727272727273	0.16	-2.6876864983667916
8	InChI=1S/C15H11N5/c16-15-18-8-6-12(20-15)14-13-10(5-7-17-14)9-3-1-2-4-11(9)19-13/h1-8,19H,(H2,16,18,20)	0.87656	InChI=1S/C15H11N5/c16-15-18-8-6-12(20-15)14-13-10(5-7-17-14)9-3-1-2-4-11(9)19-13/h1-8,19H,(H2,16,18,20)	0.9393329389084196	InChI=1S/C15H11N5/c16-15-18-8-6-12(20-15)14-13-10(5-7-17-14)9-3-1-2-4-11(9)19-13/h1-8,19H,(H2,16,18,20)	0.43833574756152	1.0	1.0	1.0	128.4352492257259
9	InChI=1S/C10H12O4/c1-2-3-7(11)6-4-9(13)10(14)5-8(6)12/h4-5,12-14H,2-3H2,1H3	0.770149	InChI=1S/C10H12O4/c1-12-8-5-10(14-3)9(13-2)4-7(8)6-11/h4-6H,1-3H3	0.5001538897571707	InChI=1S/C10H12O4/c1-2-14-10(13)6-7-5-8(11)3-4-9(7)12/h3-5,11-12H,2,6H2,1H3	0.39225454755065	0.13157894736842105	0.2682926829268293	0.13953488372093023	22.603777082010016
10	InChI=1S/C30H52N2O5/c1-18(7-12-27(35)32-25(28(36)37)6-4-5-15-31)22-10-11-23-21-9-8-19-16-20(33)13-14-29(19,2)24(21)17-26(34)30(22,23)3/h18-26,33-34H,4-17,31H2,1-3H3,(H,32,35)(H,36,37)/t18-,19-,20-,21+,22-,23+,24+,25+,26+,29+,30-/m1/s1	0.42932	InChI=1S/C33H52O2/c1-21(2)23(4)31(6,7)17-14-22(3)28-12-13-29-27-11-10-25-20-26(35-24(5)34)15-18-32(25,8)30(27)16-19-33(28,29)9/h10,14,17,21-22,26-30H,4,11-13,15-16,18-20H2,1-3,5-9H3	0.5179007624181867	InChI=1S/C31H50O5/c1-18-10-13-31(26(35)36-7)15-14-29(5)20(24(31)19(18)2)8-9-23-27(3)16-21(33)25(34)28(4,17-32)22(27)11-12-30(23,29)6/h8,18-19,21-25,32-34H,9-17H2,1-7H3	0.36397474539002	0.17592592592592593	0.11818181818181818	0.1619047619047619	2.306776055919391
11	InChI=1S/C21H22O6/c1-23-17-5-3-14(9-19(17)24-2)8-16-15(11-25-21(16)22)7-13-4-6-18-20(10-13)27-12-26-18/h3-6,9-10,15-16H,7-8,11-12H2,1-2H3	0.8524719999999999	InChI=1S/C21H22O6/c1-23-17-5-3-14(9-19(17)24-2)8-16-15(11-25-21(16)22)7-13-4-6-18-20(10-13)27-12-26-18/h3-6,9-10,15-16H,7-8,11-12H2,1-2H3	0.4965284292239453	InChI=1S/C21H22O6/c1-24-17-7-6-14(11-18(17)25-2)20-16(12-23)15-9-13(5-4-8-22)10-19(26-3)21(15)27-20/h4-11,16,20,23H,12H2,1-3H3	0.56377952061875	1.0	0.2676056338028169	0.2676056338028169	51.660228131475066
12	InChI=1S/C9H8O4/c10-7-3-1-6(5-8(7)11)2-4-9(12)13/h1-5,10-11H,(H,12,13)/b4-2+	0.809666	InChI=1S/C9H8O4/c10-7-3-1-6(5-8(7)11)2-4-9(12)13/h1-5,10-11H,(H,12,13)	0.9298126488786294	InChI=1S/C9H8O4/c10-7-3-1-6(5-8(7)11)2-4-9(12)13/h1-5,10-11H,(H,12,13)	0.51145703365663	1.0	1.0	1.0	114.94439666429909
13	InChI=1S/C8H10N4O2/c1-10-4-9-6-5(10)7(13)12(3)8(14)11(6)2/h4H,1-3H3	0.8245819999999999	InChI=1S/C8H10N4O2/c1-10-4-9-6-5(10)7(13)12(3)8(14)11(6)2/h4H,1-3H3	0.7542069753043434	InChI=1S/C8H10N4O2/c1-10-4-9-6(13)5-7(10)12(3)8(14)11(5)2/h4H,1-3H3	0.44462257786524	1.0	0.47058823529411764	0.47058823529411764	57.29408115628247
14	InChI=1S/C22H26N4/c1-25-13-11-22-16-8-4-5-9-17(16)23-19(25)21(22)12-14-26(2)20(22)24-18-10-6-3-7-15(18)21/h3-10,19-20,23-24H,11-14H2,1-2H3	0.610448	InChI=1S/C22H26N4/c1-25-13-11-22-16-8-4-5-9-17(16)23-19(25)21(22)12-14-26(2)20(22)24-18-10-6-3-7-15(18)21/h3-10,19-20,23-24H,11-14H2,1-2H3	0.6704860233961416	InChI=1S/C22H26N4/c1-23-13-11-16-15-26(20-10-6-3-7-17(16)20)22-12-14-25(2)21(22)24-19-9-5-4-8-18(19)22/h3-10,15,21,23-24H,11-14H2,1-2H3	0.47005715362541	1.0	0.45454545454545453	0.45454545454545453	26.200632785912077
15	InChI=1S/C22H32O7/c1-11-13-8-15(25)29-22(13,27)9-14-16(11)17(26)18(28-12(2)24)19-20(3,10-23)6-5-7-21(14,19)4/h8,11,14,16-19,23,26-27H,5-7,9-10H2,1-4H3	0.239528	InChI=1S/C23H27NO6/c1-13-19(10-9-17-16-3-2-4-18(16)23(28)30-21(13)17)29-12-20(25)24-11-14-5-7-15(8-6-14)22(26)27/h9-10,14-15H,2-8,11-12H2,1H3,(H,24,25)(H,26,27)	0.1642894170651891	InChI=1S/C23H30N2O6/c1-30-22-19(26)8-13(9-20(22)27)23(29)31-16-5-6-24-11-14-7-15(18(24)10-16)12-25-17(14)3-2-4-21(25)28/h8-9,14-18,26-27H,2-7,10-12H2,1H3	0.43331212951635	0.14	0.12	0.14583333333333334	-2.027435809755277
16	InChI=1S/C25H34O7/c1-13-6-7-20-23(3,4)22(30)19(31-14(2)28)10-24(20,5)25(13)9-16-18(29)8-15(11-26)17(12-27)21(16)32-25/h8,12-13,19-20,22,26,29-30H,6-7,9-11H2,1-5H3	0.164013	InChI=1S/C24H29NO5/c1-15-20(9-8-18-17-6-4-7-19(17)23(27)30-22(15)18)29-14-21(26)25-12-11-24(28)10-3-2-5-16(24)13-25/h8-9,16,28H,2-7,10-14H2,1H3	0.1307449611111339	InChI=1S/C24H32N2O5/c1-29-21-7-6-15(11-22(21)30-2)24(28)31-18-8-9-25-13-16-10-17(20(25)12-18)14-26-19(16)4-3-5-23(26)27/h6-7,11,16-20H,3-5,8-10,12-14H2,1-2H3	0.4235058271863	0.14953271028037382	0.13592233009708737	0.20833333333333334	-2.915478461290665
17	InChI=1S/C14H9NO2/c1-8-6-7-15-12-11(8)13(16)9-4-2-3-5-10(9)14(12)17/h2-7H,1H3	0.8753719999999999	InChI=1S/C14H9NO2/c15-11-7-3-6-10-12(11)14(17)9-5-2-1-4-8(9)13(10)16/h1-7H,15H2	0.3858229365256737	InChI=1S/C8H9N5O3/c1-12-3-4(10-8(9)11-5(3)14)13(2)7(16)6(12)15/h1-2H3,(H3,9,10,11,14)	0.32304124918162	0.4	0.09803921568627451	0.0625	33.666718902791196
18	InChI=1S/C17H34N2O3/c1-2-3-4-5-6-7-8-9-10-13-16(20)19-15(17(21)22)12-11-14-18/h15H,2-14,18H2,1H3,(H,19,20)(H,21,22)	0.160125	InChI=1S/C21H34N2/c1-13-17-5-6-19-16-4-3-14-11-15(22)7-9-20(14,2)18(16)8-10-21(17,19)12-23-13/h3,13,15-19,23H,4-12,22H2,1-2H3	0.5991568757274843	InChI=1S/C22H34O/c1-8-20(5)15-11-17-22(7,23-9-2)18-12-16-21(6)14-10-13-19(3)4/h8,10-11,13-17H,1,9,12,18H2,2-7H3	0.42340114931648	0.0273972602739726	0.05970149253731343	0.012345679012345678	-0.29017549614275717
19	InChI=1S/C24H40N2/c1-16-20-8-9-22-19-7-6-17-14-18(25(3)4)10-12-23(17,2)21(19)11-13-24(20,22)15-26(16)5/h6,16,18-22H,7-15H2,1-5H3	0.6461520000000001	InChI=1S/C24H40N2/c1-16-20-8-9-22-19-7-6-17-14-18(25(3)4)10-12-23(17,2)21(19)11-13-24(20,22)15-26(16)5/h6,16,18-22H,7-15H2,1-5H3	0.9570950619894708	InChI=1S/C24H40N2/c1-16(25-4)20-9-10-21-19-8-7-17-15-18(26(5)6)11-13-23(17,2)22(19)12-14-24(20,21)3/h7,9,16,18-19,21-22,25H,8,10-15H2,1-6H3	0.40231405676193	1.0	0.5166666666666667	0.5166666666666667	52.780729852260386
20	InChI=1S/C20H40O3/c1-2-3-4-5-6-7-8-9-10-11-12-13-14-15-16-19(22)17-20(23)18-21/h2,19-23H,1,3-18H2	0.5307890000000001	InChI=1S/C22H36N2/c1-14-18-6-7-20-17-5-4-15-12-16(23-3)8-10-21(15,2)19(17)9-11-22(18,20)13-24-14/h4,14,16-20,23-24H,5-13H2,1-3H3	0.6964839527691947	InChI=1S/C23H36O/c1-5-15(2)19-8-9-20-18-7-6-16-14-17(24)10-12-22(16,3)21(18)11-13-23(19,20)4/h5-6,15,17-21,24H,1,7-14H2,2-4H3	0.41079676646551	0.0	0.07575757575757576	0.3582089552238806	9.215222887711446
21	InChI=1S/C11H13NO3/c1-14-9-5-7-3-4-12-11(13)8(7)6-10(9)15-2/h5-6H,3-4H2,1-2H3,(H,12,13)	0.665519	InChI=1S/C11H13NO3/c1-14-9-5-7-3-4-12-11(13)8(7)6-10(9)15-2/h5-6H,3-4H2,1-2H3,(H,12,13)	0.7751169264510888	InChI=1S/C11H13NO3/c1-14-9-5-3-8(4-6-11(12)13)7-10(9)15-2/h3-7H,1-2H3,(H2,12,13)	0.42085894984046	1.0	0.24444444444444444	0.24444444444444444	38.15657922290581
22	InChI=1S/C15H10O6/c16-8-2-3-9-12(6-8)21-15(14(20)13(9)19)7-1-4-10(17)11(18)5-7/h1-6,16-18,20H	0.680813	InChI=1S/C15H10O6/c16-8-2-3-9-12(6-8)21-15(14(20)13(9)19)7-1-4-10(17)11(18)5-7/h1-6,16-18,20H	0.3372957582072153	InChI=1S/C15H10O6/c16-6-8-4-10(11(7-17)13(19)5-8)14(20)9-2-1-3-12(18)15(9)21/h1-7,18-19,21H	0.39393832787539	1.0	0.17543859649122806	0.17543859649122806	24.049808368787346
23	InChI=1S/C33H46O11/c1-11-15(2)27(42-18(5)35)16(3)22-24(36)29-23(25(37)28(22)40-10)26(38)30-32(8,44-29)13-12-19-33(30,9)21(41-17(4)34)14-20(43-19)31(6,7)39/h11,16,19-21,26-27,30,38-39H,12-14H2,1-10H3/b15-11+	0.1549549999999999	InChI=1S/C30H46N6O6S/c1-8-18(5)24-29(41)36-12-10-11-22(36)27(40)31-14-23(37)32-20(15-42-30(6,7)9-2)25(38)33-19(13-17(3)4)28-34-21(16-43-28)26(39)35-24/h9,16-20,22,24H,2,8,10-15H2,1,3-7H3,(H,31,40)(H,32,37)(H,33,38)(H,35,39)	0.0815268592358899	InChI=1S/C25H46N8O10/c1-8(2)4-14(22(39)40)32-25(41)31-13(5-10-7-29-24(28)30-10)21(38)33-15-16(34)18(36)20(19(37)17(15)35)43-23-12(27)6-11(26)9(3)42-23/h8-20,23,34-37H,4-7,26-27H2,1-3H3,(H,33,38)(H,39,40)(H3,28,29,30)(H2,31,32,41)	0.18769014167801	0.1079136690647482	0.11278195488721804	0.10144927536231885	-3.5120201748127635
24	InChI=1S/C22H23N5O2/c1-4-21(2,3)22-10-17-18(28)25-16(9-13-11-23-12-24-13)19(29)27(17)20(22)26-15-8-6-5-7-14(15)22/h4-9,11-12,17,20,26H,1,10H2,2-3H3,(H,23,24)(H,25,28)/b16-9-/t17-,20-,22+/m0/s1	0.177151	InChI=1S/C21H25N3O3/c1-15(25)23-18(13-16-9-5-3-6-10-16)21(27)24(2)19(20(22)26)14-17-11-7-4-8-12-17/h3-12,18-19H,13-14H2,1-2H3,(H2,22,26)(H,23,25)	0.1137134279656059	InChI=1S/C23H23N3O3/c1-25-14-19(24-15-25)18-13-26(2)22(27)20(18)21(16-9-5-3-6-10-16)29-23(28)17-11-7-4-8-12-17/h3-12,14-15,18,20-21H,13H2,1-2H3	0.32279873336001	0.09782608695652174	0.1414141414141414	0.14285714285714285	-3.0407080133859723
25	InChI=1S/C11H14N2O/c14-11-3-1-2-10-9-4-8(5-12-6-9)7-13(10)11/h1-3,8-9,12H,4-7H2/t8-,9+/m0/s1	0.730046	InChI=1S/C11H14N2O/c14-11-3-1-2-10-9-4-8(5-12-6-9)7-13(10)11/h1-3,8-9,12H,4-7H2	0.9594014374483808	InChI=1S/C11H14N2O/c1-12(2)7-9-8-13(14)11-6-4-3-5-10(9)11/h3-6,8,14H,7H2,1-2H3	0.41438242310769	1.0	0.09090909090909091	0.09090909090909091	61.40875797024006
26	InChI=1S/C16H12O4/c1-19-12-5-2-10(3-6-12)14-9-20-15-8-11(17)4-7-13(15)16(14)18/h2-9,17H,1H3	0.565876	InChI=1S/C16H12O4/c1-8-12(17)7-11-13(16(8)20-2)15(19)10-6-4-3-5-9(10)14(11)18/h3-7,17H,1-2H3	0.5553244019237653	InChI=1S/C15H12N2O3/c1-20-9-2-3-10-11-6-7-16(19)12-4-5-14(18)17(15(11)12)13(10)8-9/h2-3,6-8H,4-5H2,1H3	0.32804259990961	0.23214285714285715	0.234375	0.15625	8.098337269124668
27	InChI=1S/C13H20O3/c14-12-10-8-6-4-2-1-3-5-7-9-11-13(15)16/h4,6,8,10,12H,1-3,5,7,9,11H2,(H,15,16)	0.351576	InChI=1S/C13H20O4/c1-5-9-13(10-6-2,11(14)16-7-3)12(15)17-8-4/h5-6H,1-2,7-10H2,3-4H3	0.0347436540945275	InChI=1S/C13H18O3/c1-9(14)4-5-11-12(2)6-10(15)7-13(11,3)16-8-12/h4-5,11H,6-8H2,1-3H3	0.53647253973081	0.11627906976744186	0.09433962264150944	0.12	-0.7150181661096311
28	InChI=1S/C20H34O3/c1-2-3-13-16-19(21)17-14-11-9-7-5-4-6-8-10-12-15-18-20(22)23/h9,11,14,17H,2-8,10,12-13,15-16,18H2,1H3,(H,22,23)/b11-9-,17-14+	0.56508375	InChI=1S/C21H34/c1-14(2)17-8-7-16(4)18-10-11-20(5,6)21(18)12-9-15(3)13-19(17)21/h13-14,17,19H,7-12H2,1-6H3	0.0563139636286337	InChI=1S/C21H37N/c1-3-4-5-6-7-8-9-10-11-12-13-14-15-18-21-19-16-17-20(2)22-21/h16-17,19H,3-15,18H2,1-2H3	0.14812230008651	0.014925373134328358	0.16326530612244897	0.06779661016949153	5.429287784179721
29	InChI=1S/C20H24O7/c1-6-11(2)19(23)27-18(20(3,4)24)17(22)13-9-12-7-8-16(21)26-14(12)10-15(13)25-5/h6-10,17-18,22,24H,1-5H3	0.241726	InChI=1S/C22H22O7/c1-24-17-6-12(7-18(25-2)21(17)26-3)19-14-8-16-15(28-10-29-16)5-11(14)4-13-9-27-22(23)20(13)19/h5-8,13,19-20H,4,9-10H2,1-3H3	0.5963378149208808	InChI=1S/C22H22O7/c1-24-18-6-12(7-19(25-2)21(18)26-3)20-13-8-17-16(28-10-29-17)5-11(13)4-14-15(20)9-27-22(14)23/h5-8,14-15,20H,4,9-10H2,1-3H3	0.26826628415536	0.17073170731707318	0.17073170731707318	0.7037037037037037	4.181693470233294
30	InChI=1S/C23H34O5/c1-21-7-5-15(24)10-14(21)3-4-17-18(21)11-19(25)22(2)16(6-8-23(17,22)27)13-9-20(26)28-12-13/h9,14-19,24-25,27H,3-8,10-12H2,1-2H3/t14-,15+,16-,17-,18+,19-,21+,22+,23+/m1/s1	0.83021	InChI=1S/C23H34O5/c1-21-7-5-15(24)10-14(21)3-4-17-16(21)6-8-22(2)20(13-9-19(26)28-12-13)18(25)11-23(17,22)27/h9,14-18,20,24-25,27H,3-8,10-12H2,1-2H3	0.79326098610741	InChI=1S/C23H34O5/c1-2-3-4-7-17(24)9-10-18-19-11-15-6-5-8-22(28-14-23(26)27)20(15)12-16(19)13-21(18)25/h5-6,8,16-19,21,24-25H,2-4,7,9-14H2,1H3,(H,26,27)	0.42340515066564	0.6190476190476191	0.09183673469387756	0.10309278350515463	40.22206448999519
31	InChI=1S/C9H16O4/c10-8(11)6-4-2-1-3-5-7-9(12)13/h1-7H2,(H,10,11)(H,12,13)	0.1378869999999999	InChI=1S/C9H16O4/c1-3-5-6-13-9(11)7-8(10)12-4-2/h3-7H2,1-2H3	0.1382085702285234	InChI=1S/C10H15N5/c1-6(2)7(3)15-5-14-9(11)8-10(15)13-4-12-8/h4-7H,11H2,1-3H3	0.47922054741304	0.1724137931034483	0.0	0.04081632653061224	-2.8795058373634923
32	InChI=1S/C15H21N3O2/c1-15-7-8-17(3)13(15)18(4)12-6-5-10(9-11(12)15)20-14(19)16-2/h5-6,9,13H,7-8H2,1-4H3,(H,16,19)/t13-,15+/m1/s1	0.754402	InChI=1S/C15H21N3O2/c1-15-7-8-17(3)13(15)18(4)12-6-5-10(9-11(12)15)20-14(19)16-2/h5-6,9,13H,7-8H2,1-4H3,(H,16,19)	0.9893876843358164	InChI=1S/C15H21N3O2/c1-15-7-8-17(3)13(15)18(4)12-6-5-10(9-11(12)15)20-14(19)16-2/h5-6,9,13H,7-8H2,1-4H3,(H,16,19)	0.3409969031599	1.0	1.0	1.0	111.75287568035418
33	InChI=1S/C17H32O4/c1-3-4-5-6-7-8-9-10-11-12-13-15(17(20)21)14(2)16(18)19/h14-15H,3-13H2,1-2H3,(H,18,19)(H,20,21)	0.299573	InChI=1S/C21H32O/c1-4-14-6-8-18-17-7-5-15-13-16(22)9-11-21(15,3)19(17)10-12-20(14,18)2/h4,14-15,17-19H,1,5-13H2,2-3H3	0.3241151281473674	InChI=1S/C21H35NO/c1-13(22)17-6-7-18-16-5-4-14-12-15(23)8-10-20(14,2)19(16)9-11-21(17,18)3/h4,13,15-19,23H,5-12,22H2,1-3H3	0.48236979980845	0.03278688524590164	0.06349206349206349	0.24242424242424243	-0.7821331805893312
34	InChI=1S/C20H24O9/c1-7-12(22)26-10-6-17-9-5-8(16(2,3)4)18(17)11(21)13(23)28-15(18)29-20(17,14(24)27-9)19(7,10)25/h7-11,15,21,25H,5-6H2,1-4H3/t7-,8+,9-,10+,11+,15+,17?,18?,19-,20-/m1/s1	0.782643	InChI=1S/C20H24O9/c1-7-12(22)26-10-6-17-9-5-8(16(2,3)4)18(17)11(21)13(23)28-15(18)29-20(17,14(24)27-9)19(7,10)25/h7-11,15,21,25H,5-6H2,1-4H3	0.933535340709759	InChI=1S/C21H29BrO3/c1-24-21(23)15-12-14-20-17-16-19(25-20)13-10-8-6-4-2-3-5-7-9-11-18-22/h6-9,11,18-20H,2-5,12,14-17H2,1H3	0.39817098075846	1.0	0.08695652173913043	0.08695652173913043	65.07897832234947
35	InChI=1S/C20H24O10/c1-6-12(23)28-11-9(21)18-8-5-7(16(2,3)4)17(18)10(22)13(24)29-15(17)30-20(18,14(25)27-8)19(6,11)26/h6-11,15,21-22,26H,5H2,1-4H3/t6-,7?,8-,9-,10+,11+,15+,17+,18+,19-,20-/m1/s1	0.693032	InChI=1S/C20H24O10/c1-6-12(23)28-11-9(21)18-8-5-7(16(2,3)4)17(18)10(22)13(24)29-15(17)30-20(18,14(25)27-8)19(6,11)26/h6-11,15,21-22,26H,5H2,1-4H3	0.8278375067335829	InChI=1S/C21H28O7S/c1-12-6-7-15(28-16(23)8-9-29(5)25)17-18(27-14(3)22)21(11-20(12,17)4)13(2)10-26-19(21)24/h8-9,12,15,17-18H,2,6-7,10-11H2,1,3-5H3	0.38569295524479	1.0	0.1276595744680851	0.1276595744680851	45.124679035828585
36	InChI=1S/C20H24O11/c1-5-12(24)28-11-8(22)18-10-6(21)7(16(2,3)4)17(18)9(23)13(25)30-15(17)31-20(18,14(26)29-10)19(5,11)27/h5-11,15,21-23,27H,1-4H3	0.696535	InChI=1S/C18H26O11/c1-25-15(24)9-6-27-16(11-8(9)3-4-18(11,7-20)26-2)29-17-14(23)13(22)12(21)10(5-19)28-17/h3-4,6,8,10-14,16-17,19-23H,5,7H2,1-2H3	0.1031605297100515	InChI=1S/C24H24O8/c1-17(25)32-20(15-30-23(27)12-9-18-6-4-3-5-7-18)16-31-24(28)13-10-19-8-11-21(26)22(14-19)29-2/h3-14,20,26H,15-16H2,1-2H3	0.33710383175225	0.09782608695652174	0.05555555555555555	0.1111111111111111	14.90208111396544
37	InChI=1S/C23H34O5/c1-21-7-5-15(24)10-14(21)3-4-17-16(21)6-8-22(2)20(13-9-19(26)28-12-13)18(25)11-23(17,22)27/h9,14-18,20,24-25,27H,3-8,10-12H2,1-2H3/t14-,15+,16+,17-,18+,20+,21+,22-,23+/m1/s1	0.675976	InChI=1S/C23H34O5/c1-21-7-5-15(24)10-14(21)3-4-17-20(21)18(25)11-22(2)16(6-8-23(17,22)27)13-9-19(26)28-12-13/h9,14-18,20,24-25,27H,3-8,10-12H2,1-2H3	0.5828911446930061	InChI=1S/C21H32O8/c1-18(8-22)4-3-5-19-9-29-21(27,17(26)14(18)19)20-12(19)6-11(23)13(16(20)25)10(7-28-2)15(20)24/h10-14,16-17,22-23,25-27H,3-9H2,1-2H3	0.35536197732615	0.625	0.16666666666666666	0.16304347826086957	19.131743671681527
38	InChI=1S/C41H64O14/c1-19-36(47)27(42)14-33(50-19)54-38-21(3)52-34(16-29(38)44)55-37-20(2)51-32(15-28(37)43)53-24-8-10-39(4)23(13-24)6-7-26-25(39)9-11-40(5)35(22-12-31(46)49-18-22)30(45)17-41(26,40)48/h12,19-21,23-30,32-38,42-45,47-48H,6-11,13-18H2,1-5H3	0.574449	InChI=1S/C41H64O14/c1-19-36(47)28(42)15-34(50-19)54-38-21(3)52-35(17-30(38)44)55-37-20(2)51-33(16-29(37)43)53-24-8-10-39(4)23(13-24)6-7-26-27(39)14-31(45)40(5)25(9-11-41(26,40)48)22-12-32(46)49-18-22/h12,19-21,23-31,33-38,42-45,47-48H,6-11,13-18H2,1-5H3	0.5083823598548158	InChI=1S/C43H62O14/c1-24-10-12-31-41(4)15-9-16-42(31,5)28(24)20-54-34(26(36(48)49)18-32(44)45)38(51)56-22-40(3)14-8-17-43(6)29(25(2)11-13-30(40)43)21-55-35(39(52)57-23-41)27(19-33(46)47)37(50)53-7/h26-31,34-35H,1-2,8-23H2,3-7H3,(H,44,45)(H,46,47)(H,48,49)	0.08694699465361	0.7341772151898734	0.1592920353982301	0.16071428571428573	11.708613886763041
39	InChI=1S/C20H35N3/c1-3-9-21-18(8-1)20-13-16(12-15-6-5-10-22-19(15)20)17-7-2-4-11-23(17)14-20/h15-19,21-22H,1-14H2/t15-,16+,17+,18+,19+,20+/m0/s1	0.259209	InChI=1S/C21H32O/c1-4-14-6-8-18-17-7-5-15-13-16(22)9-11-21(15,3)19(17)10-12-20(14,18)2/h4,14-15,17-19H,1,5-13H2,2-3H3	0.4370857726216225	InChI=1S/C21H35NO/c1-13(22)17-6-7-18-16-5-4-14-12-15(23)8-10-20(14,2)19(16)9-11-21(17,18)3/h4,13,15-19,23H,5-12,22H2,1-3H3	0.43810291003661	0.06756756756756757	0.0641025641025641	0.24242424242424243	-0.8465377236007248
40	InChI=1S/C17H30O4/c1-3-4-5-6-7-8-9-10-11-12-14-15(16(18)19)13(2)17(20)21-14/h13-15H,3-12H2,1-2H3,(H,18,19)/t13?,14?,15-/m1/s1	0.346957	InChI=1S/C21H35NO2/c1-18-7-4-9-20(24,13-18)16-11-19-8-3-5-14(19)15(22-2)6-10-21(16,19)17(23)12-18/h14-17,22-24H,3-13H2,1-2H3	0.1437898997358405	InChI=1S/C21H33NO/c1-13(23)17-6-7-18-16-5-4-14-12-15(22)8-10-20(14,2)19(16)9-11-21(17,18)3/h4,15-19H,5-12,22H2,1-3H3	0.4603496758684	0.04225352112676056	0.08823529411764706	0.13157894736842105	-0.8692068713183989
41	InChI=1S/C21H35NO/c1-3-4-5-6-7-8-12-15-19-17-21(23)20(22(19)2)16-18-13-10-9-11-14-18/h9-11,13-14,19-21,23H,3-8,12,15-17H2,1-2H3	0.272451	InChI=1S/C21H32O/c1-4-14-6-8-18-17-7-5-15-13-16(22)9-11-21(15,3)19(17)10-12-20(14,18)2/h4-5,16-19,22H,6-13H2,1-3H3	0.3326885607039401	InChI=1S/C21H35NO/c1-13(22)17-6-7-18-16-5-4-14-12-15(23)8-10-20(14,2)19(16)9-11-21(17,18)3/h4,13,15-19,23H,5-12,22H2,1-3H3	0.48289362292782	0.1	0.1095890410958904	0.5471698113207547	-0.35696449193038327
42	InChI=1S/C17H30O4/c1-3-4-5-6-7-8-9-10-11-12-14-15(16(18)19)13(2)17(20)21-14/h13-15H,3-12H2,1-2H3,(H,18,19)/t13?,14?,15-/m1/s1	0.330221	InChI=1S/C21H33NO/c1-13(23)17-6-7-18-16-5-4-14-12-15(22)8-10-20(14,2)19(16)9-11-21(17,18)3/h4,15-19H,5-12,22H2,1-3H3	0.2737675520284598	InChI=1S/C21H33NO/c1-13(23)17-6-7-18-16-5-4-14-12-15(22)8-10-20(14,2)19(16)9-11-21(17,18)3/h4,15-19H,5-12,22H2,1-3H3	0.40367382303049	0.08823529411764706	0.08823529411764706	1.0	3.6152402551594465
43	InChI=1S/C21H35NO.ClH/c1-7-21(5,6)20-10-8-19(9-11-20)12-16(2)13-22-14-17(3)23-18(4)15-22;/h8-11,16-18H,7,12-15H2,1-6H3;1H/t16?,17-,18+;	0.337377	InChI=1S/C22H34O/c1-14(2)18-7-8-19-17-6-5-15-13-16(23)9-11-21(15,3)20(17)10-12-22(18,19)4/h5,16-20,23H,1,6-13H2,2-4H3	0.6031700682441804	InChI=1S/C22H37NO/c1-14(23-4)18-7-8-19-17-6-5-15-13-16(24)9-11-21(15,2)20(17)10-12-22(18,19)3/h5,14,16-20,23-24H,6-13H2,1-4H3	0.45048241865159	0.09333333333333334	0.1038961038961039	0.6111111111111112	4.408765333974601
44	InChI=1S/C20H27NO3/c1-18-7-6-14-12(13(18)3-4-15(18)22)5-8-20-17(24-20)16(23)11(10-21)9-19(14,20)2/h12-15,17,22-23H,3-9H2,1-2H3/t12-,13-,14-,15-,17+,18-,19+,20+/m0/s1	0.4236297	InChI=1S/C22H37NO2/c1-13(23-4)20-19(25)12-18-16-6-5-14-11-15(24)7-9-21(14,2)17(16)8-10-22(18,20)3/h5,13,15-20,23-25H,6-12H2,1-4H3	0.8380099024717933	InChI=1S/C22H35NO/c1-14(23-4)18-7-8-19-17-6-5-15-13-16(24)9-11-21(15,2)20(17)10-12-22(18,19)3/h13-14,17-20,23H,5-12H2,1-4H3	0.41410072336769	0.19230769230769232	0.21333333333333335	0.373134328358209	8.251013447171736
45	InChI=1S/C21H35NO.ClH/c1-7-21(5,6)20-10-8-19(9-11-20)12-16(2)13-22-14-17(3)23-18(4)15-22;/h8-11,16-18H,7,12-15H2,1-6H3;1H/t16?,17-,18+;	0.3442199999999999	InChI=1S/C22H34O/c1-14(2)18-7-8-19-17-6-5-15-13-16(23)9-11-21(15,3)20(17)10-12-22(18,19)4/h5,16-20,23H,1,6-13H2,2-4H3	0.6235421345172129	InChI=1S/C22H37NO/c1-14(23-4)18-7-8-19-17-6-5-15-13-16(24)9-11-21(15,2)20(17)10-12-22(18,19)3/h5,14,16-20,23-24H,6-13H2,1-4H3	0.45093260160841	0.09333333333333334	0.1038961038961039	0.6111111111111112	5.1320918331650915
46	InChI=1S/C31H38O5/c1-18(2)8-9-21-14-22(15-24(32)28(21)35-7)23-11-12-30-17-25(20(5)6)36-27(30)16-26(33)31(23,29(30)34)13-10-19(3)4/h8,10,14-16,23,25,32H,5,9,11-13,17H2,1-4,6-7H3/t23-,25+,30+,31+/m0/s1	0.27838882499999995	InChI=1S/C30H42N4O2/c1-31-17-11-21-33(29(35)23-27(31)25-13-5-3-6-14-25)19-9-10-20-34-22-12-18-32(2)28(24-30(34)36)26-15-7-4-8-16-26/h3-8,13-16,27-28H,9-12,17-24H2,1-2H3	0.1434029350340974	InChI=1S/C30H42N4O2/c1-31-17-11-21-33(29(35)23-27(31)25-13-5-3-6-14-25)19-9-10-20-34-22-12-18-32(2)28(24-30(34)36)26-15-7-4-8-16-26/h3-8,13-16,27-28H,9-12,17-24H2,1-2H3	0.41275229017767	0.10112359550561797	0.10112359550561797	1.0	2.1865951796216567
47	InChI=1S/C21H20O12/c22-6-13-15(26)17(28)19(30)21(33-13)32-11-2-1-7(3-9(11)24)20-18(29)16(27)14-10(25)4-8(23)5-12(14)31-20/h1-5,13,15,17,19,21-26,28-30H,6H2/t13-,15-,17+,19-,21-/m1/s1	0.762283	InChI=1S/C21H20O12/c22-6-13-15(27)17(29)18(30)21(32-13)33-20-16(28)14-11(26)4-8(23)5-12(14)31-19(20)7-1-2-9(24)10(25)3-7/h1-5,13,15,17-18,21-27,29-30H,6H2	0.5593417950914948	InChI=1S/C21H20O12/c22-6-9-15(27)17(29)20(30)33-21(9)32-19-16(28)14-12(26)4-8(23)5-13(14)31-18(19)7-1-2-10(24)11(25)3-7/h1-5,9,15,17,20-27,29-30H,6H2	0.47418492574751	0.7377049180327869	0.5507246376811594	0.7540983606557377	37.22043559261173
48	InChI=1S/C16H14O4/c1-10(2)5-7-19-16-14-12(6-8-18-14)9-11-3-4-13(17)20-15(11)16/h3-6,8-9H,7H2,1-2H3	0.6873739999999999	InChI=1S/C16H14O4/c1-10(2)5-7-19-16-14-12(6-8-18-14)9-11-3-4-13(17)20-15(11)16/h3-6,8-9H,7H2,1-2H3	0.8072784775642268	InChI=1S/C16H14O4/c1-10(2)5-7-19-16-14-12(6-8-18-14)9-11-3-4-13(17)20-15(11)16/h3-6,8-9H,7H2,1-2H3	0.39215342595617	1.0	1.0	1.0	70.76335835393135
49	InChI=1S/C27H35NO12/c1-4-14-16(8-18-15-9-20(32)19(31)7-13(15)5-6-28(18)12(2)30)17(25(36)37-3)11-38-26(14)40-27-24(35)23(34)22(33)21(10-29)39-27/h4,7,9,11,14,16,18,21-24,26-27,29,31-35H,1,5-6,8,10H2,2-3H3/t14-,16+,18-,21-,22-,23+,24-,26+,27+/m1/s1	0.569591	InChI=1S/C27H35NO12/c1-4-14-16(8-18-15-9-20(32)19(31)7-13(15)5-6-28(18)12(2)30)17(25(36)37-3)11-38-26(14)40-27-24(35)23(34)22(33)21(10-29)39-27/h4,7,9,11,14,16,18,21-24,26-27,29,31-35H,1,5-6,8,10H2,2-3H3	0.9686696349397028	InChI=1S/C27H35NO12/c1-4-15-17(8-14-7-16-13(9-28(14)12(2)30)5-6-19(31)21(16)32)18(25(36)37-3)11-38-26(15)40-27-24(35)23(34)22(33)20(10-29)39-27/h4-6,11,14-15,17,20,22-24,26-27,29,31-35H,1,7-10H2,2-3H3	0.29169522477707	1.0	0.6404494382022472	0.6404494382022472	56.20391211229505
50	InChI=1S/C12H16O5/c1-15-9-6-8(4-5-11(13)14)7-10(16-2)12(9)17-3/h6-7H,4-5H2,1-3H3,(H,13,14)	0.1071049999999999	InChI=1S/C16H16O2/c1-11(13-3-7-15(17)8-4-13)12(2)14-5-9-16(18)10-6-14/h3-10,17-18H,1-2H3	0.0903975447489391	InChI=1S/C16H19NO2/c1-10-4-2-6-12-14(10)16(18)15-11-5-3-8-17(11)9-7-13(15)19-12/h2,4,6,11,13,15H,3,5,7-9H2,1H3	0.27369855723828	0.10526315789473684	0.06349206349206349	0.0784313725490196	-3.8608329415798037
51	InChI=1S/C10H10O4/c1-14-9-6-7(2-4-8(9)11)3-5-10(12)13/h2-6,11H,1H3,(H,12,13)/b5-3+	0.682696	InChI=1S/C10H10O4/c1-14-9-6-7(2-4-8(9)11)3-5-10(12)13/h2-6,11H,1H3,(H,12,13)	0.7153157053143155	InChI=1S/C10H10O4/c1-14-9-6-7(2-4-8(9)11)3-5-10(12)13/h2-6,11H,1H3,(H,12,13)	0.3522652030742	1.0	1.0	1.0	59.15062843487072
52	InChI=1S/C20H30O2/c1-13(2)14-6-8-16-15(12-14)7-9-17-19(16,3)10-5-11-20(17,4)18(21)22/h7,12-13,16-17H,5-6,8-11H2,1-4H3,(H,21,22)/t16-,17+,19+,20+/m0/s1	0.537467775	InChI=1S/C21H34O/c1-14(22)17-9-10-18-16-8-7-15-6-4-5-12-20(15,2)19(16)11-13-21(17,18)3/h15-19H,4-13H2,1-3H3	0.1540346463657201	InChI=1S/C21H37NO/c1-13(22)17-6-7-18-16-5-4-14-12-15(23)8-10-20(14,2)19(16)9-11-21(17,18)3/h13-19,23H,4-12,22H2,1-3H3	0.39749616745543	0.2	0.15942028985507245	0.38461538461538464	4.880667825233588
53	InChI=1S/C16H12O5/c1-20-13-6-11(18)7-14-15(13)16(19)12(8-21-14)9-2-4-10(17)5-3-9/h2-8,17-18H,1H3	0.780872	InChI=1S/C16H12O5/c1-20-11-6-13(18)15-14(7-11)21-8-12(16(15)19)9-2-4-10(17)5-3-9/h2-8,17-18H,1H3	0.5849028324204277	InChI=1S/C16H12O5/c1-20-11-4-2-9(3-5-11)14-8-13(19)16-12(18)6-10(17)7-15(16)21-14/h2-8,17-18H,1H3	0.36361130484856	0.6818181818181818	0.37037037037037035	0.45098039215686275	30.420359808644378
54	InChI=1S/C21H20O12/c22-6-13-15(26)17(28)19(30)21(33-13)32-11-2-1-7(3-9(11)24)20-18(29)16(27)14-10(25)4-8(23)5-12(14)31-20/h1-5,13,15,17,19,21-26,28-30H,6H2/t13-,15-,17+,19-,21-/m1/s1	0.789319	InChI=1S/C21H20O12/c22-6-13-15(27)17(29)18(30)21(32-13)33-20-16(28)14-11(26)4-8(23)5-12(14)31-19(20)7-1-2-9(24)10(25)3-7/h1-5,13,15,17-18,21-27,29-30H,6H2	0.4202953999216302	InChI=1S/C21H20O12/c22-6-9-15(27)17(29)20(30)33-21(9)32-19-16(28)14-12(26)4-8(23)5-13(14)31-18(19)7-1-2-10(24)11(25)3-7/h1-5,9,15,17,20-27,29-30H,6H2	0.51367371485755	0.7377049180327869	0.5507246376811594	0.7540983606557377	36.21538608298494
55	InChI=1S/C16H12O7/c1-22-11-4-7(2-3-9(11)18)16-15(21)14(20)13-10(19)5-8(17)6-12(13)23-16/h2-6,17-19,21H,1H3	0.804517	InChI=1S/C16H12O7/c1-22-16-14(21)13-11(20)5-8(17)6-12(13)23-15(16)7-2-3-9(18)10(19)4-7/h2-6,17-20H,1H3	0.2341939348184739	InChI=1S/C16H12O7/c1-22-11-4-7(2-3-9(11)18)16-15(21)14(20)13-10(19)5-8(17)6-12(13)23-16/h2-6,17-19,21H,1H3	0.47298065623656	0.6458333333333334	1.0	0.6458333333333334	39.884305078884616
56	InChI=1S/C15H10O6/c16-8-3-1-7(2-4-8)15-14(20)13(19)12-10(18)5-9(17)6-11(12)21-15/h1-6,16-18,20H	0.710249	InChI=1S/C15H10O6/c16-8-3-1-7(2-4-8)15-14(20)13(19)12-10(18)5-9(17)6-11(12)21-15/h1-6,16-18,20H	0.7108033645964413	InChI=1S/C11H10O9/c12-5-1-4(2-6(13)9(5)16)11(19)20-7(10(17)18)3-8(14)15/h1-2,7,12-13,16H,3H2,(H,14,15)(H,17,18)	0.41894180061189	1.0	0.14814814814814814	0.14814814814814814	39.73970931628976
57	InChI=1S/C15H24N2O/c18-14-7-1-6-13-12-5-3-9-16-8-2-4-11(15(12)16)10-17(13)14/h11-13,15H,1-10H2/t11-,12+,13+,15-/m0/s1	0.547683	InChI=1S/C15H24N2O/c18-14-7-1-6-13-12-5-3-9-16-8-2-4-11(15(12)16)10-17(13)14/h11-13,15H,1-10H2	0.5967742123438804	InChI=1S/C15H24N2O/c18-14-8-2-7-13-16-9-3-6-11-4-1-5-12(15(11)16)10-17(13)14/h11-13,15H,1-10H2	0.47593719805263	1.0	0.5365853658536586	0.5365853658536586	19.2357861839886
58	InChI=1S/C19H33N3O5/c1-11(2)9-14-18(25)20-8-6-7-16(23)27-15(10-12(3)4)19(26)21-13(5)17(24)22-14/h11-15H,6-10H2,1-5H3,(H,20,25)(H,21,26)(H,22,24)	0.105448	InChI=1S/C25H37NO/c1-2-3-4-5-6-7-8-9-10-11-12-13-14-15-19-22-25(27)26-23-24-20-17-16-18-21-24/h3-4,6-7,9-10,16-18,20-21H,2,5,8,11-15,19,22-23H2,1H3,(H,26,27)	0.0813900630394139	InChI=1S/C25H31N3O2/c29-24(16-14-22-10-3-1-4-11-22)27-20-8-7-18-26-19-9-21-28-25(30)17-15-23-12-5-2-6-13-23/h1-6,10-17,26H,7-9,18-21H2,(H,27,29)(H,28,30)	0.40635418281002	0.05405405405405406	0.04225352112676056	0.21428571428571427	-3.7102739283513655
59	InChI=1S/C16H23NO6/c1-9-13(18)23-11-5-7-17-6-4-10(12(11)17)8-22-14(19)16(3,21)15(9,2)20/h4,9,11-12,20-21H,5-8H2,1-3H3/t9-,11+,12+,15+,16-/m0/s1	0.789806	InChI=1S/C16H23NO6/c1-9-13(18)23-11-5-7-17-6-4-10(12(11)17)8-22-14(19)16(3,21)15(9,2)20/h4,9,11-12,20-21H,5-8H2,1-3H3	0.8033631054554506	InChI=1S/C20H23NO3/c1-9-4-18-7-20(24)16-17(2)5-10(22)6-19(16)12(18)3-11(9)14(23)13(18)15(19)21(20)8-17/h11-13,15-16,24H,1,3-8H2,2H3	0.31809029607928	1.0	0.14814814814814814	0.14814814814814814	54.02250259615508
60	InChI=1S/C21H20O12/c1-6-14(26)17(29)18(30)21(31-6)33-20-16(28)13-9(23)4-8(22)5-12(13)32-19(20)7-2-10(24)15(27)11(25)3-7/h2-6,14,17-18,21-27,29-30H,1H3/t6-,14-,17+,18+,21-/m0/s1	0.5686439999999999	InChI=1S/C21H20O12/c22-6-13-15(27)17(29)18(30)21(32-13)33-20-16(28)14-11(26)4-8(23)5-12(14)31-19(20)7-1-2-9(24)10(25)3-7/h1-5,13,15,17-18,21-27,29-30H,6H2	0.4302747429959888	InChI=1S/C21H20O12/c1-6-14(25)17(28)19(30)21(31-6)32-8-4-9(22)13-12(5-8)33-20(18(29)16(13)27)7-2-10(23)15(26)11(24)3-7/h2-6,14,17,19,21-26,28-30H,1H3	0.34980892079714	0.6190476190476191	0.7321428571428571	0.44285714285714284	10.45324873541699
61	InChI=1S/C30H47NO4S/c1-7-28(4)16-24(35-25(33)17-36-22-14-20-8-9-21(15-22)31(20)6)29(5)18(2)10-12-30(19(3)27(28)34)13-11-23(32)26(29)30/h7,18-22,24,26-27,34H,1,8-17H2,2-6H3/t18-,19-,20-,21+,22-,24+,26-,27-,28-,29-,30-/m0/s1	0.244785	InChI=1S/C30H44O6/c1-17-9-14-30(24(34)35)16-15-26(3)18(22(30)29(17,6)36)7-8-19-25(2)12-11-21(31)28(5,23(32)33)20(25)10-13-27(19,26)4/h7,19-22,31,36H,1,8-16H2,2-6H3,(H,32,33)(H,34,35)	0.1159466183411936	InChI=1S/C30H47NO6/c1-17-27(31)24(34-4)15-26(36-17)37-20-7-10-28(2)19(14-20)5-6-23-22(28)8-11-29(3)21(9-12-30(23,29)33)18-13-25(32)35-16-18/h13,17,19-24,26-27,33H,5-12,14-16,31H2,1-4H3	0.23912822422324	0.16666666666666666	0.1271186440677966	0.14814814814814814	-2.463373173867966
62	InChI=1S/C12H16N2O/c1-13-6-9-5-10(8-13)11-3-2-4-12(15)14(11)7-9/h2-4,9-10H,5-8H2,1H3	0.472343	InChI=1S/C12H16N2O/c1-13-6-9-5-10(8-13)11-3-2-4-12(15)14(11)7-9/h2-4,9-10H,5-8H2,1H3	0.388123816321349	InChI=1S/C12H16N2O/c1-14(2)8-9-7-13-12-5-4-10(15-3)6-11(9)12/h4-7,13H,8H2,1-3H3	0.38222709423997	1.0	0.06666666666666667	0.06666666666666667	7.65206258860936
63	InChI=1S/C19H37NO3/c1-2-3-4-5-6-7-8-9-10-11-12-13-14-15-16-18(21)20-17-19(22)23/h2-17H2,1H3,(H,20,21)(H,22,23)	0.103432	InChI=1S/C19H34O3/c1-2-3-4-5-6-9-12-16-15-17(16)13-10-7-8-11-14-18(20)19(21)22/h18,20H,2-15H2,1H3,(H,21,22)	0.0953080122164942	InChI=1S/C15H33N7O/c16-12(8-7-11-22-15(19)20)13(23)9-5-3-1-2-4-6-10-21-14(17)18/h12H,1-11,16H2,(H4,17,18,21)(H4,19,20,22)	0.35425613116528	0.3170731707317073	0.17391304347826086	0.17647058823529413	-3.7845898055021645
64	InChI=1S/C11H14N2/c1-12-7-6-9-8-13-11-5-3-2-4-10(9)11/h2-5,8,12-13H,6-7H2,1H3	0.740592	InChI=1S/C11H14N2/c1-12-7-6-9-8-13-11-5-3-2-4-10(9)11/h2-5,8,12-13H,6-7H2,1H3	0.9347351330562012	InChI=1S/C11H14N2/c1-12-7-6-9-8-13-11-5-3-2-4-10(9)11/h2-5,8,12-13H,6-7H2,1H3	0.56698142063695	1.0	1.0	1.0	107.87684355999752
65	InChI=1S/C9H6O3/c10-7-3-1-6-2-4-9(11)12-8(6)5-7/h1-5,10H	0.8653209999999999	InChI=1S/C9H6O3/c10-7-3-1-6-2-4-9(11)12-8(6)5-7/h1-5,10H	0.8195777408092029	InChI=1S/C8H6N2O2/c11-10(12)8-5-9-7-4-2-1-3-6(7)8/h1-5,9H	0.64907210273945	1.0	0.09090909090909091	0.09090909090909091	70.54588666851339
66	InChI=1S/C13H9NO/c15-13-9-5-1-3-7-11(9)14-12-8-4-2-6-10(12)13/h1-8H,(H,14,15)	0.558333	InChI=1S/C13H9NO/c15-13-12-7-2-1-5-10(12)9-11-6-3-4-8-14(11)13/h1-9H	0.4527122311314787	InChI=1S/C13H9NO/c15-13-12-6-5-9-3-1-2-4-10(9)11(12)7-8-14-13/h1-8H,(H,14,15)	0.29957343113548	0.2571428571428571	0.19444444444444445	0.21428571428571427	6.7349091002341375
67	InChI=1S/C22H23NO3/c1-25-21-10-18-16-8-13-4-3-7-23(13)12-20(16)15-6-5-14(24)9-17(15)19(18)11-22(21)26-2/h5-6,9-11,13,24H,3-4,7-8,12H2,1-2H3	0.358699	InChI=1S/C22H25NO4/c1-13-15-6-7-18(24-2)22(27-5)17(15)12-23-9-8-14-10-19(25-3)20(26-4)11-16(14)21(13)23/h6-7,10-11H,8-9,12H2,1-5H3	0.0982904096634278	InChI=1S/C22H23NO3/c1-25-14-5-6-15-16-8-13-4-3-7-23(13)12-20(16)19-11-22(26-2)21(24)10-18(19)17(15)9-14/h5-6,9-11,13,24H,3-4,7-8,12H2,1-2H3	0.30285254707272	0.25757575757575757	0.7450980392156863	0.22857142857142856	-0.4200844329239545
68	InChI=1S/C18H16O7/c1-22-10-7-12(20)15-14(8-10)25-17(18(24-3)16(15)21)9-4-5-11(19)13(6-9)23-2/h4-8,19-20H,1-3H3	0.710782	InChI=1S/C18H16O7/c1-22-10-7-12(20)15-14(8-10)25-17(18(24-3)16(15)21)9-4-5-11(19)13(6-9)23-2/h4-8,19-20H,1-3H3	0.7814783299507078	InChI=1S/C18H16O7/c1-22-10-4-5-11-13(8-10)25-17(18(24-3)15(11)20)9-6-12(19)16(21)14(7-9)23-2/h4-8,19,21H,1-3H3	0.3531661343593	1.0	0.5849056603773585	0.5849056603773585	48.11237990991875
69	InChI=1S/C7H6O3/c8-6-4-2-1-3-5(6)7(9)10/h1-4,8H,(H,9,10)	0.58834	InChI=1S/C7H8O4/c1-4(3-6(8)9)5(2)7(10)11/h1-3H2,(H,8,9)(H,10,11)	0.0318478109359886	InChI=1S/C7H6O3/c8-4-5-3-6(9)1-2-7(5)10/h1-3,8H,4H2	0.36797437698744	0.12903225806451613	0.12121212121212122	0.09090909090909091	6.5731874985742715
70	InChI=1S/C13H15NO2/c1-4-9-12(15)11-8(3)5-7(2)6-10(11)14-13(9)16/h5-6H,4H2,1-3H3,(H2,14,15,16)	0.398157	InChI=1S/C13H12O2/c1-8(2)13-7-11-6-10(9(3)14)4-5-12(11)15-13/h4-7H,1H2,2-3H3	0.0610232598075765	InChI=1S/C13H15NO2/c15-12-7-9-3-4-10-8-11(9)13(16-12)5-1-2-6-14(10)13/h3-4,7,10-11H,1-2,5-6,8H2	0.48954754279334	0.1111111111111111	0.030303030303030304	0.07936507936507936	-0.41813413651435916
71	InChI=1S/C11H16N2O2/c1-3-10-8(6-15-11(10)14)4-9-5-12-7-13(9)2/h5,7-8,10H,3-4,6H2,1-2H3	0.67578	InChI=1S/C11H16N2O2/c1-3-10-8(6-15-11(10)14)4-9-5-12-7-13(9)2/h5,7-8,10H,3-4,6H2,1-2H3	0.5879425712465017	InChI=1S/C12H16O3/c1-15-11-7-4-6-10(9-11)5-2-3-8-12(13)14/h4,6-7,9H,2-3,5,8H2,1H3,(H,13,14)	0.50922793212085	1.0	0.07936507936507936	0.07936507936507936	29.69336843104252
72	InChI=1S/C37H42N2O6/c1-38-15-13-26-20-36(43-4)37(44-5)22-29(26)30(38)16-23-6-9-27(10-7-23)45-35-18-24(8-11-32(35)40)17-31-28-21-33(41)34(42-3)19-25(28)12-14-39(31)2/h6-11,18-22,30-31,40-41H,12-17H2,1-5H3	0.671845	InChI=1S/C37H42N2O6/c1-38-15-13-26-20-36(43-4)37(44-5)22-29(26)30(38)16-23-6-9-27(10-7-23)45-35-18-24(8-11-32(35)40)17-31-28-21-33(41)34(42-3)19-25(28)12-14-39(31)2/h6-11,18-22,30-31,40-41H,12-17H2,1-5H3	0.4027281047772939	InChI=1S/C37H42N2O6/c1-39-13-11-25-19-35(43-3)37(45-5)21-27(25)31(39)17-23-7-9-33(41)29(15-23)28-14-22(6-8-32(28)40)16-30-26-20-36(44-4)34(42-2)18-24(26)10-12-38-30/h6-9,14-15,18-21,30-31,38,40-41H,10-13,16-17H2,1-5H3	0.47377186460111	1.0	0.609375	0.609375	26.968499780751326
73	InChI=1S/C18H35NO3/c1-2-3-4-5-6-7-8-9-10-11-12-13-14-15-17(20)19-16-18(21)22/h2-16H2,1H3,(H,19,20)(H,21,22)	0.260717	InChI=1S/C18H32O3/c1-2-3-4-11-14-17(19)15-12-9-7-5-6-8-10-13-16-18(20)21/h9,11-12,14,17,19H,2-8,10,13,15-16H2,1H3,(H,20,21)	0.107020797327591	InChI=1S/C18H35NO3/c1-2-3-6-10-16(21)11-8-5-4-7-9-15-12-13-18(22)17(14-20)19-15/h15,17-20,22H,2-14H2,1H3	0.43461188850179	0.3333333333333333	0.2708333333333333	0.21052631578947367	-1.9522185641720728
74	InChI=1S/C37H40N4O4/c1-4-22-19-40(2)33-18-29-26-10-6-8-12-32(26)39-36(29)30(17-28(22)34(33)37(44)45-3)35-27(25-9-5-7-11-31(25)38-35)15-16-41-23(20-42)13-14-24(41)21-43/h4-14,20,28,30,33-34,38-39,43H,15-19,21H2,1-3H3/b22-4-/t28-,30-,33?,34+/m1/s1	0.803604	InChI=1S/C31H41NO10/c1-5-18-19(11-24(34)35)20(28(38)39-4)13-30(8-6-7-9-30)27(18)42-29-25(36)26(37)31(23(14-33)41-29)12-17-10-21(16(2)3)32-22(17)15-40-31/h5,10,12-13,15-16,18-19,23,25-27,29,32-33,36-37H,1,6-9,11,14H2,2-4H3,(H,34,35)	0.3196562241715621	InChI=1S/C23H40N8O11/c1-10(28-20(38)12(25)7-15(26)33)19(37)30-14(8-17(35)36)21(39)27-9-16(34)31-18(11(2)32)22(40)29-13(23(41)42)5-3-4-6-24/h10-14,18,32H,3-9,24-25H2,1-2H3,(H2,26,33)(H,27,39)(H,28,38)(H,29,40)(H,30,37)(H,31,34)(H,35,36)(H,41,42)	0.15678404955502	0.1417910447761194	0.056	0.07142857142857142	23.96364062237268
75	InChI=1S/C7H6O5/c8-4-2-1-3(7(11)12)5(9)6(4)10/h1-2,8-10H,(H,11,12)	0.38844224999999993	InChI=1S/C15H8O6/c16-9-3-1-2-7-11(9)14(19)12-8(13(7)18)4-6(15(20)21)5-10(12)17/h1-5,16-17H,(H,20,21)	0.2368206716614698	InChI=1S/C16H12O3S/c1-20-12-3-2-4-13-14(9-12)19-16(18)15(13)10-5-7-11(17)8-6-10/h2-9,17H,1H3	0.41046196773886	0.25	0.12	0.23636363636363636	-0.4712159821520261
76	InChI=1S/C27H30O16/c1-8-17(32)20(35)22(37)26(40-8)39-7-15-18(33)21(36)23(38)27(42-15)43-25-19(34)16-13(31)5-10(28)6-14(16)41-24(25)9-2-3-11(29)12(30)4-9/h2-6,8,15,17-18,20-23,26-33,35-38H,7H2,1H3/t8-,15+,17-,18+,20+,21-,22+,23+,26+,27-/m0/s1	0.871016	InChI=1S/C27H30O16/c1-8-17(32)20(35)22(37)26(40-8)39-7-15-18(33)21(36)23(38)27(42-15)43-25-19(34)16-13(31)5-10(28)6-14(16)41-24(25)9-2-3-11(29)12(30)4-9/h2-6,8,15,17-18,20-23,26-33,35-38H,7H2,1H3	0.7948517397128216	InChI=1S/C27H30O16/c1-8-17(31)20(34)23(37)26(40-8)39-7-15-18(32)21(35)24(38)27(43-15)41-10-5-13(30)16-14(6-10)42-25(22(36)19(16)33)9-2-3-11(28)12(29)4-9/h2-6,8,15,17-18,20-21,23-24,26-32,34-38H,7H2,1H3	0.56523970098364	1.0	0.7681159420289855	0.7681159420289855	89.48076628957872
77	InChI=1S/C19H16O4/c20-16-7-1-14(2-8-16)5-11-18(22)13-19(23)12-6-15-3-9-17(21)10-4-15/h1-12,20-21H,13H2	0.405785	InChI=1S/C13H18O7/c14-5-7-3-1-2-4-8(7)19-13-12(18)11(17)10(16)9(6-15)20-13/h1-4,9-18H,5-6H2	0.6150001196694481	InChI=1S/C18H12O5/c1-2-19-13-5-14-11(3-9(1)13)18-12(7-20-14)10-4-16-17(22-8-21-16)6-15(10)23-18/h1-6,12,18H,7-8H2	0.34811797773227	0.12244897959183673	0.05084745762711865	0.10606060606060606	2.4665498655543
78	InChI=1S/C15H18O3/c1-8-10-4-6-15(3)7-5-11(16)9(2)12(15)13(10)18-14(8)17/h5,7-8,10,13H,4,6H2,1-3H3/t8-,10-,13-,15-/m0/s1	0.797629	InChI=1S/C13H20O3/c1-9-6-11(16)7-13(3,8-14)12(9)5-4-10(2)15/h8,11,16H,4-7H2,1-3H3	0.1036291806027888	InChI=1S/C15H18O3/c1-9(14(17)18)11-4-5-12-6-7-13(16)10(2)15(12,3)8-11/h5-7,10-11H,1,4,8H2,2-3H3,(H,17,18)	0.43134179703766	0.125	0.171875	0.15873015873015872	23.226101936695276
79	InChI=1S/C17H21NO4/c1-18-13-7-11(8-14(18)16-15(13)22-16)21-17(20)12(9-19)10-5-3-2-4-6-10/h2-6,11-16,19H,7-9H2,1H3/t11-,12-,13-,14+,15-,16+/m1/s1	0.786393	InChI=1S/C17H21NO4/c1-18-13-7-11(8-14(18)16-15(13)22-16)21-17(20)12(9-19)10-5-3-2-4-6-10/h2-6,11-16,19H,7-9H2,1H3	0.911063821445137	InChI=1S/C17H21NO4/c1-18-13-7-11(8-14(18)16-15(13)22-16)21-17(20)12(9-19)10-5-3-2-4-6-10/h2-6,11-16,19H,7-9H2,1H3	0.46590938763033	1.0	1.0	1.0	105.65879083628701
80	InChI=1S/C10H8O4/c1-13-9-5-8-6(4-7(9)11)2-3-10(12)14-8/h2-5,11H,1H3	0.786675	InChI=1S/C10H8O4/c1-13-9-4-6-2-3-10(12)14-8(6)5-7(9)11/h2-5,11H,1H3	0.8449004702977246	InChI=1S/C10H8O4/c11-5-7-4-6-2-1-3-8(12)9(6)10(13)14-7/h1-4,11-12H,5H2	0.32836720822442	0.9032258064516129	0.2553191489361702	0.25	52.18270655975503
81	InChI=1S/C15H26N2/c1-3-7-16-11-13-9-12(14(16)5-1)10-17-8-4-2-6-15(13)17/h12-15H,1-11H2	0.6433300000000001	InChI=1S/C15H26N2/c1-3-7-16-11-13-9-12(14(16)5-1)10-17-8-4-2-6-15(13)17/h12-15H,1-11H2	0.7287738634102232	InChI=1S/C15H26N2/c1-2-9-16-11-13-6-3-5-12-7-4-10-17(15(12)13)14(16)8-1/h12-15H,1-11H2	0.47442334770569	1.0	0.38235294117647056	0.38235294117647056	33.27484627138376
82	InChI=1S/C31H43N3O8/c1-8-12-33-26-21-13-17(2)14-25(41-7)27(36)19(4)15-20(5)29(42-31(32)39)24(40-6)11-9-10-18(3)30(38)34-22(28(21)37)16-23(26)35/h8-11,15-17,19,24-25,27,29,33,36H,1,12-14H2,2-7H3,(H2,32,39)(H,34,38)	0.0445952	InChI=1S/C32H40O9/c1-8-16(2)28(36)40-26-23-24(35)31(6,19(29(26,3)4)13-21(33)37-7)18-9-11-30(5)20(32(18)27(23)41-32)14-22(34)39-25(30)17-10-12-38-15-17/h8,10,12,15,18-20,23,25-27H,9,11,13-14H2,1-7H3	0.506670561149574	InChI=1S/C22H43N5O13/c1-22(36,2-3-23)21(35)27-10-13(31)8(25)17(39-19-9(26)14(32)11(29)6(4-24)37-19)18(15(10)33)40-20-16(34)12(30)7(5-28)38-20/h6-20,28-34,36H,2-5,23-26H2,1H3,(H,27,35)	0.08563047778695	0.13333333333333333	0.08196721311475409	0.075	-2.8803042912705723
83	InChI=1S/C9H10O5/c1-13-6-3-5(9(11)12)4-7(14-2)8(6)10/h3-4,10H,1-2H3,(H,11,12)	0.797457	InChI=1S/C9H10O5/c1-13-6-3-5(9(11)12)4-7(14-2)8(6)10/h3-4,10H,1-2H3,(H,11,12)	0.7252965469735431	InChI=1S/C9H10O5/c10-6-2-1-5(3-7(6)11)4-8(12)9(13)14/h1-3,8,10-12H,4H2,(H,13,14)	0.23563394480001	1.0	0.2	0.2	50.338231476668845
84	InChI=1S/C20H24N2O/c1-3-11-10-22-15-8-12(11)17-16(22)9-20(19(17)23)13-6-4-5-7-14(13)21(2)18(15)20/h3-7,12,15-19,23H,8-10H2,1-2H3/b11-3+/t12?,15-,16-,17?,18-,19+,20+/m0/s1	0.501951	InChI=1S/C20H24N2O/c1-3-14-13-22-10-8-17-16-6-4-5-7-18(16)21-20(17)19(22)12-15(14)9-11-23-2/h3-7,9,11,14-15,19,21H,1,8,10,12-13H2,2H3	0.7432502634401368	InChI=1S/C20H24N2O/c23-12-14-5-3-4-13-11-22-9-8-16-15-6-1-2-7-18(15)21-20(16)19(22)10-17(13)14/h1-2,5-7,13,17,19,21,23H,3-4,8-12H2	0.49449848818048	0.15476190476190477	0.15476190476190477	0.4492753623188406	9.415537709705138
85	InChI=1S/C10H13N5/c1-7(2)3-4-15-6-14-9(11)8-10(15)13-5-12-8/h3,5-6H,4,11H2,1-2H3	0.738178	InChI=1S/C10H13N5/c11-9-8-10(13-5-12-9)15(6-14-8)7-3-1-2-4-7/h5-7H,1-4H2,(H2,11,12,13)	0.5867159081707349	InChI=1S/C10H13N5/c1-7(2)3-4-15-6-14-8-9(11)12-5-13-10(8)15/h3,5-6H,4H2,1-2H3,(H2,11,12,13)	0.56840703708899	0.21153846153846154	0.5714285714285714	0.4	23.056438915757894
86	InChI=1S/C7H7NO2/c1-8-4-2-3-6(5-8)7(9)10/h2-5H,1H3	0.645196	InChI=1S/C7H7NO2/c1-10-7(9)6-4-2-3-5-8-6/h2-5H,1H3	0.2447706503949176	InChI=1S/C7H7NO2/c9-7-8-5-3-1-2-4-6(5)10-7/h1-6H,(H,8,9)	0.43349848550515	0.2	0.09523809523809523	0.09523809523809523	11.395099053513043
87	InChI=1S/C11H14O3/c1-5-8-6-10(13-3)11(14-4)7-9(8)12-2/h5-7H,1H2,2-4H3	0.742502	InChI=1S/C11H14O3/c1-5-8-6-10(13-3)11(14-4)7-9(8)12-2/h5-7H,1H2,2-4H3	0.7589611699293122	InChI=1S/C11H14O3/c1-8(13)2-3-9-4-5-11(14)10(6-9)7-12/h4-8,13-14H,2-3H2,1H3	0.46448456178041	1.0	0.1590909090909091	0.1590909090909091	46.38263370496374
88	InChI=1S/C24H27NO3/c1-13-11-20(28-5)23-17(7-6-8-19(23)27-4)21(13)18-10-9-16-12-14(2)25-15(3)22(16)24(18)26/h6-11,14-15,25-26H,12H2,1-5H3/t14-,15-/m1/s1	0.517544	InChI=1S/C24H27NO3/c1-13-11-20(28-5)23-17(7-6-8-19(23)27-4)21(13)18-10-9-16-12-14(2)25-15(3)22(16)24(18)26/h6-11,14-15,25-26H,12H2,1-5H3	0.3352725189528796	InChI=1S/C24H27NO3/c1-13-11-20(28-5)23-17(7-6-8-19(23)27-4)21(13)18-10-9-16-12-14(2)25-15(3)22(16)24(18)26/h6-11,14-15,25-26H,12H2,1-5H3	0.33517290097511	1.0	1.0	1.0	17.558577019270416
89	InChI=1S/C18H16O7/c1-6-14(22)12(8(3)20)16-13(15(6)23)18(4)10(25-16)5-9(21)11(7(2)19)17(18)24/h5,22-24H,1-4H3/t18-/m1/s1	0.654246	InChI=1S/C18H16O7/c1-6-14(22)12(8(3)20)16-13(15(6)23)18(4)10(25-16)5-9(21)11(7(2)19)17(18)24/h5,21-23H,1-4H3	0.5327993312606781	InChI=1S/C18H16O7/c19-8-12-11-4-1-9(3-6-15(22)23)16(24)18(11)25-17(12)10-2-5-13(20)14(21)7-10/h1-7,12,17,19-21,24H,8H2,(H,22,23)	0.40227819945411	0.7391304347826086	0.13157894736842105	0.13157894736842105	19.15593126940176
90	InChI=1S/C13H18O2/c1-9(2)8-11-4-6-12(7-5-11)10(3)13(14)15/h4-7,9-10H,8H2,1-3H3,(H,14,15)/t10-/m0/s1	0.440176	InChI=1S/C13H18O2/c1-9-7-11(15)8-13(3,4)12(9)6-5-10(2)14/h5-7,12H,8H2,1-4H3	0.3440002925856857	InChI=1S/C13H18O2/c1-8-12(15)5-4-11-6-10(9(2)14)7-13(8,11)3/h4,7-8,12,15H,5-6H2,1-3H3	0.53377706653826	0.11764705882352941	0.16	0.2037037037037037	2.1359260641555156
91	InChI=1S/C26H40O8/c1-15-5-8-19-25(2,14-33-24-22(30)21(29)20(28)18(13-27)34-24)10-4-11-26(19,3)17(15)7-6-16-9-12-32-23(16)31/h9,17-22,24,27-30H,1,4-8,10-14H2,2-3H3/t17-,18-,19-,20-,21+,22-,24-,25+,26+/m1/s1	0.045815152500000005	InChI=1S/C24H25N5O5/c1-28-12-17(23(25)31)22(33-4)21(28)24-27-18-11-14(5-10-19(18)29(24)2)26-20(30)13-34-16-8-6-15(32-3)7-9-16/h5-12H,13H2,1-4H3,(H2,25,31)(H,26,30)	0.1277338099872182	InChI=1S/C24H32O10/c1-13(2)7-19(27)32-18-8-17-16(10-29-14(3)25)11-30-22(21(17)24(18)12-31-24)33-20(28)9-23(5,6)34-15(4)26/h8,11,13,18,21-22H,7,9-10,12H2,1-6H3	0.10507108283159	0.05084745762711865	0.11607142857142858	0.06363636363636363	-4.591175096492467
92	InChI=1S/C35H58O9/c1-19(2)32-24(7)27(36)18-35(40,44-32)26(9)31(38)25(8)33-28(41-10)14-12-13-20(3)15-22(5)30(37)23(6)16-21(4)17-29(42-11)34(39)43-33/h12-14,16-17,19,22-28,30-33,36-38,40H,15,18H2,1-11H3/b14-12+,20-13+,21-16+,29-17-/t22-,23+,24-,25-,26-,27+,28-,30-,31+,32+,33+,35+/m0/s1	0.145016	InChI=1S/C41H48N4O3/c1-4-37-13-8-17-44-19-16-39(35(37)44)28-21-25-20-26-24-45-18-9-14-38(5-2)23-29(34(46)47-3)41(48-32(25)22-31(28)42-33(39)12-15-37)40(26,36(38)45)27-10-6-7-11-30(27)43-41/h6-8,10-13,21-22,26,29,35-36,42-43H,4-5,9,14-20,23-24H2,1-3H3	0.5361957146685801	InChI=1S/C41H48N4O3/c1-5-39-14-9-17-43-19-13-26-25-11-7-8-12-31(25)45(34(26)36(39)43)32(24-39)27-21-29-30(22-33(27)47-3)42-35-28(37(46)48-4)23-40(6-2)15-10-18-44-20-16-41(29,35)38(40)44/h7-9,11-12,14,21-22,32,36,38,42H,5-6,10,13,15-20,23-24H2,1-4H3	0.27071407697108	0.09395973154362416	0.10884353741496598	0.3582089552238806	-1.3494902571003489
93	InChI=1S/C40H46N4O4/c1-4-37-13-14-40-24(12-16-43(36(37)40)20-28-32(37)47-28)22-18-21(10-11-26(22)42-40)29-30-33(48-30)38(5-2)19-23(34(45)46-3)31-39(15-17-44(29)35(38)39)25-8-6-7-9-27(25)41-31/h6-11,18,24,28-30,32-33,35-36,41-42H,4-5,12-17,19-20H2,1-3H3/t24-,28+,29-,30+,32+,33+,35-,36-,37+,38+,39-,40+/m0/s1	0.356873	InChI=1S/C34H47NO10/c1-7-35-16-31(17-40-3)14-13-21(41-4)33-20-15-32(39)28(44-30(38)19-11-9-8-10-12-19)22(20)34(45-18(2)36,27(37)29(32)43-6)23(26(33)35)24(42-5)25(31)33/h8-12,20-29,37,39H,7,13-17H2,1-6H3	0.1256109750741874	InChI=1S/C40H46N4O4/c1-5-22-20-43-15-14-39-19-29-25-16-33-35-26(23-10-6-8-12-30(23)41-35)17-32(42(33)3)27(25)21-47-38(29,2)48-40(39)34(43)18-24(22)36(37(45)46-4)44(40)31-13-9-7-11-28(31)39/h5-13,24-25,27,29,32-34,36,41H,14-21H2,1-4H3	0.291761777487	0.16546762589928057	0.16993464052287582	0.1342281879194631	-1.2525403404557816
94	InChI=1S/C42H46N4O6/c1-5-39-12-8-16-45-17-14-42(37(39)45)27-19-23(31(48)20-28(27)43-33(42)24(21-39)35(49)51-3)29-11-13-40(6-2)22-25(36(50)52-4)34-41(15-18-46(29)38(40)41)26-9-7-10-30(47)32(26)44-34/h7-13,19-20,29,37-38,43-44,47-48H,5-6,14-18,21-22H2,1-4H3/t29-,37+,38+,39+,40+,41+,42+/m1/s1	0.3420494999999999	InChI=1S/C44H60N2O3/c1-3-28-20-38(46-26-28)32-9-6-10-34(21-32)41(2)40-33-12-14-35(27-47)44(40,45)39-11-7-8-30-22-37(48)15-13-31(30)18-29-19-36(43(39,24-33)49-41)25-42(23-29)16-4-5-17-42/h13,15,20,22,26,29,32-36,39-40,46-48H,3-6,8-10,12,14,16-19,21,23-25,27,45H2,1-2H3	0.054078881391403	InChI=1S/C37H58N4O9/c1-35-15-13-24(50-30(44)10-6-4-3-5-9-29(43)41-27(33(46)47)8-7-17-40-34(38)39)19-23(35)11-12-26-32(35)28(42)20-36(2)25(14-16-37(26,36)48)22-18-31(45)49-21-22/h18,23-28,32,42,48H,3-17,19-21H2,1-2H3,(H,41,43)(H,46,47)(H4,38,39,40)	0.17625321735073	0.136986301369863	0.0915032679738562	0.11180124223602485	-1.723991274833081
95	InChI=1S/C24H30O3/c1-22-6-3-12(25)9-17(22)13-10-14(13)20-16(22)4-7-23(2)21(20)15-11-18(15)24(23)8-5-19(26)27-24/h9,13-16,18,20-21H,3-8,10-11H2,1-2H3/t13-,14+,15-,16+,18+,20-,21+,22-,23+,24+/m1/s1	0.0983579	InChI=1S/C40H62N4O6/c1-26(46)22-43-35(23-42-2)40-31-10-8-9-28(31)14-16-33-32(40)21-34(44-33)37(48)25-49-39-19-27(13-17-36(39)47)12-15-30-20-29(24-45)38(50-30)11-6-4-3-5-7-18-41/h13,17,19-21,26,28,31,35,37-38,40,42-43,45-48H,3-12,14-16,18,22-25,41H2,1-2H3	0.0091266879215286	InChI=1S/C45H56N4O5/c1-9-53-45(3)35(28-17-41-43-30(18-38(47(41)5)34(28)23-54-45)26-12-10-11-13-36(26)48(43)6)15-25-14-29-31-19-37-33-22-52-21-32(24(2)50)27(33)16-40(46(37)4)44(31)49(7)39(29)20-42(25)51-8/h10-14,20-21,27-28,33-35,37-38,40-41H,9,15-19,22-23H2,1-8H3	0.12255835322802	0.07633587786259542	0.11965811965811966	0.10256410256410256	-4.340406338661154
96	InChI=1S/C32H36N4O3/c1-6-31(4,5)27-21(20-11-7-8-13-23(20)33-27)16-24-29(38)36-25(28(37)34-24)17-32(39)22-12-9-10-19(15-14-18(2)3)26(22)35-30(32)36/h6-14,24-25,30,33,35,39H,1,15-17H2,2-5H3,(H,34,37)/t24-,25-,30+,32-/m0/s1	0.221073	InChI=1S/C29H42O7/c1-18(2)9-8-10-19(3)11-24-15-28(7,34-22(6)32)17-29(35-24)14-23(16-30)25-13-26(33-21(5)31)20(4)12-27(25)36-29/h9,11-12,14,24-27,30H,8,10,13,15-17H2,1-7H3	0.0317401443924587	InChI=1S/C30H40N2O6/c1-22(20-28(34)31-19-11-7-10-14-27(33)32-21-29(35)36)15-16-23(2)30(38-5)24(3)26(37-4)18-17-25-12-8-6-9-13-25/h6,8-20,23-24,26,30H,7,21H2,1-5H3,(H,31,34)(H,32,33)(H,35,36)	0.21831886613335	0.1349206349206349	0.088	0.10434782608695652	-2.9370210563521657
