ID	6 | 0.02	6 | 0.1	6 | 10	6 | 25	6 | 50	6 | 100	6 | 250	6 | 500	6 | 1000	5 | 0.02	5 | 0.1	5 | 10	5 | 25	5 | 50	5 | 100	5 | 250	5 | 500	5 | 1000	4 | 0.02	4 | 0.1	4 | 10	4 | 25	4 | 50	4 | 100	4 | 250	4 | 500	4 | 1000
2560	no match	no match	no match	no match	no match	no match	no match	no match	no match	no match	no match	no match	no match	no match	no match	no match	no match	no match	no match	no match	no match	no match	CCMSLIB00003139560	CCMSLIB00003139560	CCMSLIB00003139560	CCMSLIB00003139560	CCMSLIB00003139560
2563	no match	no match	no match	CCMSLIB00005463508	CCMSLIB00005463508	CCMSLIB00005463508	CCMSLIB00005463509	CCMSLIB00005463509	CCMSLIB00005463509	no match	no match	no match	CCMSLIB00005463508	CCMSLIB00005463508	CCMSLIB00006573474	CCMSLIB00012269360	CCMSLIB00012269360	CCMSLIB00012269360	no match	no match	CCMSLIB00012466555	CCMSLIB00000079655	CCMSLIB00010122815	CCMSLIB00010122815	CCMSLIB00010122815	CCMSLIB00010122815	CCMSLIB00010122815
2572	CCMSLIB00000081143	CCMSLIB00000081143	CCMSLIB00000081143	CCMSLIB00000081143	CCMSLIB00000081143	CCMSLIB00000081143	CCMSLIB00000081143	CCMSLIB00000081143	CCMSLIB00000081143	CCMSLIB00000081143	CCMSLIB00000081143	CCMSLIB00000081143	CCMSLIB00000081143	CCMSLIB00000081143	CCMSLIB00000081143	CCMSLIB00000081143	CCMSLIB00000081143	CCMSLIB00000081143	CCMSLIB00000081143	CCMSLIB00000081143	CCMSLIB00000081143	CCMSLIB00000081143	CCMSLIB00000081143	CCMSLIB00000081143	CCMSLIB00000081143	CCMSLIB00000081143	CCMSLIB00000081143
2573	no match	no match	no match	no match	no match	no match	CCMSLIB00005463509	CCMSLIB00005463509	CCMSLIB00005463509	no match	no match	no match	no match	CCMSLIB00000478489	CCMSLIB00000478489	CCMSLIB00012267027	CCMSLIB00012267027	CCMSLIB00012267027	no match	no match	CCMSLIB00000478491	CCMSLIB00004702578	CCMSLIB00006448297	CCMSLIB00006448297	CCMSLIB00012266281	CCMSLIB00012266281	CCMSLIB00012266281
1550	no match	no match	no match	no match	CCMSLIB00005463505	CCMSLIB00005463505	CCMSLIB00006575625	CCMSLIB00006575625	CCMSLIB00006575625	no match	no match	no match	no match	CCMSLIB00005463505	CCMSLIB00006573455	CCMSLIB00000078477	CCMSLIB00000078477	CCMSLIB00000078477	no match	no match	CCMSLIB00004717088	CCMSLIB00004717088	CCMSLIB00012465822	CCMSLIB00012465822	CCMSLIB00012465822	CCMSLIB00012465822	CCMSLIB00012465822
2066	no match	no match	no match	no match	no match	no match	CCMSLIB00005463505	CCMSLIB00005463505	CCMSLIB00005463505	no match	no match	no match	no match	no match	no match	CCMSLIB00005463505	CCMSLIB00012267409	CCMSLIB00012267409	no match	no match	no match	no match	no match	CCMSLIB00005725193	CCMSLIB00005725193	CCMSLIB00012286361	CCMSLIB00012286361
531	no match	no match	CCMSLIB00012468594	CCMSLIB00012468594	CCMSLIB00012468594	CCMSLIB00012468594	CCMSLIB00012468594	CCMSLIB00012468594	CCMSLIB00012468594	no match	no match	CCMSLIB00012451395	CCMSLIB00012451395	CCMSLIB00012451395	CCMSLIB00006440946	CCMSLIB00006440946	CCMSLIB00006440946	CCMSLIB00006440946	no match	CCMSLIB00012468904	CCMSLIB00010113241	CCMSLIB00010113241	CCMSLIB00010113241	CCMSLIB00012725695	CCMSLIB00012725695	CCMSLIB00012725695	CCMSLIB00012725695
2082	no match	no match	no match	CCMSLIB00005463504	CCMSLIB00005463504	CCMSLIB00005463504	CCMSLIB00005463504	CCMSLIB00005463504	CCMSLIB00005463504	no match	no match	CCMSLIB00000004630	CCMSLIB00000004630	CCMSLIB00000004630	CCMSLIB00006575650	CCMSLIB00010120500	CCMSLIB00010120500	CCMSLIB00010120500	no match	no match	CCMSLIB00000004630	CCMSLIB00004698223	CCMSLIB00012376908	CCMSLIB00006569813	CCMSLIB00010120500	CCMSLIB00010120500	CCMSLIB00010120500
37	no match	no match	no match	no match	no match	no match	no match	no match	no match	no match	no match	no match	no match	no match	no match	CCMSLIB00005463504	CCMSLIB00005463504	CCMSLIB00005463504	no match	no match	no match	no match	CCMSLIB00005772316	CCMSLIB00012418248	CCMSLIB00012418248	CCMSLIB00012418248	CCMSLIB00012418248
41	no match	no match	no match	no match	no match	CCMSLIB00001059253	CCMSLIB00001059253	CCMSLIB00001059253	CCMSLIB00001059253	CCMSLIB00012474646	CCMSLIB00012474646	CCMSLIB00012474646	CCMSLIB00012474646	CCMSLIB00012474663	CCMSLIB00001059253	CCMSLIB00001059253	CCMSLIB00001059253	CCMSLIB00001059253	CCMSLIB00012474646	CCMSLIB00012474646	CCMSLIB00012474646	CCMSLIB00012474646	CCMSLIB00012474663	CCMSLIB00001059253	CCMSLIB00001059253	CCMSLIB00001059253	CCMSLIB00001059253
45	no match	no match	no match	no match	no match	no match	no match	no match	no match	no match	no match	no match	no match	no match	no match	no match	no match	no match	no match	no match	no match	no match	no match	no match	CCMSLIB00010087974	CCMSLIB00010087974	CCMSLIB00010087974
1584	no match	no match	no match	CCMSLIB00005463508	CCMSLIB00000840348	CCMSLIB00000840348	CCMSLIB00006557621	CCMSLIB00006557621	CCMSLIB00006557621	no match	no match	no match	CCMSLIB00010121864	CCMSLIB00000840348	CCMSLIB00000080030	CCMSLIB00000855119	CCMSLIB00000855119	CCMSLIB00000855119	no match	no match	CCMSLIB00000577651	CCMSLIB00012474787	CCMSLIB00010131120	CCMSLIB00006558372	CCMSLIB00000855119	CCMSLIB00000855119	CCMSLIB00000855119
1079	no match	no match	no match	no match	no match	CCMSLIB00005463500	CCMSLIB00005463505	CCMSLIB00005463505	CCMSLIB00005463505	no match	no match	CCMSLIB00011431325	CCMSLIB00011431325	CCMSLIB00012355669	CCMSLIB00011429564	CCMSLIB00011429564	CCMSLIB00011429564	CCMSLIB00011429564	no match	no match	CCMSLIB00012417844	CCMSLIB00012417844	CCMSLIB00012417844	CCMSLIB00006386883	CCMSLIB00006386883	CCMSLIB00006386883	CCMSLIB00006386883
1591	no match	no match	no match	CCMSLIB00005463504	CCMSLIB00005463504	CCMSLIB00005463663	CCMSLIB00012474696	CCMSLIB00012474696	CCMSLIB00012474696	no match	no match	CCMSLIB00006566165	CCMSLIB00006566165	CCMSLIB00000079490	CCMSLIB00000079490	CCMSLIB00012474696	CCMSLIB00012474696	CCMSLIB00012474696	no match	CCMSLIB00010110146	CCMSLIB00012449696	CCMSLIB00012344835	CCMSLIB00000079490	CCMSLIB00000079490	CCMSLIB00012474696	CCMSLIB00012474696	CCMSLIB00012474696
2105	no match	no match	no match	no match	no match	CCMSLIB00011427205	CCMSLIB00012421881	CCMSLIB00012421881	CCMSLIB00012421881	no match	no match	CCMSLIB00000222323	CCMSLIB00012265751	CCMSLIB00006528383	CCMSLIB00000080429	CCMSLIB00000080429	CCMSLIB00000080429	CCMSLIB00000080429	no match	CCMSLIB00005726519	CCMSLIB00010011149	CCMSLIB00010011149	CCMSLIB00010109197	CCMSLIB00010109197	CCMSLIB00006683673	CCMSLIB00006683673	CCMSLIB00006683673
1088	no match	no match	no match	no match	CCMSLIB00005463504	CCMSLIB00005463504	CCMSLIB00011906465	CCMSLIB00011906465	CCMSLIB00011906465	no match	no match	CCMSLIB00012286719	CCMSLIB00005748248	CCMSLIB00005748248	CCMSLIB00005740644	CCMSLIB00005740644	CCMSLIB00005740644	CCMSLIB00005740644	no match	no match	CCMSLIB00012409582	CCMSLIB00005748248	CCMSLIB00010152177	CCMSLIB00010152177	CCMSLIB00012176282	CCMSLIB00012176282	CCMSLIB00012176282
1605	no match	no match	no match	no match	CCMSLIB00005463504	CCMSLIB00005463508	CCMSLIB00006575625	CCMSLIB00006575625	CCMSLIB00006575625	no match	no match	no match	no match	CCMSLIB00005463504	CCMSLIB00000004706	CCMSLIB00000845891	CCMSLIB00000845891	CCMSLIB00000845891	no match	no match	CCMSLIB00012260573	CCMSLIB00012260573	CCMSLIB00012260573	CCMSLIB00000004706	CCMSLIB00006514033	CCMSLIB00006514033	CCMSLIB00006514033
2118	no match	no match	no match	no match	no match	no match	CCMSLIB00000223882	CCMSLIB00004709820	CCMSLIB00004709820	no match	no match	no match	no match	CCMSLIB00006542247	CCMSLIB00006543322	CCMSLIB00006543322	CCMSLIB00006543322	CCMSLIB00006543322	no match	no match	CCMSLIB00006536336	CCMSLIB00006540532	CCMSLIB00006540532	CCMSLIB00006540532	CCMSLIB00006540532	CCMSLIB00006540532	CCMSLIB00006540532
583	no match	no match	no match	no match	no match	no match	CCMSLIB00005463539	CCMSLIB00005463539	CCMSLIB00005463539	no match	no match	CCMSLIB00006389484	CCMSLIB00006389484	CCMSLIB00006389484	CCMSLIB00006389484	CCMSLIB00006389484	CCMSLIB00006389484	CCMSLIB00006389484	no match	no match	CCMSLIB00006562049	CCMSLIB00006562049	CCMSLIB00006562049	CCMSLIB00006562049	CCMSLIB00006431372	CCMSLIB00006431372	CCMSLIB00006431372
69	no match	no match	CCMSLIB00012176106	CCMSLIB00012176106	CCMSLIB00012474831	CCMSLIB00012474831	CCMSLIB00012474831	CCMSLIB00012474831	CCMSLIB00012474831	no match	no match	CCMSLIB00012474974	CCMSLIB00012474974	CCMSLIB00012474831	CCMSLIB00012474831	CCMSLIB00012474831	CCMSLIB00006380171	CCMSLIB00006380171	no match	no match	CCMSLIB00012474974	CCMSLIB00012474974	CCMSLIB00012474831	CCMSLIB00012474831	CCMSLIB00006534291	CCMSLIB00006380171	CCMSLIB00006380171
590	no match	no match	CCMSLIB00006709991	CCMSLIB00006709991	CCMSLIB00006709991	CCMSLIB00010007702	CCMSLIB00010007702	CCMSLIB00010007702	CCMSLIB00010007702	CCMSLIB00010116435	CCMSLIB00010116435	CCMSLIB00006709991	CCMSLIB00006709991	CCMSLIB00006709991	CCMSLIB00012270841	CCMSLIB00012270841	CCMSLIB00012270841	CCMSLIB00012270841	CCMSLIB00010116435	CCMSLIB00010116435	CCMSLIB00006709991	CCMSLIB00006709991	CCMSLIB00006709991	CCMSLIB00012270841	CCMSLIB00012270841	CCMSLIB00012270841	CCMSLIB00012270841
1104	no match	no match	CCMSLIB00006710015	CCMSLIB00006710015	CCMSLIB00006710015	CCMSLIB00012287174	CCMSLIB00012287174	CCMSLIB00012287174	CCMSLIB00012287174	no match	no match	CCMSLIB00000085698	CCMSLIB00006389929	CCMSLIB00012400046	CCMSLIB00012400046	CCMSLIB00012400046	CCMSLIB00012400046	CCMSLIB00012400046	no match	CCMSLIB00012259606	CCMSLIB00005771713	CCMSLIB00000569265	CCMSLIB00012400046	CCMSLIB00012400046	CCMSLIB00012400046	CCMSLIB00012400046	CCMSLIB00012400046
2131	no match	no match	no match	no match	no match	CCMSLIB00005723666	CCMSLIB00000577783	CCMSLIB00005748038	CCMSLIB00005748038	no match	no match	CCMSLIB00000078155	CCMSLIB00005721161	CCMSLIB00000847134	CCMSLIB00000852506	CCMSLIB00000852506	CCMSLIB00004710129	CCMSLIB00004710129	no match	CCMSLIB00012431520	CCMSLIB00000852029	CCMSLIB00010314563	CCMSLIB00010314563	CCMSLIB00010314563	CCMSLIB00010314563	CCMSLIB00004710129	CCMSLIB00004710129
83	no match	no match	no match	no match	no match	CCMSLIB00005463504	CCMSLIB00005463504	CCMSLIB00005463504	CCMSLIB00005463504	no match	no match	no match	CCMSLIB00010116405	CCMSLIB00010116405	CCMSLIB00010116405	CCMSLIB00010116405	CCMSLIB00010116405	CCMSLIB00010116405	CCMSLIB00006438441	CCMSLIB00006438441	CCMSLIB00006435576	CCMSLIB00006435576	CCMSLIB00006435576	CCMSLIB00006435576	CCMSLIB00006435576	CCMSLIB00006435576	CCMSLIB00006435576
85	no match	no match	no match	no match	no match	CCMSLIB00005463504	CCMSLIB00005463504	CCMSLIB00005463504	CCMSLIB00006709932	no match	no match	CCMSLIB00012474953	CCMSLIB00010116595	CCMSLIB00010104993	CCMSLIB00010104993	CCMSLIB00010104993	CCMSLIB00010104993	CCMSLIB00010104993	CCMSLIB00006709956	CCMSLIB00006709956	CCMSLIB00012474953	CCMSLIB00006392683	CCMSLIB00010104993	CCMSLIB00006549793	CCMSLIB00006549793	CCMSLIB00006549793	CCMSLIB00006549793
87	no match	no match	no match	no match	no match	CCMSLIB00005463500	CCMSLIB00005463500	CCMSLIB00005463500	CCMSLIB00005463500	no match	no match	CCMSLIB00012355932	CCMSLIB00003139293	CCMSLIB00003139293	CCMSLIB00003139293	CCMSLIB00003139293	CCMSLIB00003139293	CCMSLIB00003139293	CCMSLIB00012474646	CCMSLIB00012474646	CCMSLIB00012474701	CCMSLIB00000078259	CCMSLIB00000078259	CCMSLIB00000078259	CCMSLIB00000078259	CCMSLIB00000078259	CCMSLIB00000078259
98	no match	no match	no match	no match	no match	CCMSLIB00005463508	CCMSLIB00005463508	CCMSLIB00003134888	CCMSLIB00003134888	no match	no match	CCMSLIB00012474868	CCMSLIB00012474868	CCMSLIB00012474868	CCMSLIB00012474868	CCMSLIB00012314611	CCMSLIB00006388800	CCMSLIB00006388800	no match	no match	CCMSLIB00012474868	CCMSLIB00012474868	CCMSLIB00012474868	CCMSLIB00012358605	CCMSLIB00004697426	CCMSLIB00005741562	CCMSLIB00005741562
1122	no match	no match	no match	no match	no match	no match	CCMSLIB00005463504	CCMSLIB00005463504	CCMSLIB00005463504	no match	no match	no match	no match	no match	CCMSLIB00011430175	CCMSLIB00005463504	CCMSLIB00005463504	CCMSLIB00005463504	no match	no match	no match	no match	CCMSLIB00012264744	CCMSLIB00012465987	CCMSLIB00012465987	CCMSLIB00012465987	CCMSLIB00012465987
101	no match	no match	no match	no match	no match	CCMSLIB00005463508	CCMSLIB00005463508	CCMSLIB00005463508	CCMSLIB00005463508	no match	no match	no match	CCMSLIB00005463504	CCMSLIB00005463504	CCMSLIB00010104684	CCMSLIB00010104684	CCMSLIB00010104684	CCMSLIB00010104684	no match	no match	CCMSLIB00012254508	CCMSLIB00000085231	CCMSLIB00000085231	CCMSLIB00010104684	CCMSLIB00010104684	CCMSLIB00010104684	CCMSLIB00010104684
2155	no match	no match	no match	no match	CCMSLIB00005463539	CCMSLIB00005463505	CCMSLIB00000851819	CCMSLIB00000851819	CCMSLIB00000851819	no match	no match	CCMSLIB00005742234	CCMSLIB00005739623	CCMSLIB00012442893	CCMSLIB00012442893	CCMSLIB00000851819	CCMSLIB00012315654	CCMSLIB00012315654	no match	no match	CCMSLIB00005436441	CCMSLIB00005739623	CCMSLIB00005744430	CCMSLIB00005744430	CCMSLIB00004751306	CCMSLIB00012315656	CCMSLIB00012315656
109	no match	no match	no match	no match	no match	no match	CCMSLIB00005463504	CCMSLIB00005463504	CCMSLIB00005463504	no match	no match	no match	no match	no match	CCMSLIB00012465626	CCMSLIB00012465626	CCMSLIB00006560829	CCMSLIB00006560829	no match	no match	no match	CCMSLIB00012267754	CCMSLIB00012339607	CCMSLIB00012285652	CCMSLIB00012322954	CCMSLIB00010012780	CCMSLIB00010012780
1649	no match	no match	no match	no match	no match	CCMSLIB00005463508	CCMSLIB00012431830	CCMSLIB00012431830	CCMSLIB00012431830	no match	no match	no match	CCMSLIB00012443887	CCMSLIB00012443887	CCMSLIB00004697825	CCMSLIB00012431830	CCMSLIB00012431830	CCMSLIB00012431830	no match	no match	CCMSLIB00005745591	CCMSLIB00005745591	CCMSLIB00005745591	CCMSLIB00004699244	CCMSLIB00012431830	CCMSLIB00012431830	CCMSLIB00012431830
2162	no match	no match	no match	CCMSLIB00005463504	CCMSLIB00010103707	CCMSLIB00004705329	CCMSLIB00004705329	CCMSLIB00004705329	CCMSLIB00004705329	no match	no match	CCMSLIB00005744389	CCMSLIB00005744389	CCMSLIB00005744389	CCMSLIB00010103567	CCMSLIB00012267537	CCMSLIB00012267537	CCMSLIB00012267537	CCMSLIB00006572168	CCMSLIB00006572168	CCMSLIB00000078912	CCMSLIB00000078912	CCMSLIB00004714860	CCMSLIB00004705623	CCMSLIB00012267537	CCMSLIB00012267537	CCMSLIB00012267537
113	no match	no match	no match	no match	no match	no match	CCMSLIB00005463500	CCMSLIB00005463500	CCMSLIB00005463500	no match	no match	CCMSLIB00006539002	CCMSLIB00006539002	CCMSLIB00006557096	CCMSLIB00006557096	CCMSLIB00006557096	CCMSLIB00006557096	CCMSLIB00006557096	no match	no match	CCMSLIB00006539002	CCMSLIB00006539002	CCMSLIB00006557096	CCMSLIB00006557096	CCMSLIB00006557096	CCMSLIB00006557096	CCMSLIB00006557096
1655	no match	no match	CCMSLIB00005463504	CCMSLIB00005463504	CCMSLIB00005463504	CCMSLIB00012474589	CCMSLIB00012474589	CCMSLIB00012474589	CCMSLIB00012474589	no match	no match	CCMSLIB00005463504	CCMSLIB00010111033	CCMSLIB00010111033	CCMSLIB00010111033	CCMSLIB00010111033	CCMSLIB00010111033	CCMSLIB00010111033	no match	no match	CCMSLIB00012424011	CCMSLIB00010111033	CCMSLIB00010111033	CCMSLIB00010111033	CCMSLIB00006534040	CCMSLIB00006534040	CCMSLIB00006534040
119	no match	no match	CCMSLIB00006709959	CCMSLIB00006709959	CCMSLIB00006709959	CCMSLIB00006709959	CCMSLIB00006709959	CCMSLIB00006709959	CCMSLIB00006709959	no match	no match	CCMSLIB00006709959	CCMSLIB00006709959	CCMSLIB00006709959	CCMSLIB00006709959	CCMSLIB00006709959	CCMSLIB00006709959	CCMSLIB00006709959	CCMSLIB00012450232	CCMSLIB00012450232	CCMSLIB00006709959	CCMSLIB00006709959	CCMSLIB00006709959	CCMSLIB00006709959	CCMSLIB00006709959	CCMSLIB00006709959	CCMSLIB00006709959
1661	no match	no match	no match	no match	no match	no match	no match	CCMSLIB00005463504	CCMSLIB00005463504	no match	no match	no match	no match	no match	CCMSLIB00012451086	CCMSLIB00012451086	CCMSLIB00012451086	CCMSLIB00012451086	no match	no match	CCMSLIB00000853365	CCMSLIB00000853365	CCMSLIB00012070098	CCMSLIB00012451086	CCMSLIB00012313476	CCMSLIB00012451241	CCMSLIB00012451241
1668	no match	no match	CCMSLIB00005463508	CCMSLIB00005463508	CCMSLIB00005463508	CCMSLIB00012282537	CCMSLIB00012282537	CCMSLIB00012282537	CCMSLIB00012282537	no match	no match	CCMSLIB00000848553	CCMSLIB00000848553	CCMSLIB00000848553	CCMSLIB00012377967	CCMSLIB00005775829	CCMSLIB00005775829	CCMSLIB00005775829	no match	no match	CCMSLIB00000848476	CCMSLIB00000848476	CCMSLIB00000848476	CCMSLIB00000848476	CCMSLIB00005774990	CCMSLIB00005774990	CCMSLIB00005774990
134	no match	no match	no match	no match	no match	CCMSLIB00005463504	CCMSLIB00005463504	CCMSLIB00005463504	CCMSLIB00005463504	no match	no match	CCMSLIB00000851979	CCMSLIB00000851979	CCMSLIB00000851979	CCMSLIB00005773392	CCMSLIB00005773392	CCMSLIB00005773392	CCMSLIB00005773392	no match	no match	CCMSLIB00012442876	CCMSLIB00012442876	CCMSLIB00012447604	CCMSLIB00005773392	CCMSLIB00004704102	CCMSLIB00004704102	CCMSLIB00004704102
135	no match	no match	no match	no match	no match	no match	CCMSLIB00005463508	CCMSLIB00012326645	CCMSLIB00012326645	no match	no match	no match	no match	no match	no match	CCMSLIB00005463508	CCMSLIB00010152468	CCMSLIB00010152468	no match	no match	no match	no match	CCMSLIB00012470950	CCMSLIB00012470950	CCMSLIB00012302804	CCMSLIB00012302804	CCMSLIB00012302804
648	no match	no match	CCMSLIB00006709990	CCMSLIB00006709990	CCMSLIB00006709990	CCMSLIB00006709990	CCMSLIB00006709990	CCMSLIB00008851505	CCMSLIB00008851505	no match	no match	CCMSLIB00012470081	CCMSLIB00012470081	CCMSLIB00012470081	CCMSLIB00012470081	CCMSLIB00012470081	CCMSLIB00012470081	CCMSLIB00012470081	no match	no match	CCMSLIB00012474663	CCMSLIB00012474881	CCMSLIB00012474881	CCMSLIB00012371016	CCMSLIB00012371016	CCMSLIB00012371016	CCMSLIB00012371016
1679	no match	no match	no match	no match	no match	CCMSLIB00005463504	CCMSLIB00005463508	CCMSLIB00005463508	CCMSLIB00005463508	no match	no match	no match	no match	no match	CCMSLIB00005463504	CCMSLIB00005463508	CCMSLIB00005463508	CCMSLIB00005463508	no match	no match	CCMSLIB00012471552	CCMSLIB00000078631	CCMSLIB00000078631	CCMSLIB00006556436	CCMSLIB00006556436	CCMSLIB00006556436	CCMSLIB00006556436
2193	no match	no match	no match	no match	CCMSLIB00005463539	CCMSLIB00005463539	CCMSLIB00005463509	CCMSLIB00005463509	CCMSLIB00005463509	no match	no match	no match	no match	CCMSLIB00005463539	CCMSLIB00005463539	CCMSLIB00005721672	CCMSLIB00005721672	CCMSLIB00005721672	no match	no match	CCMSLIB00000845984	CCMSLIB00012470542	CCMSLIB00012470542	CCMSLIB00012470542	CCMSLIB00012345337	CCMSLIB00012345337	CCMSLIB00012345337
149	no match	no match	no match	CCMSLIB00005463504	CCMSLIB00005463504	CCMSLIB00006575625	CCMSLIB00006575625	CCMSLIB00006575625	CCMSLIB00006575625	no match	no match	CCMSLIB00004704849	CCMSLIB00004704849	CCMSLIB00012466451	CCMSLIB00012466451	CCMSLIB00012466451	CCMSLIB00012466451	CCMSLIB00012466451	no match	no match	CCMSLIB00006399297	CCMSLIB00006399297	CCMSLIB00012466451	CCMSLIB00012257207	CCMSLIB00012257207	CCMSLIB00012257207	CCMSLIB00012257207
2202	no match	no match	no match	no match	CCMSLIB00005463508	CCMSLIB00005463508	CCMSLIB00006575625	CCMSLIB00006575625	CCMSLIB00006575625	no match	no match	CCMSLIB00006574722	CCMSLIB00004693368	CCMSLIB00004693368	CCMSLIB00004693368	CCMSLIB00004693368	CCMSLIB00004693368	CCMSLIB00004693368	CCMSLIB00004693362	CCMSLIB00004693362	CCMSLIB00004693362	CCMSLIB00004693362	CCMSLIB00004693362	CCMSLIB00004693362	CCMSLIB00010150846	CCMSLIB00010150846	CCMSLIB00010150846
154	no match	no match	no match	no match	no match	no match	no match	CCMSLIB00005463504	CCMSLIB00005463504	no match	no match	no match	no match	no match	no match	no match	CCMSLIB00005463508	CCMSLIB00005463508	no match	no match	no match	no match	no match	CCMSLIB00000077012	CCMSLIB00012474791	CCMSLIB00012474791	CCMSLIB00012474791
1178	no match	no match	no match	CCMSLIB00006709990	CCMSLIB00006709990	CCMSLIB00006709990	CCMSLIB00006709990	CCMSLIB00006709990	CCMSLIB00006709990	no match	no match	CCMSLIB00012470081	CCMSLIB00000854887	CCMSLIB00012474829	CCMSLIB00005436294	CCMSLIB00012474829	CCMSLIB00012474829	CCMSLIB00005436294	no match	no match	CCMSLIB00012470081	CCMSLIB00000854887	CCMSLIB00012474829	CCMSLIB00012474829	CCMSLIB00005436294	CCMSLIB00012474829	CCMSLIB00005436294
669	no match	no match	no match	no match	no match	CCMSLIB00005463508	CCMSLIB00005463504	CCMSLIB00005463504	CCMSLIB00005463504	no match	no match	CCMSLIB00005739623	CCMSLIB00005725429	CCMSLIB00005725429	CCMSLIB00005725429	CCMSLIB00012410019	CCMSLIB00012410019	CCMSLIB00012410019	no match	no match	CCMSLIB00004681462	CCMSLIB00005725429	CCMSLIB00000853201	CCMSLIB00000848553	CCMSLIB00012467157	CCMSLIB00012467157	CCMSLIB00012467157
1183	no match	CCMSLIB00000839958	CCMSLIB00005746890	CCMSLIB00012474831	CCMSLIB00012474831	CCMSLIB00012474831	CCMSLIB00012474831	CCMSLIB00012474831	CCMSLIB00012474831	no match	CCMSLIB00000839958	CCMSLIB00005746890	CCMSLIB00012474831	CCMSLIB00012474831	CCMSLIB00012474831	CCMSLIB00006545892	CCMSLIB00012725761	CCMSLIB00012725761	no match	CCMSLIB00000839958	CCMSLIB00005746890	CCMSLIB00012474831	CCMSLIB00012474831	CCMSLIB00012474831	CCMSLIB00006545892	CCMSLIB00012725761	CCMSLIB00012725761
163	no match	no match	no match	no match	no match	CCMSLIB00005463539	CCMSLIB00005463539	CCMSLIB00005463539	CCMSLIB00005463539	no match	no match	CCMSLIB00005740748	CCMSLIB00000850192	CCMSLIB00000850192	CCMSLIB00000850192	CCMSLIB00000850192	CCMSLIB00012247012	CCMSLIB00012247012	no match	no match	CCMSLIB00005740748	CCMSLIB00012470545	CCMSLIB00012470545	CCMSLIB00012470545	CCMSLIB00012287220	CCMSLIB00012287220	CCMSLIB00012287220
1190	no match	no match	no match	CCMSLIB00006709990	CCMSLIB00006709990	CCMSLIB00006386726	CCMSLIB00006386726	CCMSLIB00012474831	CCMSLIB00012474831	no match	no match	CCMSLIB00006571912	CCMSLIB00006709979	CCMSLIB00006709979	CCMSLIB00006709979	CCMSLIB00006709979	CCMSLIB00006709979	CCMSLIB00006709979	CCMSLIB00010115368	CCMSLIB00010115368	CCMSLIB00010115368	CCMSLIB00006709979	CCMSLIB00006709979	CCMSLIB00010010604	CCMSLIB00006546172	CCMSLIB00006546172	CCMSLIB00006546172
680	no match	no match	no match	no match	no match	no match	no match	no match	no match	no match	no match	no match	no match	no match	no match	no match	no match	no match	no match	no match	no match	no match	no match	CCMSLIB00012476629	CCMSLIB00010106605	CCMSLIB00010106605	CCMSLIB00010106605
2217	no match	no match	no match	no match	no match	no match	CCMSLIB00005463504	CCMSLIB00006584752	CCMSLIB00006584752	no match	no match	no match	no match	CCMSLIB00003139627	CCMSLIB00012366537	CCMSLIB00012392160	CCMSLIB00012392160	CCMSLIB00012392160	no match	no match	CCMSLIB00012716602	CCMSLIB00004714618	CCMSLIB00000004818	CCMSLIB00001059024	CCMSLIB00001059024	CCMSLIB00001059024	CCMSLIB00001059024
703	no match	no match	CCMSLIB00008851504	CCMSLIB00008851504	CCMSLIB00008851504	CCMSLIB00008851504	CCMSLIB00005745057	CCMSLIB00010117848	CCMSLIB00010117848	no match	no match	CCMSLIB00012474726	CCMSLIB00012474726	CCMSLIB00012474726	CCMSLIB00012474726	CCMSLIB00005745057	CCMSLIB00010117848	CCMSLIB00010117848	CCMSLIB00012474789	CCMSLIB00012474789	CCMSLIB00012474726	CCMSLIB00012474726	CCMSLIB00012474868	CCMSLIB00012474868	CCMSLIB00006443640	CCMSLIB00006443640	CCMSLIB00006443640
2241	no match	no match	no match	no match	no match	no match	CCMSLIB00005463539	CCMSLIB00012474603	CCMSLIB00012474603	no match	no match	no match	no match	no match	CCMSLIB00010117848	CCMSLIB00012332377	CCMSLIB00012465600	CCMSLIB00012465600	no match	no match	CCMSLIB00000840324	CCMSLIB00006558120	CCMSLIB00005725347	CCMSLIB00005725347	CCMSLIB00005725347	CCMSLIB00003138869	CCMSLIB00003138869
2244	no match	no match	no match	no match	no match	no match	CCMSLIB00005463508	CCMSLIB00005742329	CCMSLIB00005742329	no match	no match	no match	no match	no match	no match	CCMSLIB00012474780	CCMSLIB00012449074	CCMSLIB00012449074	no match	no match	CCMSLIB00000854448	CCMSLIB00006506611	CCMSLIB00012301481	CCMSLIB00012301481	CCMSLIB00012301481	CCMSLIB00012449080	CCMSLIB00012449080
2248	no match	no match	no match	no match	no match	CCMSLIB00005463504	CCMSLIB00005463539	CCMSLIB00005463539	CCMSLIB00005463539	no match	no match	no match	no match	CCMSLIB00012390597	CCMSLIB00012390597	CCMSLIB00012390597	CCMSLIB00012390597	CCMSLIB00012390597	no match	no match	CCMSLIB00011428450	CCMSLIB00011428450	CCMSLIB00011428450	CCMSLIB00011428450	CCMSLIB00011428450	CCMSLIB00011428450	CCMSLIB00011428450
1749	no match	no match	no match	no match	no match	no match	CCMSLIB00005463508	CCMSLIB00005463508	CCMSLIB00005463508	no match	no match	CCMSLIB00005464697	CCMSLIB00005464697	CCMSLIB00005464697	CCMSLIB00005464697	CCMSLIB00005464697	CCMSLIB00005464697	CCMSLIB00005464697	no match	no match	CCMSLIB00005464697	CCMSLIB00005464697	CCMSLIB00005464697	CCMSLIB00005748038	CCMSLIB00005748038	CCMSLIB00005748038	CCMSLIB00005748038
224	no match	no match	no match	no match	CCMSLIB00005463508	CCMSLIB00004712817	CCMSLIB00005744357	CCMSLIB00005744357	CCMSLIB00005744357	no match	no match	no match	CCMSLIB00010131123	CCMSLIB00012332869	CCMSLIB00012268390	CCMSLIB00012370399	CCMSLIB00012370399	CCMSLIB00012370399	no match	no match	CCMSLIB00008851194	CCMSLIB00012176531	CCMSLIB00012176531	CCMSLIB00012176531	CCMSLIB00012370399	CCMSLIB00012370399	CCMSLIB00012370399
1250	no match	no match	no match	CCMSLIB00005463504	CCMSLIB00005463504	CCMSLIB00006559208	CCMSLIB00006710014	CCMSLIB00006710014	CCMSLIB00006710014	no match	no match	CCMSLIB00012335670	CCMSLIB00012335670	CCMSLIB00012335670	CCMSLIB00012335670	CCMSLIB00006710014	CCMSLIB00006710014	CCMSLIB00006710014	no match	no match	CCMSLIB00012335670	CCMSLIB00012335670	CCMSLIB00012335670	CCMSLIB00012335670	CCMSLIB00006710014	CCMSLIB00006710014	CCMSLIB00006710014
1253	no match	no match	CCMSLIB00005463508	CCMSLIB00000079224	CCMSLIB00000079224	CCMSLIB00000840347	CCMSLIB00000840347	CCMSLIB00000840347	CCMSLIB00000840347	no match	no match	CCMSLIB00000007053	CCMSLIB00000847542	CCMSLIB00000847542	CCMSLIB00000840347	CCMSLIB00012313030	CCMSLIB00012313030	CCMSLIB00012313030	no match	no match	CCMSLIB00005777317	CCMSLIB00000847542	CCMSLIB00000847542	CCMSLIB00000840347	CCMSLIB00012313030	CCMSLIB00012313030	CCMSLIB00012313030
1258	no match	no match	no match	no match	no match	no match	no match	CCMSLIB00005463504	CCMSLIB00005463504	no match	no match	no match	no match	CCMSLIB00005747510	CCMSLIB00010129719	CCMSLIB00012474867	CCMSLIB00012451469	CCMSLIB00012451469	no match	no match	CCMSLIB00010129016	CCMSLIB00010129016	CCMSLIB00012450811	CCMSLIB00012450811	CCMSLIB00012450811	CCMSLIB00012451469	CCMSLIB00012451469
1774	no match	no match	no match	no match	no match	no match	no match	CCMSLIB00005463508	CCMSLIB00005463508	no match	no match	no match	CCMSLIB00005723601	CCMSLIB00005723601	CCMSLIB00006574174	CCMSLIB00006546634	CCMSLIB00006546634	CCMSLIB00006546634	no match	no match	CCMSLIB00012269497	CCMSLIB00006569809	CCMSLIB00006569809	CCMSLIB00006569809	CCMSLIB00006546634	CCMSLIB00006546634	CCMSLIB00006546634
751	no match	no match	no match	no match	no match	no match	CCMSLIB00005463504	CCMSLIB00005463504	CCMSLIB00005463504	no match	no match	no match	CCMSLIB00010116982	CCMSLIB00010116982	CCMSLIB00010116982	CCMSLIB00010116982	CCMSLIB00010116982	CCMSLIB00010116982	no match	no match	CCMSLIB00006437674	CCMSLIB00010116982	CCMSLIB00010116982	CCMSLIB00006676032	CCMSLIB00006676032	CCMSLIB00006676032	CCMSLIB00006676032
1262	CCMSLIB00005463504	CCMSLIB00005463504	CCMSLIB00005463504	CCMSLIB00005463504	CCMSLIB00012474864	CCMSLIB00012474864	CCMSLIB00012278641	CCMSLIB00012278641	CCMSLIB00012278641	CCMSLIB00005463504	CCMSLIB00005463504	CCMSLIB00005463504	CCMSLIB00000078438	CCMSLIB00012474864	CCMSLIB00012474864	CCMSLIB00012278641	CCMSLIB00012278641	CCMSLIB00012278641	CCMSLIB00005463504	CCMSLIB00005463504	CCMSLIB00004719554	CCMSLIB00004694267	CCMSLIB00012474864	CCMSLIB00012474864	CCMSLIB00004693033	CCMSLIB00004693033	CCMSLIB00004693033
2290	no match	no match	CCMSLIB00005723305	CCMSLIB00004694286	CCMSLIB00004694286	CCMSLIB00004694286	CCMSLIB00004694286	CCMSLIB00004694286	CCMSLIB00004694286	no match	no match	CCMSLIB00010314552	CCMSLIB00004694286	CCMSLIB00004694286	CCMSLIB00004694286	CCMSLIB00004694286	CCMSLIB00010123749	CCMSLIB00010123749	no match	no match	CCMSLIB00010314552	CCMSLIB00010314557	CCMSLIB00010314565	CCMSLIB00010314565	CCMSLIB00010314565	CCMSLIB00005747698	CCMSLIB00005747698
1780	no match	no match	no match	no match	no match	no match	CCMSLIB00005463504	CCMSLIB00005463504	CCMSLIB00005463504	no match	no match	no match	CCMSLIB00000078447	CCMSLIB00000078447	CCMSLIB00010144333	CCMSLIB00012263538	CCMSLIB00012263538	CCMSLIB00012263538	no match	no match	CCMSLIB00012300943	CCMSLIB00012267517	CCMSLIB00012267517	CCMSLIB00000427281	CCMSLIB00000427281	CCMSLIB00000427281	CCMSLIB00000427281
1272	no match	no match	CCMSLIB00012176127	CCMSLIB00012474831	CCMSLIB00012474831	CCMSLIB00012474831	CCMSLIB00012474831	CCMSLIB00012474831	CCMSLIB00012474831	no match	no match	CCMSLIB00012176127	CCMSLIB00012474831	CCMSLIB00012474831	CCMSLIB00012474831	CCMSLIB00012474831	CCMSLIB00012474831	CCMSLIB00012474831	no match	CCMSLIB00010124039	CCMSLIB00012176127	CCMSLIB00012474831	CCMSLIB00012474831	CCMSLIB00012474831	CCMSLIB00012474831	CCMSLIB00012474831	CCMSLIB00012474831
762	no match	no match	CCMSLIB00005463508	CCMSLIB00005463508	CCMSLIB00005463508	CCMSLIB00012474831	CCMSLIB00012474831	CCMSLIB00012474831	CCMSLIB00012474831	no match	no match	CCMSLIB00012444703	CCMSLIB00012474786	CCMSLIB00012474786	CCMSLIB00012474920	CCMSLIB00012303080	CCMSLIB00012303080	CCMSLIB00012303080	CCMSLIB00012474790	CCMSLIB00012474790	CCMSLIB00003136551	CCMSLIB00003136551	CCMSLIB00003136551	CCMSLIB00012474920	CCMSLIB00012303080	CCMSLIB00012303080	CCMSLIB00012303080
2301	no match	no match	no match	no match	no match	CCMSLIB00005463504	CCMSLIB00005463504	CCMSLIB00005463504	CCMSLIB00005463504	no match	no match	no match	no match	CCMSLIB00004713307	CCMSLIB00004713307	CCMSLIB00004713307	CCMSLIB00004713307	CCMSLIB00004713307	no match	no match	CCMSLIB00005720113	CCMSLIB00010129508	CCMSLIB00004713307	CCMSLIB00004713307	CCMSLIB00004713307	CCMSLIB00004713307	CCMSLIB00004713307
2302	no match	no match	no match	CCMSLIB00005463508	CCMSLIB00005463508	CCMSLIB00005463508	CCMSLIB00006575625	CCMSLIB00006575625	CCMSLIB00006575625	no match	CCMSLIB00008851505	CCMSLIB00008851505	CCMSLIB00008851505	CCMSLIB00006584432	CCMSLIB00005723625	CCMSLIB00006538359	CCMSLIB00006538359	CCMSLIB00006538359	no match	CCMSLIB00008851505	CCMSLIB00005724051	CCMSLIB00006562085	CCMSLIB00012251508	CCMSLIB00012251508	CCMSLIB00000849775	CCMSLIB00000849775	CCMSLIB00000849775
1795	no match	no match	no match	no match	CCMSLIB00005463504	CCMSLIB00005463504	CCMSLIB00005723602	CCMSLIB00005723602	CCMSLIB00005723602	no match	no match	no match	no match	CCMSLIB00005463504	CCMSLIB00005463504	CCMSLIB00005723602	CCMSLIB00005723602	CCMSLIB00005723602	no match	no match	CCMSLIB00000006102	CCMSLIB00012292428	CCMSLIB00012292428	CCMSLIB00006565061	CCMSLIB00006565061	CCMSLIB00006565061	CCMSLIB00006565061
2307	no match	no match	no match	CCMSLIB00005463504	CCMSLIB00005463504	CCMSLIB00010114907	CCMSLIB00010114907	CCMSLIB00010114907	CCMSLIB00010114907	no match	no match	CCMSLIB00006572108	CCMSLIB00012375057	CCMSLIB00000079937	CCMSLIB00010114907	CCMSLIB00006356445	CCMSLIB00006356445	CCMSLIB00006356445	no match	CCMSLIB00000006039	CCMSLIB00010109936	CCMSLIB00012256549	CCMSLIB00012256549	CCMSLIB00000078188	CCMSLIB00006356445	CCMSLIB00006356445	CCMSLIB00006356445
2314	CCMSLIB00000223881	CCMSLIB00000223881	CCMSLIB00000223881	CCMSLIB00006453607	CCMSLIB00006453607	CCMSLIB00006453607	CCMSLIB00006453607	CCMSLIB00006453607	CCMSLIB00006453607	CCMSLIB00000223881	CCMSLIB00000223881	CCMSLIB00000223881	CCMSLIB00006453607	CCMSLIB00006453607	CCMSLIB00006453607	CCMSLIB00006453607	CCMSLIB00006453607	CCMSLIB00006453607	CCMSLIB00000223881	CCMSLIB00000223881	CCMSLIB00000223881	CCMSLIB00006453607	CCMSLIB00006453607	CCMSLIB00006453607	CCMSLIB00006453607	CCMSLIB00006453607	CCMSLIB00006453607
2318	no match	no match	CCMSLIB00005463504	CCMSLIB00005463504	CCMSLIB00005463504	CCMSLIB00006541291	CCMSLIB00006541291	CCMSLIB00006541291	CCMSLIB00006541291	no match	no match	CCMSLIB00005463504	CCMSLIB00012341317	CCMSLIB00012465599	CCMSLIB00006541291	CCMSLIB00006541291	CCMSLIB00006541291	CCMSLIB00006541291	no match	no match	CCMSLIB00012718733	CCMSLIB00012379643	CCMSLIB00000078084	CCMSLIB00006541327	CCMSLIB00006544710	CCMSLIB00006544710	CCMSLIB00006544710
1299	no match	no match	CCMSLIB00012176124	CCMSLIB00005742270	CCMSLIB00004707858	CCMSLIB00004710102	CCMSLIB00010118011	CCMSLIB00006388988	CCMSLIB00006388988	no match	no match	CCMSLIB00012262810	CCMSLIB00005739124	CCMSLIB00012474867	CCMSLIB00012474867	CCMSLIB00010118011	CCMSLIB00006388753	CCMSLIB00006678855	no match	no match	CCMSLIB00006506585	CCMSLIB00006506585	CCMSLIB00004707794	CCMSLIB00004707794	CCMSLIB00004707794	CCMSLIB00005739122	CCMSLIB00006678855
2325	no match	no match	no match	no match	CCMSLIB00005463508	CCMSLIB00005463508	CCMSLIB00000006289	CCMSLIB00000006289	CCMSLIB00000006289	no match	no match	CCMSLIB00011430461	CCMSLIB00012355742	CCMSLIB00012451329	CCMSLIB00012419814	CCMSLIB00005716878	CCMSLIB00006675746	CCMSLIB00006675746	no match	no match	CCMSLIB00004709965	CCMSLIB00012355746	CCMSLIB00012259032	CCMSLIB00012442806	CCMSLIB00006388810	CCMSLIB00006388810	CCMSLIB00006388810
2326	no match	no match	no match	no match	no match	no match	no match	no match	no match	no match	no match	no match	no match	no match	no match	no match	no match	no match	no match	no match	no match	no match	no match	no match	no match	CCMSLIB00005463539	CCMSLIB00005463539
792	no match	no match	no match	no match	CCMSLIB00005463504	CCMSLIB00005463504	CCMSLIB00005463504	CCMSLIB00005463504	CCMSLIB00005463504	no match	no match	no match	no match	CCMSLIB00005463504	CCMSLIB00005463504	CCMSLIB00010104558	CCMSLIB00010104558	CCMSLIB00010104558	no match	no match	CCMSLIB00004705104	CCMSLIB00004705104	CCMSLIB00004705104	CCMSLIB00012322341	CCMSLIB00010104558	CCMSLIB00010104558	CCMSLIB00010104558
2328	no match	no match	CCMSLIB00005463539	CCMSLIB00010117253	CCMSLIB00010117253	CCMSLIB00005744728	CCMSLIB00012416962	CCMSLIB00012416962	CCMSLIB00012416962	no match	no match	CCMSLIB00012432480	CCMSLIB00012432480	CCMSLIB00012432480	CCMSLIB00005744728	CCMSLIB00004705125	CCMSLIB00003136214	CCMSLIB00003136214	no match	no match	CCMSLIB00000079796	CCMSLIB00000079796	CCMSLIB00000079796	CCMSLIB00004693698	CCMSLIB00004683875	CCMSLIB00012306837	CCMSLIB00012306837
1824	no match	no match	no match	no match	CCMSLIB00005463505	CCMSLIB00010113204	CCMSLIB00010113204	CCMSLIB00010113204	CCMSLIB00010113204	no match	no match	no match	CCMSLIB00012444594	CCMSLIB00005727311	CCMSLIB00010114488	CCMSLIB00010114488	CCMSLIB00010114488	CCMSLIB00010114488	CCMSLIB00000852377	CCMSLIB00000852377	CCMSLIB00000852377	CCMSLIB00012379313	CCMSLIB00012379313	CCMSLIB00012379313	CCMSLIB00012361489	CCMSLIB00012361489	CCMSLIB00012361489
288	no match	no match	no match	CCMSLIB00005463539	CCMSLIB00005463539	CCMSLIB00011430372	CCMSLIB00011430372	CCMSLIB00011430372	CCMSLIB00011430372	no match	no match	CCMSLIB00004714696	CCMSLIB00004706001	CCMSLIB00004706001	CCMSLIB00011430372	CCMSLIB00012449421	CCMSLIB00012449421	CCMSLIB00012449421	no match	CCMSLIB00012328778	CCMSLIB00004714696	CCMSLIB00005435845	CCMSLIB00005435845	CCMSLIB00011430269	CCMSLIB00000855669	CCMSLIB00000855669	CCMSLIB00000855669
802	no match	no match	CCMSLIB00005463504	CCMSLIB00005463504	CCMSLIB00006568367	CCMSLIB00006568367	CCMSLIB00006568367	CCMSLIB00006568367	CCMSLIB00006568367	no match	no match	CCMSLIB00012474739	CCMSLIB00000084810	CCMSLIB00006568367	CCMSLIB00006568367	CCMSLIB00005748642	CCMSLIB00005748642	CCMSLIB00005748642	no match	no match	CCMSLIB00000855770	CCMSLIB00006514028	CCMSLIB00006568367	CCMSLIB00005740959	CCMSLIB00005740959	CCMSLIB00005740959	CCMSLIB00005740959
2338	no match	no match	CCMSLIB00006709989	CCMSLIB00004692855	CCMSLIB00004692855	CCMSLIB00004692855	CCMSLIB00004692855	CCMSLIB00004692855	CCMSLIB00004692855	no match	CCMSLIB00010112614	CCMSLIB00000213602	CCMSLIB00004692855	CCMSLIB00004694247	CCMSLIB00004694247	CCMSLIB00004720873	CCMSLIB00004720873	CCMSLIB00004720873	CCMSLIB00012474878	CCMSLIB00012474878	CCMSLIB00012335063	CCMSLIB00004692855	CCMSLIB00004694247	CCMSLIB00004694247	CCMSLIB00010114932	CCMSLIB00010114932	CCMSLIB00010114932
2345	no match	no match	no match	no match	CCMSLIB00005463504	CCMSLIB00005463504	CCMSLIB00005463504	CCMSLIB00005463504	CCMSLIB00005463504	no match	no match	no match	no match	CCMSLIB00005746643	CCMSLIB00005746643	CCMSLIB00006681343	CCMSLIB00006681343	CCMSLIB00006681343	no match	no match	CCMSLIB00012380195	CCMSLIB00012370265	CCMSLIB00012370265	CCMSLIB00000085592	CCMSLIB00000085096	CCMSLIB00000085096	CCMSLIB00000085096
812	no match	no match	no match	no match	no match	no match	CCMSLIB00005463508	CCMSLIB00005463508	CCMSLIB00005463508	no match	no match	no match	no match	no match	no match	CCMSLIB00004709193	CCMSLIB00004709193	CCMSLIB00004709193	no match	no match	CCMSLIB00012194726	CCMSLIB00012194726	CCMSLIB00012194726	CCMSLIB00006562243	CCMSLIB00012443491	CCMSLIB00012443491	CCMSLIB00012443491
2349	no match	no match	no match	CCMSLIB00005463505	CCMSLIB00005463505	CCMSLIB00012370397	CCMSLIB00012370397	CCMSLIB00012370397	CCMSLIB00012370397	no match	no match	CCMSLIB00005723013	CCMSLIB00010134801	CCMSLIB00005719862	CCMSLIB00012377003	CCMSLIB00012377003	CCMSLIB00012377003	CCMSLIB00012377003	no match	CCMSLIB00005738626	CCMSLIB00010131601	CCMSLIB00012269844	CCMSLIB00005719862	CCMSLIB00012377003	CCMSLIB00012377003	CCMSLIB00012377003	CCMSLIB00012377003
820	no match	no match	no match	no match	no match	no match	CCMSLIB00005463508	CCMSLIB00005463508	CCMSLIB00005463508	no match	no match	no match	no match	no match	no match	CCMSLIB00005463508	CCMSLIB00005746279	CCMSLIB00005746279	no match	no match	no match	no match	CCMSLIB00012409489	CCMSLIB00004714857	CCMSLIB00004714857	CCMSLIB00004751348	CCMSLIB00004751348
822	no match	no match	no match	no match	no match	no match	no match	no match	no match	no match	no match	no match	no match	no match	no match	CCMSLIB00005463508	CCMSLIB00005721598	CCMSLIB00005721598	no match	no match	no match	no match	no match	CCMSLIB00010086684	CCMSLIB00005721388	CCMSLIB00004751348	CCMSLIB00004751348
2365	no match	no match	no match	no match	no match	no match	CCMSLIB00005463508	CCMSLIB00000574574	CCMSLIB00000574574	no match	no match	CCMSLIB00005435842	CCMSLIB00005435842	CCMSLIB00005435842	CCMSLIB00000848268	CCMSLIB00000848268	CCMSLIB00010125744	CCMSLIB00012288013	no match	no match	CCMSLIB00005435842	CCMSLIB00005435842	CCMSLIB00005435842	CCMSLIB00000848268	CCMSLIB00010128672	CCMSLIB00004710947	CCMSLIB00004710947
1854	no match	no match	no match	CCMSLIB00005463504	CCMSLIB00005463504	CCMSLIB00006575625	CCMSLIB00006575625	CCMSLIB00006575625	CCMSLIB00006575625	no match	no match	CCMSLIB00004716590	CCMSLIB00004716590	CCMSLIB00004716590	CCMSLIB00006438366	CCMSLIB00012250760	CCMSLIB00012250760	CCMSLIB00012250760	no match	no match	CCMSLIB00012432712	CCMSLIB00000846229	CCMSLIB00000846229	CCMSLIB00006533056	CCMSLIB00005773771	CCMSLIB00005773771	CCMSLIB00005773771
830	no match	CCMSLIB00006710010	CCMSLIB00010105119	CCMSLIB00005740490	CCMSLIB00005740490	CCMSLIB00005740490	CCMSLIB00005740490	CCMSLIB00005740490	CCMSLIB00005740490	CCMSLIB00010104910	CCMSLIB00010104910	CCMSLIB00010104910	CCMSLIB00005740490	CCMSLIB00005740490	CCMSLIB00005740490	CCMSLIB00005740490	CCMSLIB00005740490	CCMSLIB00005740490	CCMSLIB00010104910	CCMSLIB00010104910	CCMSLIB00000427282	CCMSLIB00005740490	CCMSLIB00005740490	CCMSLIB00005740490	CCMSLIB00005740490	CCMSLIB00005740490	CCMSLIB00005740490
842	no match	no match	CCMSLIB00005463508	CCMSLIB00005463508	CCMSLIB00005463508	CCMSLIB00005463508	CCMSLIB00005743152	CCMSLIB00005743152	CCMSLIB00005743152	no match	no match	CCMSLIB00003740004	CCMSLIB00003740004	CCMSLIB00003740004	CCMSLIB00003740004	CCMSLIB00005743152	CCMSLIB00012254548	CCMSLIB00012254548	no match	no match	CCMSLIB00003740004	CCMSLIB00003740004	CCMSLIB00003740004	CCMSLIB00006562243	CCMSLIB00012448754	CCMSLIB00012448754	CCMSLIB00012448754
1867	no match	no match	CCMSLIB00010083020	CCMSLIB00010083020	CCMSLIB00010083020	CCMSLIB00010083020	CCMSLIB00005463539	CCMSLIB00011430289	CCMSLIB00011430289	no match	no match	CCMSLIB00010083020	CCMSLIB00003134479	CCMSLIB00003134479	CCMSLIB00003134479	CCMSLIB00012442632	CCMSLIB00012442632	CCMSLIB00012442632	no match	no match	CCMSLIB00004721375	CCMSLIB00003134479	CCMSLIB00012442368	CCMSLIB00010055625	CCMSLIB00012442635	CCMSLIB00012442635	CCMSLIB00012442635
334	no match	no match	CCMSLIB00006710019	CCMSLIB00012340931	CCMSLIB00012340931	CCMSLIB00012340931	CCMSLIB00012340931	CCMSLIB00012340931	CCMSLIB00012340931	CCMSLIB00005742713	CCMSLIB00005742713	CCMSLIB00010110935	CCMSLIB00012340931	CCMSLIB00000211369	CCMSLIB00000211369	CCMSLIB00000211369	CCMSLIB00000211369	CCMSLIB00000211369	CCMSLIB00005742713	CCMSLIB00005742713	CCMSLIB00012410447	CCMSLIB00012340931	CCMSLIB00000211369	CCMSLIB00000211369	CCMSLIB00000211369	CCMSLIB00000211369	CCMSLIB00000211369
336	no match	no match	no match	CCMSLIB00005463504	CCMSLIB00005463504	CCMSLIB00010109248	CCMSLIB00000478451	CCMSLIB00000478451	CCMSLIB00000478451	no match	no match	CCMSLIB00010105632	CCMSLIB00000079086	CCMSLIB00000079086	CCMSLIB00005743837	CCMSLIB00000478451	CCMSLIB00000478451	CCMSLIB00000478451	no match	no match	CCMSLIB00012441190	CCMSLIB00000079086	CCMSLIB00000079086	CCMSLIB00006399875	CCMSLIB00005773565	CCMSLIB00005721790	CCMSLIB00005721790
856	no match	no match	no match	no match	no match	CCMSLIB00005463508	CCMSLIB00005463508	CCMSLIB00005463508	CCMSLIB00005463508	no match	no match	no match	no match	no match	CCMSLIB00005463508	CCMSLIB00010106659	CCMSLIB00006709993	CCMSLIB00006709993	no match	no match	no match	CCMSLIB00012474974	CCMSLIB00012474974	CCMSLIB00000848972	CCMSLIB00006551663	CCMSLIB00006551663	CCMSLIB00006551663
2398	no match	no match	CCMSLIB00006709997	CCMSLIB00006709997	CCMSLIB00006709997	CCMSLIB00006709997	CCMSLIB00006709997	CCMSLIB00006709997	CCMSLIB00006709997	no match	CCMSLIB00006408125	CCMSLIB00006709997	CCMSLIB00006709997	CCMSLIB00006709997	CCMSLIB00005774119	CCMSLIB00005774119	CCMSLIB00005774119	CCMSLIB00005774119	CCMSLIB00012338050	CCMSLIB00006408125	CCMSLIB00006709997	CCMSLIB00006709997	CCMSLIB00006709997	CCMSLIB00005774119	CCMSLIB00005774119	CCMSLIB00005774119	CCMSLIB00005774119
2404	no match	no match	no match	CCMSLIB00005463504	CCMSLIB00005463504	CCMSLIB00005463504	CCMSLIB00005463504	CCMSLIB00005463504	CCMSLIB00005463504	no match	no match	no match	CCMSLIB00005463504	CCMSLIB00012316115	CCMSLIB00012316115	CCMSLIB00012316115	CCMSLIB00012316115	CCMSLIB00012316115	no match	no match	CCMSLIB00011430286	CCMSLIB00011430286	CCMSLIB00012316122	CCMSLIB00012316122	CCMSLIB00012316122	CCMSLIB00012316122	CCMSLIB00012316122
1896	no match	no match	no match	no match	no match	CCMSLIB00005463538	CCMSLIB00010118011	CCMSLIB00012448230	CCMSLIB00012448230	no match	no match	CCMSLIB00012468967	CCMSLIB00012468967	CCMSLIB00005464615	CCMSLIB00005464615	CCMSLIB00012285483	CCMSLIB00012448230	CCMSLIB00012448230	no match	no match	CCMSLIB00012468967	CCMSLIB00012474802	CCMSLIB00005464615	CCMSLIB00005464615	CCMSLIB00012422435	CCMSLIB00012367083	CCMSLIB00012367083
2412	no match	no match	CCMSLIB00005463539	CCMSLIB00005463539	CCMSLIB00005463539	CCMSLIB00005463539	CCMSLIB00005463504	CCMSLIB00012310003	CCMSLIB00012310003	no match	no match	CCMSLIB00005463539	CCMSLIB00005463539	CCMSLIB00005463539	CCMSLIB00009918383	CCMSLIB00004705624	CCMSLIB00005732827	CCMSLIB00005732827	no match	no match	CCMSLIB00000079686	CCMSLIB00004699690	CCMSLIB00005742570	CCMSLIB00012325101	CCMSLIB00012331200	CCMSLIB00005732827	CCMSLIB00005732827
1904	no match	no match	CCMSLIB00005463504	CCMSLIB00012441222	CCMSLIB00012441222	CCMSLIB00012441222	CCMSLIB00012441222	CCMSLIB00012441222	CCMSLIB00012441222	no match	CCMSLIB00010011978	CCMSLIB00012247580	CCMSLIB00012441226	CCMSLIB00012441226	CCMSLIB00012441226	CCMSLIB00006389958	CCMSLIB00006389958	CCMSLIB00006389958	no match	CCMSLIB00010011978	CCMSLIB00012287797	CCMSLIB00012406277	CCMSLIB00012406277	CCMSLIB00005739122	CCMSLIB00010103514	CCMSLIB00010103514	CCMSLIB00010103514
1403	no match	no match	no match	no match	CCMSLIB00005463508	CCMSLIB00006571932	CCMSLIB00006571932	CCMSLIB00006571932	CCMSLIB00006571932	no match	no match	CCMSLIB00000478478	CCMSLIB00000854634	CCMSLIB00000854634	CCMSLIB00000854634	CCMSLIB00012474818	CCMSLIB00012474818	CCMSLIB00012474818	no match	no match	CCMSLIB00012321040	CCMSLIB00012321040	CCMSLIB00012266503	CCMSLIB00012474839	CCMSLIB00005745736	CCMSLIB00005745736	CCMSLIB00005745736
1915	no match	no match	no match	no match	CCMSLIB00005463504	CCMSLIB00005463504	CCMSLIB00005463504	CCMSLIB00005463504	CCMSLIB00005463504	no match	no match	no match	CCMSLIB00011430293	CCMSLIB00004699526	CCMSLIB00010119104	CCMSLIB00006572072	CCMSLIB00006572072	CCMSLIB00006572072	no match	no match	CCMSLIB00006565243	CCMSLIB00006544353	CCMSLIB00006544353	CCMSLIB00005764336	CCMSLIB00005773696	CCMSLIB00005773696	CCMSLIB00005773696
380	no match	no match	no match	no match	CCMSLIB00003136974	CCMSLIB00003136974	CCMSLIB00003136974	CCMSLIB00003136974	CCMSLIB00003136974	no match	no match	CCMSLIB00004698381	CCMSLIB00005723364	CCMSLIB00003136974	CCMSLIB00003136974	CCMSLIB00012293037	CCMSLIB00012293037	CCMSLIB00012293037	no match	no match	CCMSLIB00000848942	CCMSLIB00005723364	CCMSLIB00003136974	CCMSLIB00003136974	CCMSLIB00012293037	CCMSLIB00012293037	CCMSLIB00012293037
1927	no match	no match	CCMSLIB00005463508	CCMSLIB00012439301	CCMSLIB00012439301	CCMSLIB00012439301	CCMSLIB00010109460	CCMSLIB00010109460	CCMSLIB00010109460	no match	no match	CCMSLIB00005749330	CCMSLIB00012439301	CCMSLIB00012439301	CCMSLIB00012444889	CCMSLIB00005747769	CCMSLIB00005747769	CCMSLIB00005747769	no match	CCMSLIB00004713645	CCMSLIB00012449049	CCMSLIB00012449049	CCMSLIB00006436800	CCMSLIB00006436800	CCMSLIB00006436800	CCMSLIB00010124447	CCMSLIB00010124447
2440	no match	no match	no match	CCMSLIB00005723305	CCMSLIB00005723305	CCMSLIB00000853340	CCMSLIB00005747482	CCMSLIB00005747482	CCMSLIB00005747482	no match	no match	no match	CCMSLIB00005723305	CCMSLIB00005723305	CCMSLIB00000853340	CCMSLIB00005747482	CCMSLIB00005739415	CCMSLIB00005739415	no match	no match	CCMSLIB00012256338	CCMSLIB00012256338	CCMSLIB00012256338	CCMSLIB00012256338	CCMSLIB00009919225	CCMSLIB00005739415	CCMSLIB00005739415
394	no match	no match	no match	no match	no match	no match	CCMSLIB00005463504	CCMSLIB00005463504	CCMSLIB00005463504	no match	no match	CCMSLIB00000085117	CCMSLIB00000085117	CCMSLIB00000085117	CCMSLIB00000085117	CCMSLIB00006543886	CCMSLIB00006543886	CCMSLIB00006543886	no match	no match	CCMSLIB00000085117	CCMSLIB00006358529	CCMSLIB00012270475	CCMSLIB00012270475	CCMSLIB00006378967	CCMSLIB00006378967	CCMSLIB00006378967
2443	no match	no match	CCMSLIB00012475038	CCMSLIB00012475038	CCMSLIB00012475038	CCMSLIB00006437037	CCMSLIB00005720225	CCMSLIB00005720212	CCMSLIB00005720212	no match	no match	CCMSLIB00012474809	CCMSLIB00012474809	CCMSLIB00012474809	CCMSLIB00012474809	CCMSLIB00012474809	CCMSLIB00005720212	CCMSLIB00005720212	no match	no match	CCMSLIB00012474809	CCMSLIB00012474809	CCMSLIB00012474809	CCMSLIB00012474809	CCMSLIB00000850995	CCMSLIB00010125818	CCMSLIB00010125818
1934	no match	no match	CCMSLIB00005463504	CCMSLIB00011906237	CCMSLIB00010124522	CCMSLIB00010124522	CCMSLIB00005436065	CCMSLIB00005436065	CCMSLIB00005436065	no match	no match	CCMSLIB00012288755	CCMSLIB00012288755	CCMSLIB00004714302	CCMSLIB00004714302	CCMSLIB00005436065	CCMSLIB00005436065	CCMSLIB00005436065	no match	CCMSLIB00005465099	CCMSLIB00012293761	CCMSLIB00004751247	CCMSLIB00012276418	CCMSLIB00012381350	CCMSLIB00012381350	CCMSLIB00012381350	CCMSLIB00012381350
2449	no match	no match	CCMSLIB00005463500	CCMSLIB00005463663	CCMSLIB00012352136	CCMSLIB00012352136	CCMSLIB00012352136	CCMSLIB00012352136	CCMSLIB00012352136	no match	no match	CCMSLIB00006709977	CCMSLIB00005747769	CCMSLIB00005747769	CCMSLIB00005747769	CCMSLIB00005747769	CCMSLIB00005747769	CCMSLIB00005747769	no match	no match	CCMSLIB00006709977	CCMSLIB00006381594	CCMSLIB00006381594	CCMSLIB00006381594	CCMSLIB00006381594	CCMSLIB00006381594	CCMSLIB00006381594
410	no match	no match	no match	CCMSLIB00004678655	CCMSLIB00000840342	CCMSLIB00012358613	CCMSLIB00012358613	CCMSLIB00005725366	CCMSLIB00005725366	no match	no match	CCMSLIB00004678656	CCMSLIB00005748072	CCMSLIB00012440855	CCMSLIB00012358613	CCMSLIB00005764603	CCMSLIB00005725366	CCMSLIB00005725366	CCMSLIB00005777359	CCMSLIB00005777359	CCMSLIB00009919202	CCMSLIB00012286422	CCMSLIB00012440855	CCMSLIB00012358620	CCMSLIB00005764603	CCMSLIB00005768516	CCMSLIB00005768516
1443	no match	no match	CCMSLIB00001059638	CCMSLIB00001059638	CCMSLIB00012474865	CCMSLIB00012474865	CCMSLIB00012474865	CCMSLIB00012474865	CCMSLIB00012474865	no match	no match	CCMSLIB00001059638	CCMSLIB00001059638	CCMSLIB00012474865	CCMSLIB00012474865	CCMSLIB00012474865	CCMSLIB00012474865	CCMSLIB00012474865	no match	no match	CCMSLIB00001059638	CCMSLIB00001059638	CCMSLIB00012474865	CCMSLIB00012474865	CCMSLIB00012474865	CCMSLIB00012474865	CCMSLIB00012474865
2468	no match	no match	CCMSLIB00005463504	CCMSLIB00005463504	CCMSLIB00012368097	CCMSLIB00012368097	CCMSLIB00012368097	CCMSLIB00012368097	CCMSLIB00012368097	no match	no match	CCMSLIB00011906002	CCMSLIB00004713228	CCMSLIB00012400629	CCMSLIB00004712502	CCMSLIB00005722147	CCMSLIB00005722147	CCMSLIB00005722147	no match	CCMSLIB00012419622	CCMSLIB00010140797	CCMSLIB00000852150	CCMSLIB00000852150	CCMSLIB00004712502	CCMSLIB00012438344	CCMSLIB00012438341	CCMSLIB00012438341
1448	no match	no match	no match	no match	no match	no match	CCMSLIB00005463504	CCMSLIB00005463504	CCMSLIB00005463504	no match	CCMSLIB00006709991	CCMSLIB00012400053	CCMSLIB00012400053	CCMSLIB00012400053	CCMSLIB00012400053	CCMSLIB00012400053	CCMSLIB00012400053	CCMSLIB00012400053	no match	CCMSLIB00006709991	CCMSLIB00005733044	CCMSLIB00012474881	CCMSLIB00012474881	CCMSLIB00012474881	CCMSLIB00012474881	CCMSLIB00012474881	CCMSLIB00012474881
2483	no match	no match	no match	no match	no match	CCMSLIB00005463504	CCMSLIB00005463504	CCMSLIB00005463504	CCMSLIB00005463504	no match	no match	CCMSLIB00000080510	CCMSLIB00000080510	CCMSLIB00006561993	CCMSLIB00006561993	CCMSLIB00006561993	CCMSLIB00006561993	CCMSLIB00006561993	CCMSLIB00006514022	CCMSLIB00006514022	CCMSLIB00006514022	CCMSLIB00006514022	CCMSLIB00006514022	CCMSLIB00006514022	CCMSLIB00006514022	CCMSLIB00006514022	CCMSLIB00006514022
1972	no match	no match	CCMSLIB00005463504	CCMSLIB00005463504	CCMSLIB00012269934	CCMSLIB00012269934	CCMSLIB00012269934	CCMSLIB00012269934	CCMSLIB00012269934	no match	no match	CCMSLIB00000569906	CCMSLIB00010124952	CCMSLIB00010124952	CCMSLIB00000079689	CCMSLIB00012324904	CCMSLIB00012324904	CCMSLIB00012324904	no match	no match	CCMSLIB00000079544	CCMSLIB00010124952	CCMSLIB00010119657	CCMSLIB00000079689	CCMSLIB00012324904	CCMSLIB00012324904	CCMSLIB00012324904
435	no match	no match	no match	no match	CCMSLIB00005463539	CCMSLIB00005463539	CCMSLIB00006685180	CCMSLIB00006685180	CCMSLIB00006685180	no match	CCMSLIB00000848199	CCMSLIB00011906427	CCMSLIB00011906427	CCMSLIB00010083954	CCMSLIB00010083954	CCMSLIB00012339216	CCMSLIB00012339216	CCMSLIB00012339216	no match	CCMSLIB00000848199	CCMSLIB00011906427	CCMSLIB00000007028	CCMSLIB00005788087	CCMSLIB00005788087	CCMSLIB00012339216	CCMSLIB00012267808	CCMSLIB00012267808
2485	no match	no match	no match	no match	no match	no match	CCMSLIB00005463509	CCMSLIB00006575625	CCMSLIB00006575625	no match	no match	no match	no match	no match	CCMSLIB00011430310	CCMSLIB00012287222	CCMSLIB00012287222	CCMSLIB00010142872	no match	no match	CCMSLIB00012070102	CCMSLIB00012070102	CCMSLIB00006574059	CCMSLIB00000084924	CCMSLIB00012287222	CCMSLIB00004702770	CCMSLIB00004702770
444	no match	no match	no match	no match	no match	CCMSLIB00005463508	CCMSLIB00005463508	CCMSLIB00005463508	CCMSLIB00005463508	no match	no match	CCMSLIB00000577828	CCMSLIB00012466925	CCMSLIB00012466925	CCMSLIB00006584153	CCMSLIB00012468890	CCMSLIB00006566797	CCMSLIB00006566797	no match	no match	CCMSLIB00012465631	CCMSLIB00012474920	CCMSLIB00012474920	CCMSLIB00012468916	CCMSLIB00010110226	CCMSLIB00012409974	CCMSLIB00012409974
445	no match	no match	no match	no match	no match	CCMSLIB00005463508	CCMSLIB00006575625	CCMSLIB00006575625	CCMSLIB00006575625	no match	no match	CCMSLIB00012470542	CCMSLIB00012470542	CCMSLIB00012470542	CCMSLIB00012470542	CCMSLIB00006560180	CCMSLIB00006380304	CCMSLIB00006380304	no match	no match	CCMSLIB00005739623	CCMSLIB00005739623	CCMSLIB00005725437	CCMSLIB00005725437	CCMSLIB00012248495	CCMSLIB00006380304	CCMSLIB00006380304
958	no match	no match	no match	no match	CCMSLIB00006710015	CCMSLIB00010007702	CCMSLIB00010007702	CCMSLIB00010007702	CCMSLIB00010007702	CCMSLIB00012474738	CCMSLIB00012474738	CCMSLIB00012474738	CCMSLIB00012474738	CCMSLIB00012474738	CCMSLIB00012471939	CCMSLIB00012471939	CCMSLIB00012471939	CCMSLIB00012471939	CCMSLIB00012474738	CCMSLIB00012474738	CCMSLIB00012474738	CCMSLIB00012474738	CCMSLIB00012474738	CCMSLIB00012471939	CCMSLIB00012471939	CCMSLIB00012471939	CCMSLIB00012471939
1986	no match	no match	no match	CCMSLIB00005463504	CCMSLIB00005463504	CCMSLIB00006575498	CCMSLIB00006575498	CCMSLIB00006575498	CCMSLIB00006575498	no match	no match	CCMSLIB00012305268	CCMSLIB00012322258	CCMSLIB00012322258	CCMSLIB00012322258	CCMSLIB00012322258	CCMSLIB00012322258	CCMSLIB00012322258	no match	CCMSLIB00000222511	CCMSLIB00004722008	CCMSLIB00012322258	CCMSLIB00012322258	CCMSLIB00000852739	CCMSLIB00005747787	CCMSLIB00005747787	CCMSLIB00005747787
2499	no match	no match	no match	no match	no match	no match	CCMSLIB00005463504	CCMSLIB00005463504	CCMSLIB00005463504	no match	no match	no match	no match	no match	CCMSLIB00005741271	CCMSLIB00005741271	CCMSLIB00005741271	CCMSLIB00005741271	no match	no match	CCMSLIB00005463508	CCMSLIB00006581285	CCMSLIB00006581285	CCMSLIB00009918383	CCMSLIB00006579635	CCMSLIB00006579635	CCMSLIB00006579635
1990	no match	no match	no match	CCMSLIB00005463505	CCMSLIB00005463505	CCMSLIB00005463505	CCMSLIB00010124530	CCMSLIB00010124530	CCMSLIB00010124530	no match	no match	CCMSLIB00005725547	CCMSLIB00005725547	CCMSLIB00005725547	CCMSLIB00012345361	CCMSLIB00012345361	CCMSLIB00012345361	CCMSLIB00012345361	no match	no match	CCMSLIB00012466179	CCMSLIB00012286883	CCMSLIB00012286883	CCMSLIB00012345361	CCMSLIB00012345361	CCMSLIB00012345361	CCMSLIB00012345361
2502	no match	no match	no match	no match	no match	no match	CCMSLIB00012470341	CCMSLIB00012474864	CCMSLIB00012474864	no match	no match	no match	no match	no match	CCMSLIB00012360919	CCMSLIB00012262590	CCMSLIB00012474864	CCMSLIB00012474864	no match	no match	CCMSLIB00004711593	CCMSLIB00004711593	CCMSLIB00004711593	CCMSLIB00005719912	CCMSLIB00005719912	CCMSLIB00005719912	CCMSLIB00005719912
1992	no match	no match	no match	no match	no match	no match	CCMSLIB00005720236	CCMSLIB00000084924	CCMSLIB00004708860	no match	no match	no match	no match	no match	CCMSLIB00010129519	CCMSLIB00000845635	CCMSLIB00000845433	CCMSLIB00012338019	no match	no match	no match	CCMSLIB00000577526	CCMSLIB00000577526	CCMSLIB00000577526	CCMSLIB00005721727	CCMSLIB00005721727	CCMSLIB00005745412
2504	CCMSLIB00006709999	CCMSLIB00006709999	CCMSLIB00006709999	CCMSLIB00006709999	CCMSLIB00006709999	CCMSLIB00006709999	CCMSLIB00006709999	CCMSLIB00006709999	CCMSLIB00006709999	CCMSLIB00006709999	CCMSLIB00006709999	CCMSLIB00006709999	CCMSLIB00006709999	CCMSLIB00006709999	CCMSLIB00006709999	CCMSLIB00006709999	CCMSLIB00006709999	CCMSLIB00006709999	CCMSLIB00006709999	CCMSLIB00006709999	CCMSLIB00006709999	CCMSLIB00006709999	CCMSLIB00006709999	CCMSLIB00006709999	CCMSLIB00006709999	CCMSLIB00006709999	CCMSLIB00006709999
2509	no match	no match	CCMSLIB00005463504	CCMSLIB00005463504	CCMSLIB00005463504	CCMSLIB00006575625	CCMSLIB00005463508	CCMSLIB00005463508	CCMSLIB00005463508	no match	no match	CCMSLIB00012465827	CCMSLIB00012465827	CCMSLIB00012404615	CCMSLIB00012404615	CCMSLIB00006570476	CCMSLIB00006570476	CCMSLIB00006570476	no match	no match	CCMSLIB00012465827	CCMSLIB00010143842	CCMSLIB00012404638	CCMSLIB00012404615	CCMSLIB00005883783	CCMSLIB00005883783	CCMSLIB00005883783
1485	no match	no match	no match	CCMSLIB00005463508	CCMSLIB00005463508	CCMSLIB00010104739	CCMSLIB00010104739	CCMSLIB00010104739	CCMSLIB00010104739	no match	no match	no match	CCMSLIB00005742237	CCMSLIB00005742237	CCMSLIB00005742237	CCMSLIB00012413797	CCMSLIB00012413797	CCMSLIB00012413797	no match	no match	CCMSLIB00006562422	CCMSLIB00005742237	CCMSLIB00005742237	CCMSLIB00012384644	CCMSLIB00005775638	CCMSLIB00005775638	CCMSLIB00005775638
1487	no match	no match	no match	no match	no match	no match	CCMSLIB00005463508	CCMSLIB00005463504	CCMSLIB00005463504	no match	no match	CCMSLIB00012333569	CCMSLIB00012333569	CCMSLIB00012333569	CCMSLIB00012333569	CCMSLIB00012333569	CCMSLIB00000086070	CCMSLIB00000086070	no match	no match	CCMSLIB00012333569	CCMSLIB00012333569	CCMSLIB00012333569	CCMSLIB00012333569	CCMSLIB00012315135	CCMSLIB00006484388	CCMSLIB00006484388
2000	no match	no match	CCMSLIB00005463504	CCMSLIB00006572156	CCMSLIB00006572156	CCMSLIB00006386861	CCMSLIB00012450011	CCMSLIB00012450011	CCMSLIB00012450011	no match	no match	CCMSLIB00005465408	CCMSLIB00006402396	CCMSLIB00006402396	CCMSLIB00012474953	CCMSLIB00012474606	CCMSLIB00012474606	CCMSLIB00012474606	no match	CCMSLIB00000079461	CCMSLIB00000079802	CCMSLIB00006402396	CCMSLIB00006527817	CCMSLIB00012474953	CCMSLIB00012474606	CCMSLIB00012474606	CCMSLIB00012474606
2003	no match	no match	no match	no match	CCMSLIB00005463508	CCMSLIB00005463508	CCMSLIB00005463508	CCMSLIB00005463508	CCMSLIB00005463508	no match	no match	no match	no match	CCMSLIB00005463508	CCMSLIB00000070282	CCMSLIB00001059640	CCMSLIB00001059640	CCMSLIB00001059640	no match	CCMSLIB00012428406	CCMSLIB00012428406	CCMSLIB00012428406	CCMSLIB00012428406	CCMSLIB00012428406	CCMSLIB00012428406	CCMSLIB00012428406	CCMSLIB00012428406
2518	no match	no match	no match	no match	no match	no match	CCMSLIB00005463539	CCMSLIB00005463539	CCMSLIB00005463539	no match	no match	no match	no match	no match	no match	CCMSLIB00005463539	CCMSLIB00005463539	CCMSLIB00005463539	no match	no match	CCMSLIB00012342902	CCMSLIB00012342902	CCMSLIB00012342902	CCMSLIB00012342902	CCMSLIB00012342902	CCMSLIB00012342902	CCMSLIB00012342902
2519	no match	no match	no match	no match	no match	no match	CCMSLIB00005463539	CCMSLIB00006575625	CCMSLIB00006575625	no match	no match	no match	no match	no match	no match	CCMSLIB00011431712	CCMSLIB00011431315	CCMSLIB00011431315	no match	CCMSLIB00005721790	CCMSLIB00005721790	CCMSLIB00005721790	CCMSLIB00010147928	CCMSLIB00012329188	CCMSLIB00012277977	CCMSLIB00012277977	CCMSLIB00012277977
2011	no match	no match	CCMSLIB00005463504	CCMSLIB00005463504	CCMSLIB00005463504	CCMSLIB00006575624	CCMSLIB00006709979	CCMSLIB00006709979	CCMSLIB00006709979	no match	no match	CCMSLIB00012316214	CCMSLIB00012316214	CCMSLIB00012323035	CCMSLIB00012323035	CCMSLIB00012323035	CCMSLIB00012323035	CCMSLIB00012323035	no match	no match	CCMSLIB00012316214	CCMSLIB00012387197	CCMSLIB00012255012	CCMSLIB00012255012	CCMSLIB00012255012	CCMSLIB00012255012	CCMSLIB00012255012
1501	no match	no match	no match	CCMSLIB00006709990	CCMSLIB00005746148	CCMSLIB00005746148	CCMSLIB00012474565	CCMSLIB00012474565	CCMSLIB00012474565	no match	no match	CCMSLIB00000851216	CCMSLIB00012470081	CCMSLIB00005748038	CCMSLIB00005748038	CCMSLIB00005748038	CCMSLIB00005748038	CCMSLIB00005748038	no match	no match	CCMSLIB00005739583	CCMSLIB00012470081	CCMSLIB00005747769	CCMSLIB00005747769	CCMSLIB00005747769	CCMSLIB00005747769	CCMSLIB00005747769
2015	no match	no match	CCMSLIB00000070272	CCMSLIB00000424924	CCMSLIB00000222310	CCMSLIB00000222310	CCMSLIB00000222310	CCMSLIB00006568367	CCMSLIB00006568367	no match	no match	CCMSLIB00000070272	CCMSLIB00000424924	CCMSLIB00000222308	CCMSLIB00006538880	CCMSLIB00006538880	CCMSLIB00006538880	CCMSLIB00006538880	no match	no match	CCMSLIB00005775949	CCMSLIB00005775949	CCMSLIB00005775949	CCMSLIB00006538880	CCMSLIB00006538880	CCMSLIB00006538880	CCMSLIB00006538880
2016	no match	no match	no match	no match	no match	no match	CCMSLIB00005463504	CCMSLIB00005463504	CCMSLIB00005463504	no match	no match	CCMSLIB00005742496	CCMSLIB00005742496	CCMSLIB00005742496	CCMSLIB00005742496	CCMSLIB00005742496	CCMSLIB00005742496	CCMSLIB00005742496	CCMSLIB00000852938	CCMSLIB00000852938	CCMSLIB00005742496	CCMSLIB00005742496	CCMSLIB00005742496	CCMSLIB00005742496	CCMSLIB00005742496	CCMSLIB00005742496	CCMSLIB00005742496
2020	no match	no match	no match	CCMSLIB00005463508	CCMSLIB00005744728	CCMSLIB00005744728	CCMSLIB00005744728	CCMSLIB00005744728	CCMSLIB00005744728	no match	no match	no match	CCMSLIB00012363047	CCMSLIB00012363047	CCMSLIB00012363047	CCMSLIB00012363047	CCMSLIB00012296053	CCMSLIB00012296053	no match	no match	CCMSLIB00010100747	CCMSLIB00012363047	CCMSLIB00012363047	CCMSLIB00000854698	CCMSLIB00005721216	CCMSLIB00005721216	CCMSLIB00005721216
484	no match	no match	no match	CCMSLIB00006710019	CCMSLIB00006710019	CCMSLIB00006710019	CCMSLIB00006710019	CCMSLIB00006710019	CCMSLIB00006710019	no match	no match	CCMSLIB00006709992	CCMSLIB00000078749	CCMSLIB00000078749	CCMSLIB00000078749	CCMSLIB00000078749	CCMSLIB00000078749	CCMSLIB00000078749	CCMSLIB00012416700	CCMSLIB00012416700	CCMSLIB00012272965	CCMSLIB00005724022	CCMSLIB00005724022	CCMSLIB00012474772	CCMSLIB00012474772	CCMSLIB00012474772	CCMSLIB00012474772
492	no match	no match	CCMSLIB00006709990	CCMSLIB00006709990	CCMSLIB00012470937	CCMSLIB00000213602	CCMSLIB00000213602	CCMSLIB00000213602	CCMSLIB00000213602	no match	no match	CCMSLIB00012474728	CCMSLIB00012249577	CCMSLIB00005746123	CCMSLIB00000213602	CCMSLIB00000213602	CCMSLIB00000213602	CCMSLIB00000213602	CCMSLIB00012474738	CCMSLIB00012474738	CCMSLIB00012474728	CCMSLIB00012249577	CCMSLIB00005746123	CCMSLIB00000215085	CCMSLIB00000215085	CCMSLIB00000213602	CCMSLIB00000213602
2548	no match	no match	no match	no match	no match	CCMSLIB00005463504	CCMSLIB00005463504	CCMSLIB00005463504	CCMSLIB00005463504	no match	no match	no match	no match	CCMSLIB00006578638	CCMSLIB00012331686	CCMSLIB00012331686	CCMSLIB00012331686	CCMSLIB00012331686	no match	no match	CCMSLIB00004692720	CCMSLIB00004692720	CCMSLIB00004692720	CCMSLIB00004692720	CCMSLIB00004692720	CCMSLIB00004692720	CCMSLIB00004692720
1530	no match	no match	no match	no match	no match	no match	no match	no match	no match	no match	CCMSLIB00012470318	CCMSLIB00012470318	CCMSLIB00012470318	CCMSLIB00012470318	CCMSLIB00004721111	CCMSLIB00004721111	CCMSLIB00004721111	CCMSLIB00004721111	no match	CCMSLIB00012470318	CCMSLIB00006386941	CCMSLIB00006386941	CCMSLIB00004692341	CCMSLIB00004693540	CCMSLIB00004693540	CCMSLIB00004693540	CCMSLIB00004693540
2555	no match	no match	CCMSLIB00005463508	CCMSLIB00005463508	CCMSLIB00005463508	CCMSLIB00005463508	CCMSLIB00000209553	CCMSLIB00000209553	CCMSLIB00000209553	no match	no match	CCMSLIB00005463508	CCMSLIB00005463508	CCMSLIB00000478532	CCMSLIB00000478532	CCMSLIB00010111459	CCMSLIB00012260924	CCMSLIB00012260924	no match	no match	CCMSLIB00000854041	CCMSLIB00000854041	CCMSLIB00000478532	CCMSLIB00000478532	CCMSLIB00012380353	CCMSLIB00012260924	CCMSLIB00012260924
