structurePerIdRank	formulaRank	ConfidenceScoreExact	ConfidenceScoreApproximate	CSI:FingerIDScore	ZodiacScore	SiriusScore	molecularFormula	adduct	precursorFormula	InChIkey2D	InChI	name	smiles	xlogp	pubchemids	links	dbflags	ionMass	retentionTimeInSeconds	retentionTimeInMinutes	formulaId	alignedFeatureId	mappingFeatureId	overallFeatureQuality
1	1	0.094	0.094	-86.837		63.714	C7H7NO2	[M + H]+	C7H8NO2+	RWZYAGGXGHYGMB	"InChI=1S/C7H7NO2/c8-6-4-2-1-3-5(6)7(9)10/h1-4H,8H2,(H,9,10)"	Anthranilate	C1=CC=C(C(=C1)C(=O)O)N	0.703	87858406;50924535;50924537;5459842;56633119;25157564;133188523;682386;60046909;60046913;60046914;153712536;11094791;10562813;227;3613879;12196191;12196194;71309495;57607877;57607881;138396184	PUBCHEMANNOTATIONBIO;HMDB:(HMDB0001123);MiMeDB:(MMDBc0000180);PUBCHEMANNOTATIONSAFETYANDTOXIC;BloodExposome:(23674494 5459842 227 23663633);SUPERNATURAL:(SN0337503);HSDB:(118-92-3);MESH:(227 5459842);FooDB:(FDB000896);PUBCHEM:(87858406 50924535 50924537 5459842 56633119 25157564 133188523 682386 60046909 60046913 60046914 153712536 11094791 10562813 227 3613879 12196191 12196194 71309495 57607877 57607881 138396184);COCONUT:(CNP0152283);NORMAN:(NS00009891 NS00078361 NS00081441 NS00082654 NS00087433);METACYC:(ANTHRANILATE);PLANTCYC:(ANTHRANILATE);CHEBI:(16567 30754);KEGG:(C00108);DSSTox:(DTXSID10209421 DTXSID20727303 DTXSID30892854 DTXSID30927534 DTXSID40203694 DTXSID4064711 DTXSID40745908 DTXSID6062177 DTXSID8020094 DTXSID80420080);LOTUS:(Q385140);YMDB:(YMDB00278);PUBCHEMANNOTATIONDRUG;PUBMED;KNAPSACK:(RWZYAGGXGHYGMB-UHFFFAOYSA-N)	1.39443E+11	138.056	22	0.368	6.37284E+17	6.37283E+17	85	
1	1	0.045	0.045	-363.73		17.249	C12H16N2O	[M + H]+	C12H17N2O+	XZODZOZILSMJFT	"InChI=1S/C12H16N2O/c1-15-8-7-13-9-10-3-2-4-12-11(10)5-6-14-12/h2-6,13-14H,7-9H2,1H3"	[(1H-indol-4-yl)methyl](2-methoxyethyl)amine	COCCNCC1=C2C=CNC2=CC=C1	1.3	16767491	COCONUT:(CNP0186407);SUPERNATURAL:(SN0444291);PUBCHEM:(16767491)	3145730	205.134	29	0.491	6.37284E+17	6.37283E+17	62	
1	1	0.983	0.983	-33.223		108.39	C11H14N2O	[M + H]+	C11H15N2O+	ANJTVLIZGCUXLD	"InChI=1S/C11H14N2O/c14-11-3-1-2-10-9-4-8(5-12-6-9)7-13(10)11/h1-3,8-9,12H,4-7H2"	Ulexine	C1C2CNCC1C3=CC=CC(=O)N3C2	0.2	154789962;6708720;6713952;53321937;134879612;683511;1549781;1549782;139062782;10235;22407;442949;12358865;11859180;49849591	PUBCHEMANNOTATIONBIO;HMDB:(HMDB0242209);PUBCHEMANNOTATIONSAFETYANDTOXIC;BloodExposome:(6708720 10235 20056518 442949 22407 1549781 683511);SUPERNATURAL:(SN0010223);HSDB:(485-35-8);MESH:(10235);PUBCHEM:(154789962 6708720 6713952 53321937 134879612 683511 1549781 1549782 139062782 10235 22407 442949 12358865 11859180 49849591);COCONUT:(CNP0344781);NORMAN:(NS00015395 NS00067015 NS00080333 NS00080842);CHEBI:(111178 95183 4055);KEGG:(C10763);DSSTox:(DTXSID00883395 DTXSID501140305 DTXSID50975875 DTXSID80274727);LOTUS:(Q27190691 Q417343 Q104915219 Q104915184 Q104394908 Q27166989);PUBCHEMANNOTATIONDRUG;PUBMED;KNAPSACK:(ANJTVLIZGCUXLD-UHFFFAOYSA-N)	1.37832E+11	191.118	30	0.506	6.37284E+17	6.37283E+17	25	
1	1	0.746	0.76	-67.737		190.477	C15H24N2O2	[M + H]+	C15H25N2O2+	JVYKIBAJVKEZSQ	"InChI=1S/C15H24N2O2/c18-12-4-5-16-8-10-6-11(14(16)7-12)9-17-13(10)2-1-3-15(17)19/h10-14,18H,1-9H2"	"12-hydroxy-7,15-diazatetracyclo[7.7.1.0²,⁷.0¹⁰,¹⁵]heptadecan-6-one"	C1CC2C3CC(CN2C(=O)C1)C4CC(CCN4C3)O	0.6	15939853;5320258;5459919;51017960;129560784;129560786;21139805;7545440;162992481;6338097;92169672;10015683;91748458;131664638;24076295;45266649;98071838;73404;201778;250873;439768;12310672;12310673;12310674;12310677;12310678;138319345;138319346;132940124	PUBCHEMANNOTATIONBIO;PUBCHEMANNOTATIONSAFETYANDTOXIC;BloodExposome:(250873 439768 73404 201777 5459919);SUPERNATURAL:(SN0176768);MESH:(73404 250873 439768 5459919);PUBCHEM:(15939853 5320258 5459919 51017960 129560784 129560786 21139805 7545440 162992481 6338097 92169672 10015683 91748458 131664638 24076295 45266649 98071838 73404 201778 250873 439768 12310672 12310673 12310674 12310677 12310678 138319345 138319346 132940124);COCONUT:(CNP0265526);NORMAN:(NS00066965 NS00094228);METACYC:(13-HYDROXYLUPININE);PLANTCYC:(13-HYDROXYLUPININE);CHEBI:(18328 58446);KEGG:(C02621);DSSTox:(DTXSID10987530 DTXSID70934782);LOTUS:(Q105136025 Q105136026 Q105136029 Q27256103 Q105136033 Q105136027 Q27103005);PUBCHEMANNOTATIONDRUG;PUBMED;KNAPSACK:(JVYKIBAJVKEZSQ-UHFFFAOYSA-N)	1.37833E+11	265.192	38	0.628	6.37284E+17	6.37283E+17	1	
1	1	0.671	0.734	-16.985		63.43	C15H26N2	[M + H]+	C15H27N2+	SLRCCWJSBJZJBV	"InChI=1S/C15H26N2/c1-3-7-16-11-13-9-12(14(16)5-1)10-17-8-4-2-6-15(13)17/h12-15H,1-11H2"	Spartein	C1CCN2CC3CC(C2C1)CN4C3CCCC4	2.5	58785334;67149128;9863771;6557358;6999974;15939848;15939859;15939863;5194681;16212687;5320360;5321421;134854684;58174489;58330513;52951065;6101950;59033439;6398662;6452127;5702118;145540498;16638182;126547997;16759267;70960031;10331615;644020;45598163;131705291;1715129;1715130;1774551;59615105;3966;7014;92759;168213;442965;46937024;3556231;12304487;12304488;12304489;1424230;44381766	PUBCHEMANNOTATIONBIO;HMDB:(HMDB0243524);PUBCHEMANNOTATIONSAFETYANDTOXIC;BloodExposome:(15939859 6452127 7014 92759 16212687 168213 3966 644020);SUPERNATURAL:(SN0348950);MESH:(3966 7014 92759 168213 644020 6452127 16212687);PUBCHEM:(58785334 67149128 9863771 6557358 6999974 15939848 15939859 15939863 5194681 16212687 5320360 5321421 134854684 58174489 58330513 52951065 6101950 59033439 6398662 6452127 5702118 145540498 16638182 126547997 16759267 70960031 10331615 644020 45598163 131705291 1715129 1715130 1774551 59615105 3966 7014 92759 168213 442965 46937024 3556231 12304487 12304488 12304489 1424230 44381766);GNPS:(CCMSLIB00000855107);COCONUT:(CNP0187177);NORMAN:(NS00008083 NS00066972 NS00080387 NS00094222 NS00099109);CHEBI:(28827 81074);KEGG:(C17418 C10783);DSSTox:(DTXSID20966119 DTXSID401317646 DTXSID4023591 DTXSID40915700 DTXSID601126235 DTXSID801126362 DTXSID80179627 DTXSID90915699);LOTUS:(Q104250371 Q419552 Q105255568 Q83050151 Q105255566 Q27271670 Q105255549 Q104250100 Q105255548 Q105255554 Q66604441);PUBCHEMANNOTATIONDRUG;PUBMED;KNAPSACK:(SLRCCWJSBJZJBV-UHFFFAOYSA-N)	1.37832E+11	235.217	47	0.78	6.37284E+17	6.37283E+17	81	
1	1	0.498	0.498	-74.191		111.88	C22H26N4	[M + H]+	C22H27N4+	XSYCDVWYEVUDKQ	"InChI=1S/C22H26N4/c1-25-13-11-22-16-8-4-5-9-17(16)23-19(25)21(22)12-14-26(2)20(22)24-18-10-6-3-7-15(18)21/h3-10,19-20,23-24H,11-14H2,1-2H3"	Calycanthine	CN1CCC23C4NC5=CC=CC=C5C2(C1NC6=CC=CC=C36)CCN4C	3.9	6541179;6604273;6713056;5392245;5479813;135013094;134940312;6324869;5500298;16720249;165340063;18389047;18389426;11035395;73418;264115;1274456;133611802;11859173;11861113;73759826	PUBCHEMANNOTATIONBIO;HMDB:(HMDB0029561);PUBCHEMANNOTATIONSAFETYANDTOXIC;SUPERNATURAL:(SN0439231);MESH:(5392245);PUBCHEM:(6541179 6604273 6713056 5392245 5479813 135013094 134940312 6324869 5500298 16720249 165340063 18389047 18389426 11035395 73418 264115 1274456 133611802 11859173 11861113 73759826);GNPS:(CCMSLIB00000085366);COCONUT:(CNP0193367);NORMAN:(NS00042766);CHEBI:(3333 95133);KEGG:(C10573);DSSTox:(DTXSID10974900);LOTUS:(Q104399213 Q105341354 Q27106029);PUBCHEMANNOTATIONDRUG;PUBMED;KNAPSACK:(XSYCDVWYEVUDKQ-UHFFFAOYSA-N)	1.37828E+11	347.224	51	0.842	6.37284E+17	6.37283E+17	14	
1	1	0.598	0.704	-77.71		148.66	C15H24N2O	[M + H]+	C15H25N2O+	JYIJIIVLEOETIQ	"InChI=1S/C15H24N2O/c18-15-6-3-5-14-11-8-12(10-17(14)15)13-4-1-2-7-16(13)9-11/h11-14H,1-10H2"	"14-oxo-7,15-diazatetracyclo[7.7.1.0²,⁷.0¹⁰,¹⁵]heptadecan-7-ium"	C1CCN2CC3CC(C2C1)CN4C3CCCC4=O	1.6	6575008;6575009;6708718;6987464;163049736;163184988;50903915;15939852;16406823;129650625;134715220;134975114;7018996;7018997;6101749;92143189;91636436;638233;131664518;1794464;91471;119201;442956;3794202;12310647;12310653;12310654;1274462;1492637;57525181	PUBCHEMANNOTATIONBIO;HMDB:(HMDB0242561 HMDB0304704);MiMeDB:(MMDBc0054552);PUBCHEMANNOTATIONSAFETYANDTOXIC;BloodExposome:(119201 15939852 12310647 134715220 91471 442956 12310653 638233 92143189);SUPERNATURAL:(SN0178619);MESH:(91471 119201 638233 12310647 15939852 134715220);FooDB:(FDB097316);PUBCHEM:(6575008 6575009 6708718 6987464 163049736 163184988 50903915 15939852 16406823 129650625 134715220 134975114 7018996 7018997 6101749 92143189 91636436 638233 131664518 1794464 91471 119201 442956 3794202 12310647 12310653 12310654 1274462 1492637 57525181);COCONUT:(CNP0076196 CNP0332908);NORMAN:(NS00042395 NS00094225 NS00094227);METACYC:(CPD-8917);PLANTCYC:(CPD-8917);CHEBI:(91960 28193 64261);KEGG:(C10772);DSSTox:(DTXSID001023908 DTXSID00907621 DTXSID501318297);LOTUS:(Q105137047 Q105137028 Q105137049 Q104169999 Q27103558 Q105137032 Q27279861 Q105137030 Q105137048 Q100145877 Q104376005 Q27256702);PUBCHEMANNOTATIONDRUG;PUBMED;KNAPSACK:(JYIJIIVLEOETIQ-UHFFFAOYSA-O JYIJIIVLEOETIQ-UHFFFAOYSA-N)	1.39443E+11	249.196	51	0.856	6.37284E+17	6.37283E+17	57	
1	1	0.471	0.471	-189.34		199.959	C13H15NO2	[M + H]+	C13H16NO2+	NRZXBDYODHLZBF	"InChI=1S/C13H15NO2/c15-8-10-7-9-3-1-5-14-6-2-4-11(12(9)14)13(10)16/h7-8,16H,1-6H2"	"8-hydroxy-1-azatricyclo[7.3.1.0⁵,¹³]trideca-5,7,9(13)-triene-7-carbaldehyde"	C1CC2=CC(=C(C3=C2N(C1)CCC3)O)C=O	2.5	113099;3930402	COCONUT:(CNP0075532);NORMAN:(NS00035338);PUBCHEMANNOTATIONSAFETYANDTOXIC;MESH:(113099);PUBCHEM:(113099 3930402);DSSTox:(DTXSID6069743);PUBMED	1.37508E+11	218.117	52	0.869	6.37284E+17	6.37283E+17	70	
1	1	0.828	0.994	-8.591		156.219	C16H23NO6	[M + H]+	C16H24NO6+	QVCMHGGNRFRMAD	"InChI=1S/C16H23NO6/c1-9-13(18)23-11-5-7-17-6-4-10(12(11)17)8-22-14(19)16(3,21)15(9,2)20/h4,9,11-12,20-21H,5-8H2,1-3H3"	Monocrotaline	CC1C(=O)OC2CCN3C2C(=CC3)COC(=O)C(C1(C)O)(C)O	-0.7	124514865;124918259;6604238;6604673;6971200;6971201;53298479;134762360;137706332;7059591;7059592;7059671;7059672;7157200;7566625;7566626;7566635;124300554;124352398;162850765;162850766;6325704;16757794;16759293;56840789;139025652;139292032;4246;9415;120834;231893;1151331;133550121;133645839;11869409;11869408;11869410;11869411;11869412;44285050;138107162	PUBCHEMANNOTATIONBIO;HMDB:(HMDB0034363);PUBCHEMANNOTATIONSAFETYANDTOXIC;BloodExposome:(9415 4246);SUPERNATURAL:(SN0316032);HSDB:(315-22-0);MESH:(9415);FooDB:(FDB012736);PUBCHEM:(124514865 124918259 6604238 6604673 6971200 6971201 53298479 134762360 137706332 7059591 7059592 7059671 7059672 7157200 7566625 7566626 7566635 124300554 124352398 162850765 162850766 6325704 16757794 16759293 56840789 139025652 139292032 4246 9415 120834 231893 1151331 133550121 133645839 11869409 11869408 11869410 11869411 11869412 44285050 138107162);GNPS:(CCMSLIB00000085787 CCMSLIB00003136212);COCONUT:(CNP0112982);NORMAN:(NS00015471);CHEBI:(6980 125403);KEGG:(C10350);DSSTox:(DTXSID501009159 DTXSID9020902);LOTUS:(Q105228563 Q27107379 Q27215982);PUBCHEMANNOTATIONDRUG;PUBMED;KNAPSACK:(QVCMHGGNRFRMAD-UHFFFAOYSA-N)	1.38369E+11	326.16	61	1.018	6.37284E+17	6.37283E+17	59	
1	3	0.966	0.971	-66.509		114.36	C17H21NO4	[M + H]+	C17H22NO4+	STECJAGHUSJQJN	"InChI=1S/C17H21NO4/c1-18-13-7-11(8-14(18)16-15(13)22-16)21-17(20)12(9-19)10-5-3-2-4-6-10/h2-6,11-16,19H,7-9H2,1H3"	Hyoscine	CN1C2CC(CC1C3C2O3)OC(=O)C(CO)C4=CC=CC=C4	1.23	9808333;9916237;6604698;6713754;6979027;50903317;76973133;76974846;23307900;5284456;5318385;5488345;16399351;51025660;134767951;21014128;7067872;7067874;124019740;135594347;136213033;59037463;6325382;6432494;6451257;5702114;5746387;16757730;126664809;10017965;3000322;3081743;3246242;10267079;10267087;638340;673472;673473;60006754;129010440;71752170;54323317;54323318;18390271;44630465;131632305;131705759;131885396;138988041;24211936;45359105;98044763;98086793;5184;5809;8241;153311;450840;452977;46782912;91181590;3692321;12052005;91298633;117783900;12299881;1273221;133687113;11870469;11968014;49868370;164667083;90477282;44226825;2723877	PUBCHEMANNOTATIONBIO;HMDB:(HMDB0003573 HMDB0243522);PUBCHEMANNOTATIONSAFETYANDTOXIC;BloodExposome:(52947685 5184 6451257 9916237 6432494 2723877 153311 5702113 51051761 11968014 5284456 86287431 656679 673473 6852406 6603108 22833499 24860547 20055509 452977 517999 3000322 44630464);SUPERNATURAL:(SN0354628);HSDB:(51-34-3);MESH:(5184 153311 452977 638340 2723877 3000322 5284456 6432494 6451257 9916237 11968014);PUBCHEM:(9808333 9916237 6604698 6713754 6979027 50903317 76973133 76974846 23307900 5284456 5318385 5488345 16399351 51025660 134767951 21014128 7067872 7067874 124019740 135594347 136213033 59037463 6325382 6432494 6451257 5702114 5746387 16757730 126664809 10017965 3000322 3081743 3246242 10267079 10267087 638340 673472 673473 60006754 129010440 71752170 54323317 54323318 18390271 44630465 131632305 131705759 131885396 138988041 24211936 45359105 98044763 98086793 5184 5809 8241 153311 450840 452977 46782912 91181590 3692321 12052005 91298633 117783900 12299881 1273221 133687113 11870469 11968014 49868370 164667083 90477282 44226825 2723877);GNPS:(CCMSLIB00003138807 CCMSLIB00000085224);COCONUT:(CNP0257171);NORMAN:(NS00001110 NS00076152 NS00078083 NS00078935);PLANTCYC:(SCOPOLAMINE);CHEBI:(93572 16794 61269 91541 61272 61271 91789 182414);KEGG:(C01851);DSSTox:(DTXSID0021258 DTXSID0032029 DTXSID20986312 DTXSID6023573 DTXSID6044692 DTXSID60858963 DTXSID8043812 DTXSID80858389 DTXSID90110061);LOTUS:(Q105260182 Q105260197 Q105260201 Q337188 Q104375713 Q104246870 Q105260183 Q27165268);PUBCHEMANNOTATIONDRUG;PUBMED;KNAPSACK:(STECJAGHUSJQJN-UHFFFAOYSA-N)	1.37833E+11	304.154	67	1.122	6.37284E+17	6.37283E+17	79	
1	1	0.127	0.127	-236.987		113.27	C30H42N4O2	[M + H]+	C30H43N4O2+	LNCIXDIFZNXBDP	"InChI=1S/C30H42N4O2/c1-31-17-11-21-33(29(35)23-27(31)25-13-5-3-6-14-25)19-9-10-20-34-22-12-18-32(2)28(24-30(34)36)26-15-7-4-8-16-26/h3-8,13-16,27-28H,9-12,17-24H2,1-2H3"	Homaline	CN1CCCN(C(=O)CC1C2=CC=CC=C2)CCCCN3CCCN(C(CC3=O)C4=CC=CC=C4)C	3.2	4485535;163015699;442860	COCONUT:(CNP0291382);CHEBI:(5746);SUPERNATURAL:(SN0210071);KEGG:(C10599);MESH:(442860);PUBCHEM:(4485535 163015699 442860);DSSTox:(DTXSID80331980);LOTUS:(Q27106877 Q105154260);PUBMED;KNAPSACK:(LNCIXDIFZNXBDP-UHFFFAOYSA-N)	1.37711E+11	491.338	68	1.134	6.37284E+17	6.37283E+17	46	
1	1	0.051	0.051	-227.878		103.077	C15H15N3O	[M + H]+	C15H16N3O+	ADSYOKDHJHTKCY	"InChI=1S/C15H15N3O/c1-15(2)10-18(13-8-4-3-6-11(13)15)14-12(17-19)7-5-9-16-14/h3-9H,10H2,1-2H3"	"3,3-dimethyl-1-(3-nitrosopyridin-2-yl)-2,3-dihydro-1H-indole"	CC1(CN(C2=CC=CC=C21)C3=C(C=CC=N3)N=O)C	3.1	89041229	COCONUT:(CNP0344862);SUPERNATURAL:(SN0002882);PUBCHEM:(89041229)	3145730	254.129	68	1.136	6.37284E+17	6.37283E+17	6	
1	1	0.716	0.858	-79.733		151.626	C22H36N2	[M + H]+	C22H37N2+	SHCHXCXYUPHKHW	"InChI=1S/C22H36N2/c1-14-18-6-7-20-17-5-4-15-12-16(23-3)8-10-21(15,2)19(17)9-11-22(18,20)13-24-14/h4,14,16-20,23-24H,5-13H2,1-3H3"	"N,6,13-trimethyl-7-azapentacyclo[10.8.0.0²,⁹.0⁵,⁹.0¹³,¹⁸]icos-18-en-16-amine"	CC1C2CCC3C2(CCC4C3CC=C5C4(CCC(C5)NC)C)CN1	3.9	5316046;162981601;551152;101686	COCONUT:(CNP0253805);TeroMol:(TKC119243);SUPERNATURAL:(SN0345388);PUBCHEM:(5316046 162981601 551152 101686);DSSTox:(DTXSID40963665)	1.3745E+11	329.295	71	1.176	6.37284E+17	6.37283E+17	20	
1	1	0.766	0.788	-5.483		67.499	C8H10N4O2	[M + H]+	C8H11N4O2+	RYYVLZVUVIJVGH	"InChI=1S/C8H10N4O2/c1-10-4-9-6-5(10)7(13)12(3)8(14)11(6)2/h4H,1-3H3"	Thein	CN1C=NC2=C1C(=O)N(C(=O)N2C)C	-0.109	101116218;25147444;10241810;60040686;141614479;153694012;153694061;131708520;131953137;131953138;24208736;158442489;158442496;45109841;45280316;45280317;45280431;45280258;45280256;45280257;45280259;45280260;45280261;45280262;45280263;45280264;45280311;45280312;45280313;45280314;45280315;45280318;45280319;45280483;45280368;45280369;45280370;45280371;45280372;45280373;45280374;45280375;45280376;45280424;45280425;45280426;45280427;45280428;45280429;45280430;45280482;45280484;45280485;45280486;45280487;45280488;45280489;45280543;13001297;13001298;13001299;13001300;13001301;13001302;13001303;13001304;2519;64136;451131;11820004	PUBCHEMANNOTATIONBIO;HMDB:(HMDB0001847);MiMeDB:(MMDBc0000393);PUBCHEMANNOTATIONSAFETYANDTOXIC;BloodExposome:(64119 2519);SUPERNATURAL:(SN0339072);HSDB:(58-08-2);MESH:(2519 64136);FooDB:(FDB002100);PUBCHEM:(101116218 25147444 10241810 60040686 141614479 153694012 153694061 131708520 131953137 131953138 24208736 158442489 158442496 45109841 45280316 45280317 45280431 45280258 45280256 45280257 45280259 45280260 45280261 45280262 45280263 45280264 45280311 45280312 45280313 45280314 45280315 45280318 45280319 45280483 45280368 45280369 45280370 45280371 45280372 45280373 45280374 45280375 45280376 45280424 45280425 45280426 45280427 45280428 45280429 45280430 45280482 45280484 45280485 45280486 45280487 45280488 45280489 45280543 13001297 13001298 13001299 13001300 13001301 13001302 13001303 13001304 2519 64136 451131 11820004);GNPS:(CCMSLIB00000579536 CCMSLIB00000085276);COCONUT:(CNP0228556);NORMAN:(NS00000273 NS00082245 NS00082622);METACYC:(1-3-7-TRIMETHYLXANTHINE);PLANTCYC:(1-3-7-TRIMETHYLXANTHINE);CHEBI:(27732 178066 31332 177330);KEGG:(C07481);DSSTox:(DTXSID0020232 DTXSID00514758 DTXSID00639874 DTXSID20437172 DTXSID30227945 DTXSID50206015 DTXSID60514759 DTXSID701339693 DTXSID70514760);LOTUS:(Q60235);PUBCHEMANNOTATIONDRUG;PUBCHEMANNOTATIONFOOD;PUBMED;KNAPSACK:(RYYVLZVUVIJVGH-UHFFFAOYSA-N)	1.39577E+11	195.088	71	1.178	6.37284E+17	6.37283E+17	13	
1	1	0.899	0.972	-27.587		76.598	C11H14N2	[M + H]+	C11H15N2+	NCIKQJBVUNUXLW	"InChI=1S/C11H14N2/c1-12-7-6-9-8-13-11-5-3-2-4-10(9)11/h2-5,8,12-13H,6-7H2,1H3"	Methyltryptamine	CNCCC1=CNC2=CC=CC=C21	2.003	162488034;162488043;71750654;1711924;6088;451062;164780402;164780403;164806234	PUBCHEMANNOTATIONBIO;HMDB:(HMDB0004370);PUBCHEMANNOTATIONSAFETYANDTOXIC;BloodExposome:(6088);SUPERNATURAL:(SN0241681);MESH:(6088);PUBCHEM:(162488034 162488043 71750654 1711924 6088 451062 164780402 164780403 164806234);COCONUT:(CNP0113759);NORMAN:(NS00014895);METACYC:(CPD-21514);CHEBI:(28136 193123);KEGG:(C06213);DSSTox:(DTXSID00916197 DTXSID70209846);LOTUS:(Q308875);PUBCHEMANNOTATIONDRUG;PUBMED;KNAPSACK:(NCIKQJBVUNUXLW-UHFFFAOYSA-N)	1.37832E+11	175.123	71	1.19	6.37284E+17	6.37283E+17	64	
1	1	0.998	0.998	-3.54		123.903	C15H21N3O2	[M + H]+	C15H22N3O2+	PIJVFDBKTWXHHD	"InChI=1S/C15H21N3O2/c1-15-7-8-17(3)13(15)18(4)12-6-5-10(9-11(12)15)20-14(19)16-2/h5-6,9,13H,7-8H2,1-4H3,(H,16,19)"	Eserine	CC12CCN(C1N(C3=C2C=C(C=C3)OC(=O)NC)C)C	2.083	101346707;6603845;6921568;6921569;4616191;14107712;146159232;667498;54190829;11403114;45040248;10802488;4811;5983;450957;91441733;133687009;11821821;11859207;11865449;24848398	PUBCHEMANNOTATIONBIO;HMDB:(HMDB0015116);PUBCHEMANNOTATIONSAFETYANDTOXIC;BloodExposome:(4811 5983);SUPERNATURAL:(SN0286276);HSDB:(57-47-6);MESH:(5983);PUBCHEM:(101346707 6603845 6921568 6921569 4616191 14107712 146159232 667498 54190829 11403114 45040248 10802488 4811 5983 450957 91441733 133687009 11821821 11859207 11865449 24848398);COCONUT:(CNP0185906);NORMAN:(NS00004015 NS00081248 NS00081277);METACYC:(CPD-12048 CPD-18906);CHEBI:(94369 27953 182905);KEGG:(C06535);DSSTox:(DTXSID00859010 DTXSID20976379 DTXSID3023471 DTXSID30976380);LOTUS:(Q410595);PUBCHEMANNOTATIONDRUG;PUBMED;KNAPSACK:(PIJVFDBKTWXHHD-UHFFFAOYSA-N)	1.37832E+11	276.17	74	1.227	6.37284E+17	6.37283E+17	32	
1	2	0.031	0.031	-162.747		24.832	C7H8O4	[M - H2O + H]+	C7H7O3+	YNNMOGWGBFSMGB	"InChI=1S/C7H8O4/c1-4(3-6(8)9)5(2)7(10)11/h1-3H2,(H,8,9)(H,10,11)"	"2,3-Methyleneglutaric Acid"	C=C(CC(=O)O)C(=C)C(=O)O	0.9	123510533	PUBCHEMANNOTATIONBIO;COCONUT:(CNP0084078);HMDB:(HMDB0059731);CHEBI:(89910);SUPERNATURAL:(SN0455262);PUBCHEM:(123510533)	19922986	139.039	75	1.245	6.37284E+17	6.37283E+17	69	
1	1	0.429	0.46	-88.256		49.098	C10H15N5	[M + H]+	C10H16N5+	FZQMZXGTZAPBAK	"InChI=1S/C10H15N5/c1-7(2)3-4-11-9-8-10(13-5-12-8)15-6-14-9/h5-7H,3-4H2,1-2H3,(H2,11,12,13,14,15)"	N-(3-methylbutyl)-9H-purin-6-amine	CC(C)CCNC1=NC=NC2=C1NC=N2	1.596	3340547	PUBCHEMANNOTATIONBIO;COCONUT:(CNP0392538);SUPERNATURAL:(SN0099833);PUBCHEM:(3340547);DSSTox:(DTXSID90391611);PUBMED	1.37459E+11	206.141	75	1.247	6.37284E+17	6.37283E+17	30	
1	1	0.923	0.923	-58.043		139.903	C11H16N2O2	[M + H]+	C11H17N2O2+	QCHFTSOMWOSFHM	"InChI=1S/C11H16N2O2/c1-3-10-8(6-15-11(10)14)4-9-5-12-7-13(9)2/h5,7-8,10H,3-4,6H2,1-2H3"	Pilocarpine	CCC1C(COC1=O)CC2=CN=CN2C	1.1	51372447;22856197;58225278;58225281;58225282;58225285;58225287;58225288;58225300;58225301;58225304;58225306;58225308;58225319;58225320;58225321;58225322;58225323;58225326;58225327;58225329;58225330;58225337;58225339;58225340;58225341;58225348;58225351;58225355;58225359;58225361;58225362;58225368;58225370;58225373;58225376;58225379;58225381;58225382;58225383;58225391;58225392;58225393;58225402;58225403;58225405;58225407;58225412;58225417;58225420;58225426;58225428;58225429;58225430;58225431;58225434;58225436;58225437;52915783;52915784;52915785;52915786;52915787;52915788;52915789;52915790;52915791;52915792;52915793;52915794;52915795;52915796;52915797;52915798;52915799;52915800;52915801;52915802;52915803;52915804;52915805;52915806;52915807;52915808;52915809;52915810;52915811;52915812;52915813;52915814;52915815;52915894;52915895;52915896;52915903;52915897;52915898;52915899;52915900;52915901;52915902;52915904;52915905;52915906;52915907;52915908;52915909;52915910;52915911;52915912;52915913;52915914;52915915;52915916;52915917;52915918;52915919;52915920;52915921;52915922;52915923;52915924;52915925;52915926;52915927;52915928;52915929;52915930;52915931;52915932;52915933;52915934;52915935;52915936;52915937;52915938;52915939;52915940;52916013;52916014;52916015;52916016;52916017;52916018;52916019;52916020;16757720;3392815;3458425;719334;44656246;4819;5910;83931;91468;307957;46782755;12311175;133687012;164709667	PUBCHEMANNOTATIONBIO;HMDB:(HMDB0015217 HMDB0243539);PUBCHEMANNOTATIONSAFETYANDTOXIC;BloodExposome:(91468 5909 5910);SUPERNATURAL:(SN0301497);HSDB:(92-13-7);MESH:(5910 91468);PUBCHEM:(51372447 22856197 58225278 58225281 58225282 58225285 58225287 58225288 58225300 58225301 58225304 58225306 58225308 58225319 58225320 58225321 58225322 58225323 58225326 58225327 58225329 58225330 58225337 58225339 58225340 58225341 58225348 58225351 58225355 58225359 58225361 58225362 58225368 58225370 58225373 58225376 58225379 58225381 58225382 58225383 58225391 58225392 58225393 58225402 58225403 58225405 58225407 58225412 58225417 58225420 58225426 58225428 58225429 58225430 58225431 58225434 58225436 58225437 52915783 52915784 52915785 52915786 52915787 52915788 52915789 52915790 52915791 52915792 52915793 52915794 52915795 52915796 52915797 52915798 52915799 52915800 52915801 52915802 52915803 52915804 52915805 52915806 52915807 52915808 52915809 52915810 52915811 52915812 52915813 52915814 52915815 52915894 52915895 52915896 52915903 52915897 52915898 52915899 52915900 52915901 52915902 52915904 52915905 52915906 52915907 52915908 52915909 52915910 52915911 52915912 52915913 52915914 52915915 52915916 52915917 52915918 52915919 52915920 52915921 52915922 52915923 52915924 52915925 52915926 52915927 52915928 52915929 52915930 52915931 52915932 52915933 52915934 52915935 52915936 52915937 52915938 52915939 52915940 52916013 52916014 52916015 52916016 52916017 52916018 52916019 52916020 16757720 3392815 3458425 719334 44656246 4819 5910 83931 91468 307957 46782755 12311175 133687012 164709667);COCONUT:(CNP0397085);NORMAN:(NS00007560 NS00076232 NS00080124 NS00085222);CHEBI:(8207 39458 141029 39461 39460 39464);KEGG:(C07474);DSSTox:(DTXSID1021162 DTXSID2041096 DTXSID701316166 DTXSID70858994 DTXSID801337521);LOTUS:(Q106041468 Q411461);PUBCHEMANNOTATIONDRUG;PUBMED;KNAPSACK:(QCHFTSOMWOSFHM-UHFFFAOYSA-N)	1.37832E+11	209.129	75	1.257	6.37284E+17	6.37283E+17	71	
1	1	0.919	0.933	-23.824		83.835	C9H8O4	[M + H]+	C9H9O4+	QAIPRVGONGVQAS	"InChI=1S/C9H8O4/c10-7-3-1-6(5-8(7)11)2-4-9(12)13/h1-5,10-11H,(H,12,13)"	Caffeic Acid	C1=CC(=C(C=C1C=CC(=O)O)O)O	0.97	101215182;76973924;16109948;163889487;100923614;689043;90769002;131866465;1549111;11458067;149004731;2518;46780148;54681167;54691412;54710367;71309625;71434158	PUBCHEMANNOTATIONBIO;HMDB:(HMDB0001964 HMDB0003501);MiMeDB:(MMDBc0000577 MMDBc0055015);PUBCHEMANNOTATIONSAFETYANDTOXIC;BloodExposome:(2518 1549111 23694762 689043);SUPERNATURAL:(SN0299986);HSDB:(331-39-5);MESH:(689043 1549111);FooDB:(FDB002558 FDB002559 FDB012666 FDB031208);PUBCHEM:(101215182 76973924 16109948 163889487 100923614 689043 90769002 131866465 1549111 11458067 149004731 2518 46780148 54681167 54691412 54710367 71309625 71434158);GNPS:(CCMSLIB00003135081 CCMSLIB00003138357);COCONUT:(CNP0186784);NORMAN:(NS00010313);METACYC:(16S-rRNAs-Pseudouridines 18-3-Campesteryl-Esters 23S-rRNA-Cytidines 28S-rRNA-adenine-4324 Aerobacter-Polysaccharides a-galctotetrose Aliphatic-Amides Arsines a-synthetic-antibiotic Bacillus-Cereus-HF-PS-Polysaccharide Benzenes CAFFEATE CPD-168 CPD-676 CPD-8098 Endocannabinoids L-Cysteine-Desulfurase-S-sulfinato-Cys Methyl-Branched-Fatty-Acids N-Acetylarylalkylamines Omega-9-Fatty-Acids Protein-tyrosine-adenylate Quinolines Streptovaricins Thioarsenicals Uracil-In-Single-Stranded-DNAs);PLANTCYC:(CPD-676 CAFFEATE);CHEBI:(16433 17395 36281 178076 58129 57770);KEGG:(C01481 C01197);DSSTox:(DTXSID5020231 DTXSID60745945 DTXSID901316055);LOTUS:(Q27102378 Q414116 Q56231106);YMDB:(YMDB01645);PUBCHEMANNOTATIONDRUG;PUBMED;KNAPSACK:(QAIPRVGONGVQAS-UHFFFAOYSA-N)	1.39443E+11	181.05	79	1.312	6.37284E+17	6.37283E+17	12	
1	2	0.072	0.145	-322.132		107.846	C24H26N6O2	[M + H]+	C24H27N6O2+	KIIFIRZZVMMQOQ	"InChI=1S/C24H26N6O2/c1-2-5-20-19(4-1)18(15-26-20)16-30-9-3-6-21(30)24-27-23(28-32-24)17-7-8-25-22(14-17)29-10-12-31-13-11-29/h1-2,4-5,7-8,14-15,21,26H,3,6,9-13,16H2"	"3-[(2-{3-[2-(morpholin-4-yl)pyridin-4-yl]-1,2,4-oxadiazol-5-yl}pyrrolidin-1-yl)methyl]-1H-indole"	C1CC(N(C1)CC2=CNC3=CC=CC=C32)C4=NC(=NO4)C5=CC(=NC=C5)N6CCOCC6	2.8	75130983;45783291	COCONUT:(CNP0016015);SUPERNATURAL:(SN0186431);PUBCHEM:(75130983 45783291);PUBMED	3145794	431.218	79	1.315	6.37284E+17	6.37283E+17	15	
1	1	0.484	0.756	-52.188		111.615	C9H10O5	[M + H]+	C9H11O5+	JMSVCTWVEWCHDZ	"InChI=1S/C9H10O5/c1-13-6-3-5(9(11)12)4-7(14-2)8(6)10/h3-4,10H,1-2H3,(H,11,12)"	Cedar Acid	COC1=CC(=CC(=C1O)OC)C(=O)O	0.871	131708654;10679513;10742;54694262	PUBCHEMANNOTATIONBIO:(null);HMDB:(HMDB0002085);MiMeDB:(MMDBc0000405);PUBCHEMANNOTATIONSAFETYANDTOXIC:(null);BloodExposome:(10742);SUPERNATURAL:(SN0169652);MESH:(10742);FooDB:(FDB000514);PUBCHEM:(131708654 10679513 10742 54694262);GNPS:(CCMSLIB00003140037 CCMSLIB00003135146);COCONUT:(CNP0155116);NORMAN:(NS00001894);METACYC:(CPD-8486);CHEBI:(132111 68329 132110);KEGG:(C10833);DSSTox:(DTXSID0060191);LOTUS:(Q408428);YMDB:(YMDB01787);PUBCHEMANNOTATIONDRUG:(null);PUBCHEMANNOTATIONFOOD:(null);PUBMED:(null);KNAPSACK:(JMSVCTWVEWCHDZ-UHFFFAOYSA-N)	1.39577E+11	199.061	80	1.327	6.37284E+17	6.37283E+17	83	
1	2	0.512	0.661	-44.328		42.649	C10H13N5	[M + H]+	C10H14N5+	QMJOEWBOCAQPCN	"InChI=1S/C10H13N5/c1-7(2)3-4-15-6-14-10-8(15)9(11)12-5-13-10/h3,5-6H,4H2,1-2H3,(H2,11,12,13)"	7-(3-methylbut-2-en-1-yl)-7H-purin-6-amine	CC(=CCN1C=NC2=NC=NC(=C21)N)C	1.3	10625	COCONUT:(CNP0163481);SUPERNATURAL:(SN0309341);MESH:(10625);PUBCHEM:(10625);DSSTox:(DTXSID40199967);LOTUS:(Q27254404);PUBMED	1.37711E+11	204.125	80	1.33	6.37284E+17	6.37283E+17	84	
1	2	0.841	0.875	-9.375		118.639	C24H40N2	[M + H]+	C24H41N2+	GPLGAQQQNWMVMM	"InChI=1S/C24H40N2/c1-16-20-8-9-22-19-7-6-17-14-18(25(3)4)10-12-23(17,2)21(19)11-13-24(20,22)15-26(16)5/h6,16,18-22H,7-15H2,1-5H3"	Neriine	CC1C2CCC3C2(CCC4C3CC=C5C4(CCC(C5)N(C)C)C)CN1C	4.9	42579260;154701816;21680755;124911024;124911025;124911026;144171775;6604270;6708699;40469406;40469408;40469410;40489544;40489546;5316032;5316037;51400368;124306148;124389593;162847172;162847173;162847174;162847175;162847176;162847177;162847178;125120985;125120986;125180617;125180618;59188993;16758122;16759179;70896928;25113506;99568207;45934186;44722601;139383296;2860;72066;441082;12303833;12303834;1274457;133550126;11861411;44135662	PUBCHEMANNOTATIONBIO;HMDB:(HMDB0250436);PUBCHEMANNOTATIONSAFETYANDTOXIC;BloodExposome:(2860 441082);SUPERNATURAL:(SN0111881);MESH:(441082);PUBCHEM:(42579260 154701816 21680755 124911024 124911025 124911026 144171775 6604270 6708699 40469406 40469408 40469410 40489544 40489546 5316032 5316037 51400368 124306148 124389593 162847172 162847173 162847174 162847175 162847176 162847177 162847178 125120985 125120986 125180617 125180618 59188993 16758122 16759179 70896928 25113506 99568207 45934186 44722601 139383296 2860 72066 441082 12303833 12303834 1274457 133550126 11861411 44135662);COCONUT:(CNP0108546);NORMAN:(NS00033145);CHEBI:(95174 192419 27965);KEGG:(C06545);DSSTox:(DTXSID30974568 DTXSID6046000);LOTUS:(Q105014951 Q105014977 Q105014980 Q5159518);PUBMED;KNAPSACK:(GPLGAQQQNWMVMM-UHFFFAOYSA-N)	1.37799E+11	357.327	82	1.374	6.37284E+17	6.37283E+17	19	
1	1	0.511	0.511	-29.857		139.307	C15H10O6	[M + H]+	C15H11O6+	XHEFDIBZLJXQHF	"InChI=1S/C15H10O6/c16-8-2-3-9-12(6-8)21-15(14(20)13(9)19)7-1-4-10(17)11(18)5-7/h1-6,16-18,20H"	Fietin	C1=CC(=C(C=C1C2=C(C(=O)C3=C(O2)C=C(C=C3)O)O)O)O	2	163342012;5281614;12309893;54758660	PUBCHEMANNOTATIONBIO:(null);PUBCHEMANNOTATIONSAFETYANDTOXIC:(null);BloodExposome:(5281614);LIPIDMAPS:(LMPK12111566);SUPERNATURAL:(SN0430080);MESH:(5281614);FooDB:(FDB000624);PUBCHEM:(163342012 5281614 12309893 54758660);COCONUT:(CNP0276366);NORMAN:(NS00018308);METACYC:(CPD-13503);CHEBI:(71992 42567);KEGG:(C10041);DSSTox:(DTXSID10583773 DTXSID4022317);LOTUS:(Q418384);PUBCHEMANNOTATIONDRUG:(null);PUBMED:(null);KNAPSACK:(XHEFDIBZLJXQHF-UHFFFAOYSA-N)	1.40517E+11	287.055	83	1.384	6.37284E+17	6.37283E+17	22	
1	1	0.775	0.832	-18.525		88.272	C27H30O16	[M + H]+	C27H31O16+	IKGXIBQEEMLURG	"InChI=1S/C27H30O16/c1-8-17(32)20(35)22(37)26(40-8)39-7-15-18(33)21(36)23(38)27(42-15)43-25-19(34)16-13(31)5-10(28)6-14(16)41-24(25)9-2-3-11(29)12(30)4-9/h2-6,8,15,17-18,20-23,26-33,35-38H,7H2,1H3"	Rutin	CC1C(C(C(C(O1)OCC2C(C(C(C(O2)OC3=C(OC4=CC(=CC(=C4C3=O)O)O)C5=CC(=C(C=C5)O)O)O)O)O)O)O)O	-1.3	154831470;21550599;58527700;58991966;6604602;6728944;20849254;163194176;163285323;50986614;125528541;125528542;125528543;5280805;5293655;16407528;163648543;154497326;86574912;134694970;134877801;7067273;7067274;7067275;7067276;124130978;124221768;124290676;124290677;124290678;124290679;162995325;162995326;162995327;162995328;162995329;162995330;162995331;162995332;162995333;162995334;162995335;162995336;162995337;162995338;162995339;162995340;162995341;162995342;162995343;162995344;162995345;162995346;162995347;162995348;162995349;162995350;162995351;162995352;162995353;162995354;162995355;162995356;125121050;125121051;125121052;125121053;125462931;125462934;125462935;125462936;6321399;97043844;66803268;66805180;146360187;89570341;89627212;89809141;16758145;92402723;92402724;92402725;92402726;10100271;10232597;10371536;69496070;69496071;45933936;60093721;129009988;129360085;89150036;89150065;71752145;44587841;138644964;24180166;139026081;98072905;98072907;98072909;59873244;123134031;130253346;46936193;12315122;11968903;90058539;90064062;54579866;44259100;44259148;73897332;57494294;44429733;44460559;57867327;24832108	PUBCHEMANNOTATIONBIO;HMDB:(HMDB0003249 HMDB0257021 HMDB0301691);PUBCHEMANNOTATIONSAFETYANDTOXIC;BloodExposome:(5293655 6728944 5280805 46936193);LIPIDMAPS:(LMPK12112050 LMPK12112098);SUPERNATURAL:(SN0147879);MESH:(5280805 24832108);FooDB:(FDB000168 FDB002536);PUBCHEM:(154831470 21550599 58527700 58991966 6604602 6728944 20849254 163194176 163285323 50986614 125528541 125528542 125528543 5280805 5293655 16407528 163648543 154497326 86574912 134694970 134877801 7067273 7067274 7067275 7067276 124130978 124221768 124290676 124290677 124290678 124290679 162995325 162995326 162995327 162995328 162995329 162995330 162995331 162995332 162995333 162995334 162995335 162995336 162995337 162995338 162995339 162995340 162995341 162995342 162995343 162995344 162995345 162995346 162995347 162995348 162995349 162995350 162995351 162995352 162995353 162995354 162995355 162995356 125121050 125121051 125121052 125121053 125462931 125462934 125462935 125462936 6321399 97043844 66803268 66805180 146360187 89570341 89627212 89809141 16758145 92402723 92402724 92402725 92402726 10100271 10232597 10371536 69496070 69496071 45933936 60093721 129009988 129360085 89150036 89150065 71752145 44587841 138644964 24180166 139026081 98072905 98072907 98072909 59873244 123134031 130253346 46936193 12315122 11968903 90058539 90064062 54579866 44259100 44259148 73897332 57494294 44429733 44460559 57867327 24832108);GNPS:(CCMSLIB00000077235 CCMSLIB00003137822 CCMSLIB00000079258);COCONUT:(CNP0268715);NORMAN:(NS00005273);METACYC:(RUTIN);PLANTCYC:(RUTIN);CHEBI:(91643 28527);KEGG:(C05625);DSSTox:(DTXSID3022326 DTXSID50179735 DTXSID70859300);LOTUS:(Q105114366 Q105114409 Q105114590 Q407857 Q105114410 Q105114374 Q105114397 Q105114596 Q105114404 Q105114400 Q105114589 Q115949683 Q105114398 Q105114593 Q104397602 Q27163468 Q105114390 Q105114367 Q105114598 Q105114402);PUBCHEMANNOTATIONDRUG;PUBCHEMANNOTATIONFOOD;PUBMED;KNAPSACK:(IKGXIBQEEMLURG-UHFFFAOYSA-N)	1.40651E+11	611.16	83	1.384	6.37284E+17	6.37283E+17	76	
1	1	0.538	0.764	-8.389		84.43	C37H42N2O6	[M + H]+	C37H43N2O6+	BURJAQFYNVMZDV	"InChI=1S/C37H42N2O6/c1-38-15-13-26-20-36(43-4)37(44-5)22-29(26)30(38)16-23-6-9-27(10-7-23)45-35-18-24(8-11-32(35)40)17-31-28-21-33(41)34(42-3)19-25(28)12-14-39(31)2/h6-11,18-22,30-31,40-41H,12-17H2,1-5H3"	Daurisoline	CN1CCC2=CC(=C(C=C2C1CC3=CC=C(C=C3)OC4=C(C=CC(=C4)CC5C6=CC(=C(C=C6CCN5C)OC)O)O)OC)OC	6.4	124511419;5316323;125037915;13895814;13895815;51106	PUBCHEMANNOTATIONBIO;COCONUT:(CNP0291444);HMDB:(HMDB0250882);PUBCHEMANNOTATIONSAFETYANDTOXIC;BloodExposome:(51106);CHEBI:(184038);SUPERNATURAL:(SN0035947);MESH:(51106);PUBCHEM:(124511419 5316323 125037915 13895814 13895815 51106);DSSTox:(DTXSID40220841);LOTUS:(Q72461464);PUBMED;KNAPSACK:(BURJAQFYNVMZDV-UHFFFAOYSA-N)	1.37799E+11	611.312	83	1.389	6.37284E+17	6.37283E+17	72	
1	2	0.362	0.622	-19.711		69.995	C21H20O12	[M + H]+	C21H21O12+	OVSQVDMCBVZWGM	"InChI=1S/C21H20O12/c22-6-13-15(27)17(29)18(30)21(32-13)33-20-16(28)14-11(26)4-8(23)5-12(14)31-19(20)7-1-2-9(24)10(25)3-7/h1-5,13,15,17-18,21-27,29-30H,6H2"	Hyperin	C1=CC(=C(C=C1C2=C(C(=O)C3=C(C=C(C=C3O2)O)O)OC4C(C(C(C(O4)CO)O)O)O)O)O	0.4	51521831;51538333;67964649;94005022;5280804;5281643;5318390;5318574;5320845;5378597;51402807;134508329;22524459;69916445;102386402;162911731;162911732;162911733;162911734;162911735;162911736;162911737;6455156;5742688;89718967;140870744;92218159;25079947;25203368;45933929;60093724;148842048;90657624;71718904;93090065;132033982;24211968;68318041;153305279;59557448;10813969;130304727;46781931;93531727;12304321;12304322;12304323;12304324;12304327;12304328;12304330;12304331;11557027;133568467;11751616;11968606;44259091;44259136;73897337;57497930;68866016	PUBCHEMANNOTATIONBIO:(null);HMDB:(HMDB0030775 HMDB0037362 HMDB0247252 HMDB0302881);PUBCHEMANNOTATIONSAFETYANDTOXIC:(null);BloodExposome:(44259136 11557027 11751616 5280804 5281643 90657624 25203368);LIPIDMAPS:(LMPK12112041 LMPK12112086 LMPK12112170);SUPERNATURAL:(SN0276481);MESH:(5280804 5281643 5378597 10813969 12304323 25203368 45933929 90657624);FooDB:(FDB002711 FDB006655 FDB016407 FDB021640);PUBCHEM:(51521831 51538333 67964649 94005022 5280804 5281643 5318390 5318574 5320845 5378597 51402807 134508329 22524459 69916445 102386402 162911731 162911732 162911733 162911734 162911735 162911736 162911737 6455156 5742688 89718967 140870744 92218159 25079947 25203368 45933929 60093724 148842048 90657624 71718904 93090065 132033982 24211968 68318041 153305279 59557448 10813969 130304727 46781931 93531727 12304321 12304322 12304323 12304324 12304327 12304328 12304330 12304331 11557027 133568467 11751616 11968606 44259091 44259136 73897337 57497930 68866016);GNPS:(CCMSLIB00000077231 CCMSLIB00000845303);COCONUT:(CNP0180599);NORMAN:(NS00003276 NS00069794 NS00079301);METACYC:(CPD-13509 CPD1F-437);PLANTCYC:(CPD-13509 CPD1F-437);CHEBI:(68352 67486 144437);KEGG:(C10073 C05623);DSSTox:(DTXSID3041110 DTXSID501028789 DTXSID60859399);LOTUS:(Q105201249 Q114780256 Q105201138 Q63398496 Q105201322 Q115949781 Q104193829 Q115949690 Q5242815 Q11644422 Q6086296 Q114780208 Q105201243 Q110183526 Q105201246 Q105201326 Q105201242 Q105201320 Q105201241 Q105201331 Q105201266);PUBCHEMANNOTATIONDRUG:(null);PUBCHEMANNOTATIONFOOD:(null);PUBMED:(null);KNAPSACK:(OVSQVDMCBVZWGM-UHFFFAOYSA-N)	1.40651E+11	465.105	87	1.448	6.37284E+17	6.37283E+17	54	
1	1	0.614	0.75	-32.815		115.869	C21H20O12	[M + H]+	C21H21O12+	DCYOADKBABEMIQ	"InChI=1S/C21H20O12/c1-6-14(26)17(29)18(30)21(31-6)33-20-16(28)13-9(23)4-8(22)5-12(13)32-19(20)7-2-10(24)15(27)11(25)3-7/h2-6,14,17-18,21-27,29-30H,1H3"	Myricitrin	CC1C(C(C(C(O1)OC2=C(OC3=CC(=CC(=C3C2=O)O)O)C4=CC(=C(C(=C4)O)O)O)O)O)O	0.5	124540997;124581776;9890615;40491193;40491194;155653320;163070868;163070869;163070870;163070871;163070872;16103933;23304525;5281673;5352000;135033885;42433513;51402815;51402816;51405590;51405591;163511341;21026818;124425447;6325717;155427237;60052897;129010103;138911127;24211977;12313050;12313051;142685868;44259441;57691830	PUBCHEMANNOTATIONBIO:(null);HMDB:(HMDB0034360);BloodExposome:(44259441 5281673);LIPIDMAPS:(LMPK12112436);SUPERNATURAL:(SN0062454);MESH:(5281673);FooDB:(FDB012726);PUBCHEM:(124540997 124581776 9890615 40491193 40491194 155653320 163070868 163070869 163070870 163070871 163070872 16103933 23304525 5281673 5352000 135033885 42433513 51402815 51402816 51405590 51405591 163511341 21026818 124425447 6325717 155427237 60052897 129010103 138911127 24211977 12313050 12313051 142685868 44259441 57691830);COCONUT:(CNP0365444);NORMAN:(NS00021765);CHEBI:(144432 70082);KEGG:(C10108);DSSTox:(DTXSID40170771);LOTUS:(Q104976081 Q104976137 Q103818281 Q104976076 Q104976080 Q104976144 Q6948223 Q104976077);PUBCHEMANNOTATIONDRUG:(null);PUBCHEMANNOTATIONFOOD:(null);PUBMED:(null);KNAPSACK:(DCYOADKBABEMIQ-UHFFFAOYSA-N)	1.40584E+11	465.103	87	1.452	6.37284E+17	6.37283E+17	60	
1	1	0.235	0.235	-61.794		251.187	C13H18O2	[M + H]+	C13H19O2+	ZYHHDRRWYJNBAN	"InChI=1S/C13H18O2/c1-9-7-11(15)8-13(3,4)12(9)6-5-10(2)14/h5,7,10,14H,8H2,1-4H3"	"4-(3-hydroxybut-1-en-1-ylidene)-3,5,5-trimethylcyclohex-2-en-1-one"	CC1=CC(=O)CC(C1=C=CC(C)O)(C)C	0.7	15624538;162891758	COCONUT:(CNP0158779);HMDB:(HMDB0303053);TeroMol:(TKC168667);SUPERNATURAL:(SN0483570);FooDB:(FDB007534);PUBCHEM:(15624538 162891758);DSSTox:(DTXSID50575970);LOTUS:(Q105386151)	1.38256E+11	207.138	87	1.452	6.37284E+17	6.37283E+17	89	
1	1	0.815	0.815	-56.295		256.192	C11H13NO3	[M + H]+	C11H14NO3+	MQKFSXLBPPCAGR	"InChI=1S/C11H13NO3/c1-14-9-5-7-3-4-12-11(13)8(7)6-10(9)15-2/h5-6H,3-4H2,1-2H3,(H,12,13)"	Corydaldine	COC1=C(C=C2C(=C1)CCNC2=O)OC	1.2	610097	COCONUT:(CNP0184096);BloodExposome:(610097);SUPERNATURAL:(SN0232593);PUBCHEM:(610097);DSSTox:(DTXSID90346166);LOTUS:(Q27258406);PUBMED;KNAPSACK:(MQKFSXLBPPCAGR-UHFFFAOYSA-N)	1.37715E+11	208.097	87	1.455	6.37284E+17	6.37283E+17	21	
1	1	0.559	0.745	-25.786		103.734	C21H20O12	[M + H]+	C21H21O12+	OVSQVDMCBVZWGM	"InChI=1S/C21H20O12/c22-6-13-15(27)17(29)18(30)21(32-13)33-20-16(28)14-11(26)4-8(23)5-12(14)31-19(20)7-1-2-9(24)10(25)3-7/h1-5,13,15,17-18,21-27,29-30H,6H2"	Hyperin	C1=CC(=C(C=C1C2=C(C(=O)C3=C(C=C(C=C3O2)O)O)OC4C(C(C(C(O4)CO)O)O)O)O)O	0.4	51521831;51538333;67964649;94005022;5280804;5281643;5318390;5318574;5320845;5378597;51402807;134508329;22524459;69916445;102386402;162911731;162911732;162911733;162911734;162911735;162911736;162911737;6455156;5742688;89718967;140870744;92218159;25079947;25203368;45933929;60093724;148842048;90657624;71718904;93090065;132033982;24211968;68318041;153305279;59557448;10813969;130304727;46781931;93531727;12304321;12304322;12304323;12304324;12304327;12304328;12304330;12304331;11557027;133568467;11751616;11968606;44259091;44259136;73897337;57497930;68866016	PUBCHEMANNOTATIONBIO:(null);HMDB:(HMDB0030775 HMDB0037362 HMDB0247252 HMDB0302881);PUBCHEMANNOTATIONSAFETYANDTOXIC:(null);BloodExposome:(44259136 11557027 11751616 5280804 5281643 90657624 25203368);LIPIDMAPS:(LMPK12112041 LMPK12112086 LMPK12112170);SUPERNATURAL:(SN0276481);MESH:(5280804 5281643 5378597 10813969 12304323 25203368 45933929 90657624);FooDB:(FDB002711 FDB006655 FDB016407 FDB021640);PUBCHEM:(51521831 51538333 67964649 94005022 5280804 5281643 5318390 5318574 5320845 5378597 51402807 134508329 22524459 69916445 102386402 162911731 162911732 162911733 162911734 162911735 162911736 162911737 6455156 5742688 89718967 140870744 92218159 25079947 25203368 45933929 60093724 148842048 90657624 71718904 93090065 132033982 24211968 68318041 153305279 59557448 10813969 130304727 46781931 93531727 12304321 12304322 12304323 12304324 12304327 12304328 12304330 12304331 11557027 133568467 11751616 11968606 44259091 44259136 73897337 57497930 68866016);GNPS:(CCMSLIB00000077231 CCMSLIB00000845303);COCONUT:(CNP0180599);NORMAN:(NS00003276 NS00069794 NS00079301);METACYC:(CPD-13509 CPD1F-437);PLANTCYC:(CPD-13509 CPD1F-437);CHEBI:(68352 67486 144437);KEGG:(C10073 C05623);DSSTox:(DTXSID3041110 DTXSID501028789 DTXSID60859399);LOTUS:(Q105201249 Q114780256 Q105201138 Q63398496 Q105201322 Q115949781 Q104193829 Q115949690 Q5242815 Q11644422 Q6086296 Q114780208 Q105201243 Q110183526 Q105201246 Q105201326 Q105201242 Q105201320 Q105201241 Q105201331 Q105201266);PUBCHEMANNOTATIONDRUG:(null);PUBCHEMANNOTATIONFOOD:(null);PUBMED:(null);KNAPSACK:(OVSQVDMCBVZWGM-UHFFFAOYSA-N)	1.40651E+11	465.103	88	1.46	6.37284E+17	6.37283E+17	47	
1	1	0.933	0.936	-9.592		140.025	C27H35NO12	[M + H]+	C27H36NO12+	QISXROCIXKXUPS	"InChI=1S/C27H35NO12/c1-4-14-16(8-18-15-9-20(32)19(31)7-13(15)5-6-28(18)12(2)30)17(25(36)37-3)11-38-26(14)40-27-24(35)23(34)22(33)21(10-29)39-27/h4,7,9,11,14,16,18,21-24,26-27,29,31-35H,1,5-6,8,10H2,2-3H3"	Ipecoside	CC(=O)N1CCC2=CC(=C(C=C2C1CC3C(C(OC=C3C(=O)OC)OC4C(C(C(C(O4)CO)O)O)O)C=C)O)O	-0.3	163003055;4589272;97046489;97046490;156620249;92278344;92339996;129375150;442249;462196;133556447	COCONUT:(CNP0277033);TeroMol:(TKC186566 TKC186568 TKC186567);CHEBI:(5952);SUPERNATURAL:(SN0306532);KEGG:(C09464);PUBCHEM:(163003055 4589272 97046489 97046490 156620249 92278344 92339996 129375150 442249 462196 133556447);DSSTox:(DTXSID40934895);LOTUS:(Q105221761 Q27106940);GNPS:(CCMSLIB00000855957);PUBMED;KNAPSACK:(QISXROCIXKXUPS-UHFFFAOYSA-N)	1.37719E+11	566.223	90	1.504	6.37284E+17	6.37283E+17	49	
1	1	0.486	0.511	-101.132		166.663	C21H34N2	[M + H]+	C21H35N2+	WXUYRHRCXDRFJK	"InChI=1S/C21H34N2/c1-13-17-5-6-19-16-4-3-14-11-15(22)7-9-20(14,2)18(16)8-10-21(17,19)12-23-13/h3,13,15-19,23H,4-12,22H2,1-2H3"	"6,13-dimethyl-7-azapentacyclo[10.8.0.0²,⁹.0⁵,⁹.0¹³,¹⁸]icos-18-en-16-amine"	CC1C2CCC3C2(CCC4C3CC=C5C4(CCC(C5)N)C)CN1	3.4	12303819;12303820	COCONUT:(CNP0217549);TeroMol:(TKC119240);SUPERNATURAL:(SN0422917);PUBCHEM:(12303819 12303820)	11534338	315.28	92	1.533	6.37284E+17	6.37283E+17	18	
1	1	0.031	0.031	-226.022		229.413	C12H19N3O	[M + H]+	C12H20N3O+	PNZSIYGCURZFIB	"InChI=1S/C12H19N3O/c1-8-12(10-3-4-11(13)7-10)9(2)15(14-8)5-6-16/h3-4,10-11,16H,5-7,13H2,1-2H3"		CC1=C(C(=NN1CCO)C)C2CC(C=C2)N	0.2	163157083;163157084	COCONUT:(CNP0462221);SUPERNATURAL:(SN0290604);PUBCHEM:(163157083 163157084)	3145730	222.16	92	1.534	6.37284E+17	6.37283E+17	5	
1	1	0.389	0.389	-355.562		136.741	C24H32N2O5	[M + H]+	C24H33N2O5+	JVQXUZLBJSBYEW	"InChI=1S/C24H32N2O5/c1-29-17-8-9-19(21(14-17)30-2)23-20-7-3-4-10-24(20,28)11-12-26(23)16-22(27)25-15-18-6-5-13-31-18/h5-6,8-9,13-14,20,23,28H,3-4,7,10-12,15-16H2,1-2H3,(H,25,27)"	"2-[1-(2,4-dimethoxyphenyl)-4a-hydroxy-decahydroisoquinolin-2-yl]-N-[(furan-2-yl)methyl]acetamide"	COC1=CC(=C(C=C1)C2C3CCCCC3(CCN2CC(=O)NCC4=CC=CO4)O)OC	2.7	127254153;6569220;6569221;4555854;7087007;7087008;6351395;40632763;40632766;40632769;26879164;1756361;1756362	COCONUT:(CNP0364169);SUPERNATURAL:(SN0176542);PUBCHEM:(127254153 6569220 6569221 4555854 7087007 7087008 6351395 40632763 40632766 40632769 26879164 1756361 1756362)	3145730	429.239	95	1.581	6.37284E+17	6.37283E+17	16	
1	1	0.395	0.821	-146.56		109.937	C22H23NO3	[M + H]+	C22H24NO3+	BFZAOGGSKQRCNS	"InChI=1S/C22H23NO3/c1-25-21-10-18-16-8-13-4-3-7-23(13)12-20(16)15-6-5-14(24)9-17(15)19(18)11-22(21)26-2/h5-6,9-11,13,24H,3-4,7-8,12H2,1-2H3"	(-)-6-O-Desmethylantofine	COC1=C(C=C2C(=C1)C3=C(CN4CCCC4C3)C5=C2C=C(C=C5)O)OC	4.4	9975115;50916815;16656775	COCONUT:(CNP0237718);SUPERNATURAL:(SN0024460);PUBCHEM:(9975115 50916815 16656775);LOTUS:(Q104935080 Q104935075);PUBMED	271581250	350.176	95	1.585	6.37284E+17	6.37283E+17	67	
1	1	0.737	0.971	-52.261		157.71	C23H34O5	[M + H]+	C23H35O5+	PVAMXWLZJKTXFW	"InChI=1S/C23H34O5/c1-21-7-5-15(24)10-14(21)3-4-17-16(21)6-8-22(2)20(13-9-19(26)28-12-13)18(25)11-23(17,22)27/h9,14-18,20,24-25,27H,3-8,10-12H2,1-2H3"	Gitoxigenin	CC12CCC(CC1CCC3C2CCC4(C3(CC(C4C5=CC(=O)OC5)O)O)C)O	3.049	22294566;124747095;124898220;124904026;124904027;124904028;67579070;6548126;6713846;40493152;40493153;40493154;40493155;53298685;163084465;163084466;163084467;134688292;23992915;7067825;7067826;102067281;70882271;3246693;10385734;133126606;608933;99564906;99564907;99564908;99644236;99644237;99644238;99644239;46494837;142012389;24140132;11012;348482;1023655;1023656;1023657;1023658;12309550;12309551;133550456;11870450;11870451;11870452;44144286;73755844;68587828	PUBCHEMANNOTATIONBIO;HMDB:(HMDB0252730);TeroMol:(TKC206876 TKC117625);PUBCHEMANNOTATIONSAFETYANDTOXIC;BloodExposome:(348482);LIPIDMAPS:(LMST01120003);SUPERNATURAL:(SN0295915);MESH:(348482);PUBCHEM:(22294566 124747095 124898220 124904026 124904027 124904028 67579070 6548126 6713846 40493152 40493153 40493154 40493155 53298685 163084465 163084466 163084467 134688292 23992915 7067825 7067826 102067281 70882271 3246693 10385734 133126606 608933 99564906 99564907 99564908 99644236 99644237 99644238 99644239 46494837 142012389 24140132 11012 348482 1023655 1023656 1023657 1023658 12309550 12309551 133550456 11870450 11870451 11870452 44144286 73755844 68587828);COCONUT:(CNP0394753);NORMAN:(NS00004870);METACYC:(CPD-22576);CHEBI:(38105);DSSTox:(DTXSID20878642);LOTUS:(Q105215366 Q1527718 Q105215364);PUBMED	1.39955E+11	391.249	95	1.586	6.37284E+17	6.37283E+17	29	
1	1	0.922	0.922	-8.233		61.095	C9H6O3	[M + H]+	C9H7O3+	ORHBXUUXSCNDEV	"InChI=1S/C9H6O3/c10-7-3-1-6-2-4-9(11)12-8(6)5-7/h1-5,10H"	Skimmetin	C1=CC(=CC2=C1C=CC(=O)O2)O	1.589	5281426;45358955;46781768;57369215;57981635	PUBCHEMANNOTATIONBIO;HMDB:(HMDB0029865);PUBCHEMANNOTATIONSAFETYANDTOXIC;BloodExposome:(5281426);SUPERNATURAL:(SN0273182 SN0273183);MESH:(5281426);FooDB:(FDB001094);PUBCHEM:(5281426 45358955 46781768 57369215 57981635);GNPS:(CCMSLIB00000078883);COCONUT:(CNP0291283);NORMAN:(NS00001324);METACYC:(CPD-8186);PLANTCYC:(CPD-8186);CHEBI:(27510);KEGG:(C09315);DSSTox:(DTXSID30670078 DTXSID5052626);LOTUS:(Q416196);PUBCHEMANNOTATIONDRUG;PUBCHEMANNOTATIONFOOD;PUBMED;KNAPSACK:(ORHBXUUXSCNDEV-UHFFFAOYSA-N)	1.38504E+11	163.039	95	1.588	6.37284E+17	6.37283E+17	65	
1	1	0.252	0.269	-275.065		127.697	C16H19NO2	[M + H]+	C16H20NO2+	UPCSAMZZCYKRAB	"InChI=1S/C16H19NO2/c1-2-10-4-5-17-8-11-6-14-15(19-9-18-14)7-13(11)12(3-1)16(10)17/h6-7,10,12,16H,1-5,8-9H2"	"5,7-dioxa-12-azapentacyclo[10.6.1.0²,¹⁰.0⁴,⁸.0¹⁵,¹⁹]nonadeca-2(10),3,8-triene"	C1CC2CCN3C2C(C1)C4=CC5=C(C=C4C3)OCO5	2.9	101192917;135067957;134848472;101826993;11482290;10858129;10999713;182390;443731;12312562;11975479;164681861	COCONUT:(CNP0405016);CHEBI:(31026);KEGG:(C12243);PUBCHEM:(101192917 135067957 134848472 101826993 11482290 10858129 10999713 182390 443731 12312562 11975479 164681861);DSSTox:(DTXSID00980378)	1.37441E+11	258.149	96	1.595	6.37284E+17	6.37283E+17	50	
1	1	0.867	0.982	-20.422		182.76	C20H24O11	[M + H]+	C20H25O11+	AMOGMTLMADGEOQ	"InChI=1S/C20H24O11/c1-5-12(24)28-11-8(22)18-10-6(21)7(16(2,3)4)17(18)9(23)13(25)30-15(17)31-20(18,14(26)29-10)19(5,11)27/h5-11,15,21-23,27H,1-4H3"	Ginkgolid C	CC1C(=O)OC2C1(C34C(=O)OC5C3(C2O)C6(C(C5O)C(C)(C)C)C(C(=O)OC6O4)O)O	-1.4	42622517;95224273;118718615;95374807;17751010;17759915;21733099;58761009;124820158;124820160;124820162;124820163;124838612;124838613;124866570;124866571;124870643;51663025;96545510;9867869;6708664;75368723;163320432;146971779;16058459;15944764;23229639;23304390;23307634;23327776;16211418;51066532;154496641;129606994;129606995;129606996;129606997;129629448;129670240;134692166;134814467;22836325;23747848;137704816;102004391;137321129;124328808;124388849;124490255;124490256;162533978;162659999;162852103;162852104;162852105;162852106;162852107;162852108;162852109;162852110;162852111;162852112;162852113;162852114;162852115;162852116;162852117;162852118;110062434;125183120;125463141;125463142;125463143;125463144;136199657;6325205;97960113;97960114;156621415;146157360;16757766;92044466;98861451;70972293;70972329;139600250;25081385;25199910;25200019;25200031;25200072;25200283;60194310;129316758;78759362;129360308;152743397;131707779;131888680;132470871;11037545;45358011;45359815;98044219;98044220;98044221;98044222;98049748;98050365;98050366;98104708;98118856;98118857;98118858;98118859;98140020;98140021;59798379;161120;441295;11826309;122361605;49652340;73756588;44370495;44370501;44420875;138107329;57527253;138404323;24721502;24728715	PUBCHEMANNOTATIONBIO;HMDB:(HMDB0036860);TeroMol:(TKC151292 TKC151298 TKC147445 TKC100672 TKC007073 TKC147653 TKC147656 TKC151296 TKC100675 TKC147439 TKC147466 TKC147438 TKC151300 TKC147644 TKC075306 TKC075305 TKC147637 TKC151294 TKC147457 TKC147461 TKC147645 TKC147634 TKC147635 TKC075321 TKC147458 TKC151293 TKC147460 TKC147636 TKC147436 TKC147462 TKC075284 TKC147646 TKC147464);PUBCHEMANNOTATIONSAFETYANDTOXIC;BloodExposome:(137321129 17751010 161120 9867869 441295 137704816 16211418 129316758 134692166 11826309 24721502 45358011 98050365 129670240 92044466 102004391 98118857);SUPERNATURAL:(SN0009629);MESH:(161120 441295 9867869 11826309 15944764 16211418 17751010 24721502 92044466 98050365 98118857 102004391 129316758 129670240 134692166 136199657 137321129 146157360 152743397);FooDB:(FDB015814);PUBCHEM:(42622517 95224273 118718615 95374807 17751010 17759915 21733099 58761009 124820158 124820160 124820162 124820163 124838612 124838613 124866570 124866571 124870643 51663025 96545510 9867869 6708664 75368723 163320432 146971779 16058459 15944764 23229639 23304390 23307634 23327776 16211418 51066532 154496641 129606994 129606995 129606996 129606997 129629448 129670240 134692166 134814467 22836325 23747848 137704816 102004391 137321129 124328808 124388849 124490255 124490256 162533978 162659999 162852103 162852104 162852105 162852106 162852107 162852108 162852109 162852110 162852111 162852112 162852113 162852114 162852115 162852116 162852117 162852118 110062434 125183120 125463141 125463142 125463143 125463144 136199657 6325205 97960113 97960114 156621415 146157360 16757766 92044466 98861451 70972293 70972329 139600250 25081385 25199910 25200019 25200031 25200072 25200283 60194310 129316758 78759362 129360308 152743397 131707779 131888680 132470871 11037545 45358011 45359815 98044219 98044220 98044221 98044222 98049748 98050365 98050366 98104708 98118856 98118857 98118858 98118859 98140020 98140021 59798379 161120 441295 11826309 122361605 49652340 73756588 44370495 44370501 44420875 138107329 57527253 138404323 24721502 24728715);COCONUT:(CNP0114535);NORMAN:(NS00071820 NS00097294 NS00097318);CHEBI:(5357 182407);KEGG:(C07603);DSSTox:(DTXSID60864569);LOTUS:(Q104914778 Q104667269 Q104914776 Q104251879 Q104914777 Q104914773);PUBCHEMANNOTATIONDRUG;PUBMED;KNAPSACK:(AMOGMTLMADGEOQ-UHFFFAOYSA-N)	1.38378E+11	441.137	99	1.653	6.37284E+17	6.37283E+17	36	
1	1	0.093	0.093	-135.252		220.306	C13H18O3	[M + H]+	C13H19O3+	JJRYPZMXNLLZFH	"InChI=1S/C13H18O3/c1-9-7-11(15)8-12(3,4)13(9,16)6-5-10(2)14/h5-7,16H,8H2,1-4H3"	Dehydrovomifoliol	CC1=CC(=O)CC(C1(C=CC(=O)C)O)(C)C	0.5	101406420;5280662;688492;688494;439748;440265	PUBCHEMANNOTATIONBIO;HMDB:(HMDB0036819 HMDB0302822);TeroMol:(TKC131218 TKC023584);BloodExposome:(688492);LIPIDMAPS:(LMPR0103050009);SUPERNATURAL:(SN0167302);MESH:(688492);FooDB:(FDB006379 FDB015767);PUBCHEM:(101406420 5280662 688492 688494 439748 440265);COCONUT:(CNP0276619);METACYC:(--6-HYDROXY-3-OXO-ALPHA-IONONE);CHEBI:(4372 18429 49177);KEGG:(C04223 C02533);DSSTox:(DTXSID101150235 DTXSID501140050);LOTUS:(Q105129865 Q27121513 Q27106358);PUBCHEMANNOTATIONDRUG;PUBMED;KNAPSACK:(JJRYPZMXNLLZFH-UHFFFAOYSA-N)	1.40458E+11	223.133	99	1.654	6.37284E+17	6.37283E+17	26	
1	1	0.038	0.038	-351.536		114.521	C30H50N2O4	[M + H]+	C30H51N2O4+	SETSAENXZRYBEW	"InChI=1S/C30H50N2O4/c1-17(2)15-26(34)31-24-12-14-29(5)21-11-13-30(6)23(20(21)9-10-22(29)28(24)35)16-25(36-19(4)33)27(30)18(3)32(7)8/h15,18,20-25,27-28,35H,9-14,16H2,1-8H3,(H,31,34)"	"N-[2-(acetyloxy)-1-[1-(dimethylamino)ethyl]-6-hydroxy-9a,11a-dimethyl-hexadecahydro-1H-cyclopenta[a]phenanthren-7-yl]-3-methylbut-2-enimidic acid"	CC(C1C(CC2C1(CCC3C2CCC4C3(CCC(C4O)NC(=O)C=C(C)C)C)C)OC(=O)C)N(C)C	5.6	162818476;162818477	COCONUT:(CNP0076846);SUPERNATURAL:(SN0343517);PUBCHEM:(162818476 162818477)	3145730	503.386	99	1.657	6.37284E+17	6.37283E+17	10	
1	1	0.842	0.903	-81.776		129.457	C10H10O4	[M + H]+	C10H11O4+	KSEBMYQBYZTDHS	"InChI=1S/C10H10O4/c1-14-9-6-7(2-4-8(9)11)3-5-10(12)13/h2-6,11H,1H3,(H,12,13)"	Ferulic Acid	COC1=C(C=CC(=C1)C=CC(=O)O)O	1.38	16109944;10262057;90887593;153709649;131871184;1548883;11310152;45039253;709;445858;117064991;54691413;54710368;54730542;71311006;57369490	PUBCHEMANNOTATIONBIO;HMDB:(HMDB0000954 HMDB0240705 HMDB0303721);MiMeDB:(MMDBc0000174);PUBCHEMANNOTATIONSAFETYANDTOXIC;BloodExposome:(445858 709 23669636);SUPERNATURAL:(SN0193972 SN0193973);HSDB:(1135-24-6);MESH:(445858 1548883);FooDB:(FDB012801 FDB012802 FDB019993 FDB021752 FDB030860);PUBCHEM:(16109944 10262057 90887593 153709649 131871184 1548883 11310152 45039253 709 445858 117064991 54691413 54710368 54730542 71311006 57369490);GNPS:(CCMSLIB00003137199 CCMSLIB00003136569);COCONUT:(CNP0304940);NORMAN:(NS00006133 NS00068201);METACYC:(BUTANOL CPD-87 CPD-9731 D-ALLOSE-6-PHOSPHATE FERULIC-ACID);PLANTCYC:(FERULIC-ACID);CHEBI:(193350 29749 76117 17620 114954);KEGG:(C01494);DSSTox:(DTXSID00746436 DTXSID301034732 DTXSID5040673 DTXSID601034731 DTXSID70892035 DTXSID80894080);LOTUS:(Q27145764 Q51617501 Q417362);YMDB:(YMDB01325);PUBCHEMANNOTATIONDRUG;PUBCHEMANNOTATIONFOOD;PUBMED;KNAPSACK:(KSEBMYQBYZTDHS-UHFFFAOYSA-N)	1.39577E+11	195.065	100	1.66	6.37284E+17	6.37283E+17	51	
1	1	0.11	0.11	-270.736		256.856	C21H35NO	[M + H]+	C21H36NO+	HTAWYBRCXMQDBL	"InChI=1S/C21H35NO/c1-3-4-5-6-7-8-9-10-11-12-13-14-15-16-17-18-19-20-21(23)22-2/h7-8,10-11,13-14,16-17H,3-6,9,12,15,18-20H2,1-2H3,(H,22,23)"	"N-methylicosa-5,8,11,14-tetraenamide"	CCCCCC=CCC=CCC=CCC=CCCCC(=O)NC	6	53394528;53442602;19962456;5283392;153681534	COCONUT:(CNP0346904);CHEBI:(137848);LIPIDMAPS:(LMFA08020007);SUPERNATURAL:(SN0134667);PUBCHEM:(53394528 53442602 19962456 5283392 153681534);DSSTox:(DTXSID00694029);PUBMED:(null)	1.3959E+11	318.28	100	1.665	6.37284E+17	6.37283E+17	39	
1	1	0.302	0.737	-36.047		120.434	C16H12O5	[M + H]+	C16H13O5+	KQMVAGISDHMXJJ	"InChI=1S/C16H12O5/c1-20-11-6-13(18)15-14(7-11)21-8-12(16(15)19)9-2-4-10(17)5-3-9/h2-8,17-18H,1H3"	Prunetin	COC1=CC(=C2C(=C1)OC=C(C2=O)C3=CC=C(C=C3)O)O	3	5281804;146026597	PUBCHEMANNOTATIONBIO;HMDB:(HMDB0034127);PUBCHEMANNOTATIONSAFETYANDTOXIC;BloodExposome:(5281804);LIPIDMAPS:(LMPK12050353);SUPERNATURAL:(SN0192675);MESH:(5281804);FooDB:(FDB012400);PUBCHEM:(5281804 146026597);COCONUT:(CNP0231615);NORMAN:(NS00033278);METACYC:(CPD-3521);PLANTCYC:(CPD-3521);CHEBI:(8600 147403);KEGG:(C10521);DSSTox:(DTXSID3022530);LOTUS:(Q7253051);PUBCHEMANNOTATIONDRUG;PUBMED;KNAPSACK:(KQMVAGISDHMXJJ-UHFFFAOYSA-N)	1.40517E+11	285.076	107	1.789	6.37284E+17	6.37283E+17	53	
1	1	0.246	0.246	-259.472		80.743	C23H23N3O3	[M + H]+	C23H24N3O3+	WGMHTAIWFKAKMP	"InChI=1S/C23H23N3O3/c1-2-8-21(27)26(17-20-12-7-14-29-20)22(19-11-6-13-24-16-19)23(28)25-15-18-9-4-3-5-10-18/h2-14,16,22H,15,17H2,1H3,(H,25,28)"		CC=CC(=O)N(CC1=CC=CO1)C(C2=CN=CC=C2)C(=O)NCC3=CC=CC=C3	2.6	163173281	COCONUT:(CNP0472401);SUPERNATURAL:(SN0409659);PUBCHEM:(163173281)	3145730	390.182	113	1.888	6.37284E+17	6.37283E+17	24	
1	1	0.065	0.358	-215.02		96.742	C26H29NO4	[M + H]+	C26H30NO4+	LPSVLNYJYKVSKK	"InChI=1S/C26H29NO4/c1-28-24-13-20(9-10-23(24)31-18-19-7-5-4-6-8-19)16-27-12-11-21-14-25(29-2)26(30-3)15-22(21)17-27/h4-10,13-15H,11-12,16-18H2,1-3H3"	"2-{[4-(benzyloxy)-3-methoxyphenyl]methyl}-6,7-dimethoxy-1,2,3,4-tetrahydroisoquinoline"	COC1=C(C=C2CN(CCC2=C1)CC3=CC(=C(C=C3)OCC4=CC=CC=C4)OC)OC	4.7	4043778;1376207	COCONUT:(CNP0119118);SUPERNATURAL:(SN0212038);PUBCHEM:(4043778 1376207);PUBMED	3145794	420.215	116	1.926	6.37284E+17	6.37283E+17	7	
1	1	0.165	0.165	-286.519		207.396	C21H33NO	[M + H]+	C21H34NO+	GPRZXDPWGLHIQE	"InChI=1S/C21H33NO/c1-13(23)17-6-7-18-16-5-4-14-12-15(22)8-10-20(14,2)19(16)9-11-21(17,18)3/h4,15-19H,5-12,22H2,1-3H3"	Holamine	CC(=O)C1CCC2C1(CCC3C2CC=C4C3(CCC(C4)N)C)C	3.732	144479130;135291352;135291371;162958157;162958158;162958159;162958160;162958161;162958162;121357594;12310547;12310548;11723249;57243699	COCONUT:(CNP0229108);TeroMol:(TKC112507);SUPERNATURAL:(SN0112075);MESH:(11723249);PUBCHEM:(144479130 135291352 135291371 162958157 162958158 162958159 162958160 162958161 162958162 121357594 12310547 12310548 11723249 57243699);DSSTox:(DTXSID301307385 DTXSID901307626);LOTUS:(Q105015091 Q105015092 Q105015090);PUBMED:(null);KNAPSACK:(GPRZXDPWGLHIQE-UHFFFAOYSA-N)	1.37719E+11	316.264	116	1.93	6.37284E+17	6.37283E+17	42	
1	1	0.096	0.096	-438.526		5126.793	C30H47NO6	[M + H]+	C30H48NO6+	ANQHHOQJQKOSGD	"InChI=1S/C30H47NO6/c1-17-26(31-18(2)32)23(33-5)15-25(35-17)36-20-8-11-27(3)19(14-20)6-7-22-21(27)9-12-29-16-34-28(4)24(29)10-13-30(22,29)37-28/h17,19-26H,6-16H2,1-5H3,(H,31,32)"	"N-[6-({10,17-dimethyl-16,21-dioxahexacyclo[15.3.1.0¹,¹⁴.0²,¹¹.0⁵,¹⁰.0¹⁴,¹⁸]henicosan-7-yl}oxy)-4-methoxy-2-methyloxan-3-yl]acetamide"	CC1C(C(CC(O1)OC2CCC3(C(C2)CCC4C3CCC56C47CCC5C(O7)(OC6)C)C)OC)NC(=O)C	4	162891060;162891061	COCONUT:(CNP0158010);SUPERNATURAL:(SN0010420);PUBCHEM:(162891060 162891061)	3145730	518.348	116	1.931	6.37284E+17	6.37283E+17	61	
1	1	0.846	0.846	-25.739		80.084	C15H11N5	[M + H]+	C15H12N5+	IUDMZJRPDRCJEB	"InChI=1S/C15H11N5/c16-15-18-8-6-12(20-15)14-13-10(5-7-17-14)9-3-1-2-4-11(9)19-13/h1-8,19H,(H2,16,18,20)"	Annomontine	C1=CC=C2C(=C1)C3=C(N2)C(=NC=C3)C4=NC(=NC=C4)N	1.9	5257090	PUBCHEMANNOTATIONBIO;COCONUT:(CNP0126473);CHEBI:(65409);SUPERNATURAL:(SN0155388);MESH:(5257090);PUBCHEM:(5257090);DSSTox:(DTXSID401240801);LOTUS:(Q27133852);PUBMED;KNAPSACK:(IUDMZJRPDRCJEB-UHFFFAOYSA-N)	1.37727E+11	262.109	116	1.932	6.37284E+17	6.37283E+17	8	
1	1	0.309	0.309	-252.887		178.131	C29H39NO12	[M + H]+	C29H40NO12+	RHDQJSXDVVXAQC	"InChI=1S/C29H39NO12/c1-39-27(38)21-15-40-28(42-29-25(35)24(34)23(33)22(14-32)41-29)20(11-16-4-2-3-5-16)19(21)7-6-17-10-18(26(36)37)13-30(12-17)8-9-31/h6-7,10-11,13,15,19-20,22-25,28-29,31-35H,2-5,8-9,12,14H2,1H3,(H,36,37)"		COC(=O)C1=COC(C(C1C=CC2=CC(=CN(C2)CCO)C(=O)O)C=C3CCCC3)OC4C(C(C(C(O4)CO)O)O)O	-0.4	163161852;163161853;163161854;163161855	COCONUT:(CNP0465210);PUBCHEM:(163161852 163161853 163161854 163161855)	2097154	594.255	116	1.934	6.37284E+17	6.37283E+17	31	
1	1	0.869	0.911	-21.994		86.278	C10H8O4	[M + H]+	C10H9O4+	RODXRVNMMDRFIK	"InChI=1S/C10H8O4/c1-13-9-4-6-2-3-10(12)14-8(6)5-7(9)11/h2-5,11H,1H3"	Buxuletin	COC1=C(C=C2C(=C1)C=CC(=O)O2)O	1.5	5280460;90972240;139025753;91140160;91440104	PUBCHEMANNOTATIONBIO;HMDB:(HMDB0034344);PUBCHEMANNOTATIONSAFETYANDTOXIC;BloodExposome:(5280460);SUPERNATURAL:(SN0330705);MESH:(5280460);FooDB:(FDB012705);PUBCHEM:(5280460 90972240 139025753 91140160 91440104);GNPS:(CCMSLIB00000080100);COCONUT:(CNP0184442);NORMAN:(NS00007731);METACYC:(SCOPOLETIN);PLANTCYC:(SCOPOLETIN);CHEBI:(17488);KEGG:(C01752);DSSTox:(DTXSID0075368);LOTUS:(Q2472366);PUBCHEMANNOTATIONDRUG;PUBMED;KNAPSACK:(RODXRVNMMDRFIK-UHFFFAOYSA-N)	1.38369E+11	193.05	120	1.994	6.37284E+17	6.37283E+17	80	
1	1	0.641	0.896	-57.233		195.108	C10H12O4	[M + H]+	C10H13O4+	IAJBQAYHSQIQRE	"InChI=1S/C10H12O4/c1-12-8-5-10(14-3)9(13-2)4-7(8)6-11/h4-6H,1-3H3"	Gazarin	COC1=CC(=C(C=C1C=O)OC)OC	1.3	20525	PUBCHEMANNOTATIONBIO;HMDB:(HMDB0029648);PUBCHEMANNOTATIONSAFETYANDTOXIC;SUPERNATURAL:(SN0140345);HSDB:(4460-86-0);MESH:(20525);FooDB:(FDB000819);PUBCHEM:(20525);GNPS:(CCMSLIB00000080202);COCONUT:(CNP0113700);NORMAN:(NS00015122);CHEBI:(113543);DSSTox:(DTXSID1022217);LOTUS:(Q27194435);PUBCHEMANNOTATIONDRUG;PUBMED;KNAPSACK:(IAJBQAYHSQIQRE-UHFFFAOYSA-N)	1.38365E+11	197.081	120	1.996	6.37284E+17	6.37283E+17	9	
1	1	0.872	0.97	-9.643		225.622	C20H24O10	[M + H]+	C20H25O10+	SQOJOAFXDQDRGF	"InChI=1S/C20H24O10/c1-6-12(23)28-11-9(21)18-8-5-7(16(2,3)4)17(18)10(22)13(24)29-15(17)30-20(18,14(25)27-8)19(6,11)26/h6-11,15,21-22,26H,5H2,1-4H3"	Ginkgolid B	CC1C(=O)OC2C1(C34C(=O)OC5C3(C2O)C6(C(C5)C(C)(C)C)C(C(=O)OC6O4)O)O	-0.4	17751009;17999835;21550935;21551275;21733098;124523550;124524085;124524854;124527172;124527173;124577265;58658116;58666414;124762321;124762322;124762324;124762325;58761012;9845233;6604658;6917929;155899846;163319923;16055219;16058210;15944904;15966679;15978246;23232093;23304389;23307247;5281047;5311117;16406472;160909350;160909351;129539567;129539566;129607064;129607065;129607066;129607067;129629043;129630527;129630646;22836632;23640525;23806094;102004390;137325772;101599976;101601044;162982540;162982541;162982542;162982543;136199658;6324617;97354626;146032393;146032394;146032396;146157361;155288760;145854131;16759286;16760083;100997204;100997205;92044465;92471980;92471981;92471982;92471983;70972318;139597140;25084901;10159360;25200021;25200035;25200290;60068769;73438906;60142720;129010073;129010213;129316870;78759361;129360620;129449996;89209774;90758134;44566830;131707917;132285149;132470872;11362268;98044225;98044226;98044227;98044229;98049745;98051311;98118588;98118589;59827872;10971931;65243;441294;91337258;133550293;11947755;11972614;11973122;122361604;122361935;164805849;90479819;73756137;138106957;44459376;138402868;138404401;24728714;24883993;24883994;24883995	PUBCHEMANNOTATIONBIO;HMDB:(HMDB0036861);TeroMol:(TKC007076 TKC147576 TKC147536 TKC151785 TKC075341 TKC075303 TKC147571 TKC075324 TKC151784 TKC147580 TKC075333 TKC075345 TKC106537 TKC151786 TKC106540 TKC075320 TKC147578 TKC147577);PUBCHEMANNOTATIONSAFETYANDTOXIC;BloodExposome:(17751009 134692167 90479819 11973122 441294 129316870 45358010 6917929 24883993 129630527 6324617 102004390 101599976 92044465 129010073 65243);SUPERNATURAL:(SN0352707);MESH:(65243 441294 5281047 6324617 6917929 10971931 11973122 15944904 17751009 90479819 92044465 101599976 102004390 129010073 129316870 129630527 136199658 138402868 146157361);FooDB:(FDB015815);PUBCHEM:(17751009 17999835 21550935 21551275 21733098 124523550 124524085 124524854 124527172 124527173 124577265 58658116 58666414 124762321 124762322 124762324 124762325 58761012 9845233 6604658 6917929 155899846 163319923 16055219 16058210 15944904 15966679 15978246 23232093 23304389 23307247 5281047 5311117 16406472 160909350 160909351 129539567 129539566 129607064 129607065 129607066 129607067 129629043 129630527 129630646 22836632 23640525 23806094 102004390 137325772 101599976 101601044 162982540 162982541 162982542 162982543 136199658 6324617 97354626 146032393 146032394 146032396 146157361 155288760 145854131 16759286 16760083 100997204 100997205 92044465 92471980 92471981 92471982 92471983 70972318 139597140 25084901 10159360 25200021 25200035 25200290 60068769 73438906 60142720 129010073 129010213 129316870 78759361 129360620 129449996 89209774 90758134 44566830 131707917 132285149 132470872 11362268 98044225 98044226 98044227 98044229 98049745 98051311 98118588 98118589 59827872 10971931 65243 441294 91337258 133550293 11947755 11972614 11973122 122361604 122361935 164805849 90479819 73756137 138106957 44459376 138402868 138404401 24728714 24883993 24883994 24883995);GNPS:(CCMSLIB00000424775);COCONUT:(CNP0254856);NORMAN:(NS00070447 NS00097350);CHEBI:(5356);KEGG:(C07602);DSSTox:(DTXSID70873223);LOTUS:(Q105258350 Q104250683 Q27095719 Q105258345 Q105258347);PUBCHEMANNOTATIONDRUG;PUBMED;KNAPSACK:(SQOJOAFXDQDRGF-UHFFFAOYSA-N)	1.38378E+11	425.144	120	1.998	6.37284E+17	6.37283E+17	35	
1	1	0.267	0.267	-224.77		162.212	C21H33NO	[M + H]+	C21H34NO+	GPRZXDPWGLHIQE	"InChI=1S/C21H33NO/c1-13(23)17-6-7-18-16-5-4-14-12-15(22)8-10-20(14,2)19(16)9-11-21(17,18)3/h4,15-19H,5-12,22H2,1-3H3"	Holamine	CC(=O)C1CCC2C1(CCC3C2CC=C4C3(CCC(C4)N)C)C	3.732	144479130;135291352;135291371;162958157;162958158;162958159;162958160;162958161;162958162;121357594;12310547;12310548;11723249;57243699	COCONUT:(CNP0229108);TeroMol:(TKC112507);SUPERNATURAL:(SN0112075);MESH:(11723249);PUBCHEM:(144479130 135291352 135291371 162958157 162958158 162958159 162958160 162958161 162958162 121357594 12310547 12310548 11723249 57243699);DSSTox:(DTXSID301307385 DTXSID901307626);LOTUS:(Q105015091 Q105015092 Q105015090);PUBMED:(null);KNAPSACK:(GPRZXDPWGLHIQE-UHFFFAOYSA-N)	1.37719E+11	316.265	120	2	6.37284E+17	6.37283E+17	40	
1	1	0.554	0.554	-148.64		129.572	C18H35NO3	[M + H]+	C18H36NO3+	JYCMJCBTSRNPIX	"InChI=1S/C18H35NO3/c1-2-3-4-5-6-7-8-9-10-11-12-16(21)13-14-18(22)17(19)15-20/h16-18,20-22H,2-12,15,19H2,1H3"	"(2S,3R,6R)-2-Amino-4-octadecyne-1,3,6-triol"	CCCCCCCCCCCCC(C#CC(C(CO)N)O)O	3.6	12019117;12019118	PUBCHEM:(12019117 12019118)	2	314.27	120	2	6.37284E+17	6.37283E+17	73	
1	1	0.968	0.968	-31.011		262.609	C20H24O9	[M + H]+	C20H25O9+	FPUXKXIZEIDQKW	"InChI=1S/C20H24O9/c1-7-12(22)26-10-6-17-9-5-8(16(2,3)4)18(17)11(21)13(23)28-15(18)29-20(17,14(24)27-9)19(7,10)25/h7-11,15,21,25H,5-6H2,1-4H3"	Ginkgolid A	CC1C(=O)OC2C1(C34C(=O)OC5C3(C2)C6(C(C5)C(C)(C)C)C(C(=O)OC6O4)O)O	0.6	154790189;21725806;21733097;124523191;124526003;124526004;124629545;124629546;124629547;124800321;124800322;51655955;9909368;6604345;6604663;40480625;15940178;15944765;15965401;15978556;23304388;23307235;23307248;5281046;16406429;129600776;129600777;129600778;129600779;129606918;129606919;129606920;129629036;134692168;22829097;23817960;21456154;102004392;124461564;162957878;162957879;162957880;125463031;125463032;20021754;20021755;6325203;6419993;66509049;66524188;146028580;155288773;16759509;16760082;70972360;25200020;10431574;133053372;133053825;45783082;73438931;129010090;129010367;129316869;12989697;129383778;129449831;131705699;138756130;132470876;158105849;98044223;98044224;98071355;98071356;98071357;98071358;98085803;115221;25886213;25886214;25886215;25886216;441293;46783823;78358336;11876970;11876971;122361603;73758749;73759793;138107038;138107785;57745263;138404338;138404339;24883855;24883856;24883857	PUBCHEMANNOTATIONBIO;HMDB:(HMDB0036862);TeroMol:(TKC102080 TKC007079 TKC075325 TKC147467 TKC147562 TKC147474 TKC102082 TKC151404 TKC075343 TKC151403 TKC147483 TKC102083 TKC147505 TKC075311 TKC147469 TKC147612 TKC147614 TKC147531);PUBCHEMANNOTATIONSAFETYANDTOXIC;BloodExposome:(15978556 9909368 10431574 6419993 66524188 102004392 23817960 21725806 134692168 129316869 115221 78358336 441293 12989697 46783823 129010090 45358009);LIPIDMAPS:(LMPR0104540001);SUPERNATURAL:(SN0092243);MESH:(115221 441293 6419993 9909368 12989697 15944765 15978556 21725806 23817960 24883856 46783823 66524188 78358336 102004392 129010090 129316869 134692168);FooDB:(FDB015816);PUBCHEM:(154790189 21725806 21733097 124523191 124526003 124526004 124629545 124629546 124629547 124800321 124800322 51655955 9909368 6604345 6604663 40480625 15940178 15944765 15965401 15978556 23304388 23307235 23307248 5281046 16406429 129600776 129600777 129600778 129600779 129606918 129606919 129606920 129629036 134692168 22829097 23817960 21456154 102004392 124461564 162957878 162957879 162957880 125463031 125463032 20021754 20021755 6325203 6419993 66509049 66524188 146028580 155288773 16759509 16760082 70972360 25200020 10431574 133053372 133053825 45783082 73438931 129010090 129010367 129316869 12989697 129383778 129449831 131705699 138756130 132470876 158105849 98044223 98044224 98071355 98071356 98071357 98071358 98085803 115221 25886213 25886214 25886215 25886216 441293 46783823 78358336 11876970 11876971 122361603 73758749 73759793 138107038 138107785 57745263 138404338 138404339 24883855 24883856 24883857);GNPS:(CCMSLIB00000424777 CCMSLIB00000851714);COCONUT:(CNP0228814);NORMAN:(NS00024980);CHEBI:(181554 95143 5355);KEGG:(C07601);DSSTox:(DTXSID10873222);LOTUS:(Q104251881 Q104999408 Q104999410 Q104999409 Q27095718 Q104999411);PUBCHEMANNOTATIONDRUG;PUBMED;KNAPSACK:(FPUXKXIZEIDQKW-UHFFFAOYSA-N)	1.40525E+11	409.15	120	2	6.37284E+17	6.37283E+17	34	
1	3	0.312	0.312	-222.059		35.918	C25H32O5	[M + H]+	C25H33O5+	ANZIXHORKDWMAO	"InChI=1S/C25H32O5/c1-23-9-7-17(29-14-26)11-16(23)4-5-19-18(23)8-10-24(2)20(12-21-25(19,24)30-21)15-3-6-22(27)28-13-15/h3,6,13-14,16-21H,4-5,7-12H2,1-2H3"	"7,11-dimethyl-6-(2-oxo-2H-pyran-5-yl)-3-oxapentacyclo[8.8.0.0²,⁴.0²,⁷.0¹¹,¹⁶]octadecan-14-yl formate"	CC12CCC(CC1CCC3C2CCC4(C35C(O5)CC4C6=COC(=O)C=C6)C)OC=O	4.3	163025386;4592316;10295171;71726247;10916635;354223;138469357	COCONUT:(CNP0302866);TeroMol:(TKC118459);LIPIDMAPS:(LMST01130018);SUPERNATURAL:(SN0010669);PUBCHEM:(163025386 4592316 10295171 71726247 10916635 354223 138469357);LOTUS:(Q104915503);PUBMED;KNAPSACK:(ANZIXHORKDWMAO-UHFFFAOYSA-N)	2427453522	413.23	120	2.004	6.37284E+17	6.37283E+17	37	
1	1	0.136	0.136	-247.85		178.954	C22H35NO	[M + H]+	C22H36NO+	MFTGIJQOGNIYMM	"InChI=1S/C22H35NO/c1-14(23-4)15-9-11-21(2)16(13-15)5-6-17-18-7-8-20(24)22(18,3)12-10-19(17)21/h5,14-15,17-19,23H,6-13H2,1-4H3"	"9a,11a-dimethyl-7-[1-(methylamino)ethyl]-1H,2H,3H,3aH,3bH,4H,6H,7H,8H,9H,9aH,9bH,10H,11H,11aH-cyclopenta[a]phenanthren-1-one"	CC(C1CCC2(C3CCC4(C(C3CC=C2C1)CCC4=O)C)C)NC	4.739	162879635;162879636;162879637	COCONUT:(CNP0145237);SUPERNATURAL:(SN0224460);PUBCHEM:(162879635 162879636 162879637)	3145730	330.28	120	2.007	6.37284E+17	6.37283E+17	44	
1	1	0.362	0.362	-192.6		204.614	C21H35NO	[M + H]+	C21H36NO+	FLEBIYNUTZNISZ	"InChI=1S/C21H35NO/c1-13(22)17-6-7-18-16-5-4-14-12-15(23)8-10-20(14,2)19(16)9-11-21(17,18)3/h4,13,15-19,23H,5-12,22H2,1-3H3"	"1-(1-aminoethyl)-9a,11a-dimethyl-1H,2H,3H,3aH,3bH,4H,6H,7H,8H,9H,9aH,9bH,10H,11H,11aH-cyclopenta[a]phenanthren-7-ol"	CC(C1CCC2C1(CCC3C2CC=C4C3(CCC(C4)O)C)C)N	4.051	162968200;162968201;162968202;162968203;541557;129366235;129447980;129447981;129447982;11001646;320374;12310540;12310542;11924030;11924031;11924032;11924033;11924034;11924035;11924036;11924037;57449470	COCONUT:(CNP0239652);TeroMol:(TKC112499 TKC206745);SUPERNATURAL:(SN0088682);PUBCHEM:(162968200 162968201 162968202 162968203 541557 129366235 129447980 129447981 129447982 11001646 320374 12310540 12310542 11924030 11924031 11924032 11924033 11924034 11924035 11924036 11924037 57449470);DSSTox:(DTXSID80313221);PUBMED:(null)	1.3745E+11	318.28	121	2.009	6.37284E+17	6.37283E+17	41	
1	1	0.198	0.404	-283.991		175.402	C24H27NO3	[M + H]+	C24H28NO3+	RUIMCCISFFPHCE	"InChI=1S/C24H27NO3/c1-13-11-20(27-4)23-17(7-6-8-19(23)26)21(13)18-10-9-16-12-14(2)25-15(3)22(16)24(18)28-5/h6-11,14-15,25-26H,12H2,1-5H3"	Civ8_4.1	CC1CC2=C(C(N1)C)C(=C(C=C2)C3=C4C=CC=C(C4=C(C=C3C)OC)O)OC	5	21362782;162907426;59095071	COCONUT:(CNP0175967);BloodExposome:(59095071);SUPERNATURAL:(SN0335519);PUBCHEM:(21362782 162907426 59095071);LOTUS:(Q105245636 Q105245637);PUBMED;KNAPSACK:(RUIMCCISFFPHCE-UHFFFAOYSA-N)	275775570	378.206	124	2.06	6.37284E+17	6.37283E+17	87	
1	1	0.357	0.357	-210.19		165.377	C21H37NO	[M + H]+	C21H38NO+	DMANVUPVHRRYIP	"InChI=1S/C21H37NO/c1-13(22)17-6-7-18-16-5-4-14-12-15(23)8-10-20(14,2)19(16)9-11-21(17,18)3/h13-19,23H,4-12,22H2,1-3H3"	"1-(1-aminoethyl)-9a,11a-dimethyl-hexadecahydro-1H-cyclopenta[a]phenanthren-7-ol"	CC(C1CCC2C1(CCC3C2CCC4C3(CCC(C4)O)C)C)N	4.9	67742892;144427700;162900689;162900690;89921460;10313900;12309949;12309950;12309951	COCONUT:(CNP0168692);TeroMol:(TKC112479);SUPERNATURAL:(SN0069339);PUBCHEM:(67742892 144427700 162900689 162900690 89921460 10313900 12309949 12309950 12309951)	11534338	320.296	124	2.068	6.37284E+17	6.37283E+17	52	
1	1	0.209	0.401	-265.771		182.726	C22H37NO	[M + H]+	C22H38NO+	BPUXHYZWGGQDPC	"InChI=1S/C22H37NO/c1-14-18-6-7-20-17-5-4-15-12-16(24)8-10-21(15,2)19(17)9-11-22(18,20)13-23(14)3/h14-20,24H,4-13H2,1-3H3"	"6,7,13-trimethyl-7-azapentacyclo[10.8.0.0²,⁹.0⁵,⁹.0¹³,¹⁸]icosan-16-ol"	CC1C2CCC3C2(CCC4C3CCC5C4(CCC(C5)O)C)CN1C	5	163042470;163042471	COCONUT:(CNP0323755);SUPERNATURAL:(SN0032132);PUBCHEM:(163042470 163042471)	3145730	332.296	124	2.071	6.37284E+17	6.37283E+17	43	
1	1	0.342	0.478	-252.211		191.456	C22H37NO	[M + H]+	C22H38NO+	DUTRRAKUNDUIQG	"InChI=1S/C22H37NO/c1-14(23-4)18-7-8-19-17-6-5-15-13-16(24)9-11-21(15,2)20(17)10-12-22(18,19)3/h5,14,16-20,23-24H,6-13H2,1-4H3"	"9a,11a-dimethyl-1-[1-(methylamino)ethyl]-1H,2H,3H,3aH,3bH,4H,6H,7H,8H,9H,9aH,9bH,10H,11H,11aH-cyclopenta[a]phenanthren-7-ol"	CC(C1CCC2C1(CCC3C2CC=C4C3(CCC(C4)O)C)C)NC	4.771	15560371;135291372;147433255;124185389;162876522;129162408;121349193;131874686;130253642;271098;71086499;57370345	COCONUT:(CNP0141755);TeroMol:(TKC112504);SUPERNATURAL:(SN0076035);PUBCHEM:(15560371 135291372 147433255 124185389 162876522 129162408 121349193 131874686 130253642 271098 71086499 57370345);DSSTox:(DTXSID00936794)	1.3745E+11	332.296	124	2.071	6.37284E+17	6.37283E+17	45	
1	1	0.125	0.125	-211.651		29.129	C11H12N6O5	[M + H]+	C11H13N6O5+	DWCGBIQIJAASDL	"InChI=1S/C11H12N6O5/c18-1-4-6(19)7(20)10(22-4)16-3-13-5-8(16)15-11-12-2-14-17(11)9(5)21/h2-4,6-7,10,18-20H,1H2,(H,12,14,15)"	"3-[3,4-dihydroxy-5-(hydroxymethyl)oxolan-2-yl]-7H-[1,2,4]triazolo[1,5-a]purin-9-one"	C1=NC2=NC3=C(C(=O)N2N1)N=CN3C4C(C(C(O4)CO)O)O	-1.651	100932477;302510	PUBCHEM:(100932477 302510);DSSTox:(DTXSID00307107)	1.37439E+11	309.095	124	2.072	6.37284E+17	6.37283E+17	77	
1	1	0.171	0.274	-227.862		239.506	C22H35NO	[M + H]+	C22H36NO+	XGTRFWNUPBJUPH	"InChI=1S/C22H35NO/c1-14(24)18-7-8-19-17-6-5-15-13-16(23-4)9-11-21(15,2)20(17)10-12-22(18,19)3/h5,7,14,16-17,19-20,23-24H,6,8-13H2,1-4H3"	"1-[9a,11a-dimethyl-7-(methylamino)-3H,3aH,3bH,4H,6H,7H,8H,9H,9aH,9bH,10H,11H,11aH-cyclopenta[a]phenanthren-1-yl]ethan-1-ol"	CC(C1=CCC2C1(CCC3C2CC=C4C3(CCC(C4)NC)C)C)O	3.8	5318062;162882883;162882884;162882885;132602823	COCONUT:(CNP0148876);TeroMol:(TKC112464);SUPERNATURAL:(SN0429748);PUBCHEM:(5318062 162882883 162882884 162882885 132602823)	11534338	330.279	128	2.134	6.37284E+17	6.37283E+17	4	
1	1	0.241	0.241	-131.409		232.622	C21H35NO	[M + H]+	C21H36NO+	WDEXLOGZXQCUIQ	"InChI=1S/C21H35NO/c1-15(2)16-6-8-18-17(12-16)7-9-19-20(3,13-22-14-23)10-5-11-21(18,19)4/h15-19H,5-13H2,1-4H3"	"(4aR,4bR,8S)-8-(isocyanatomethyl)-4b,8-dimethyl-2-propan-2-yl-1,2,3,4,4a,5,6,7,8a,9,10,10a-dodecahydrophenanthrene"	CC(C)C1CCC2C(C1)CCC3C2(CCCC3(C)CN=C=O)C	8.1	54424613	PUBCHEM:(54424613)	2	318.279	132	2.204	6.37284E+17	6.37283E+17	33	
1	1	0.799	0.861	-13.194		158.267	C15H10O6	[M + H]+	C15H11O6+	IYRMWMYZSQPJKC	"InChI=1S/C15H10O6/c16-8-3-1-7(2-4-8)15-14(20)13(19)12-10(18)5-9(17)6-11(12)21-15/h1-6,16-18,20H"	Swartziol	C1=CC(=CC=C1C2=C(C(=O)C3=C(C=C(C=C3O2)O)O)O)O	1.79	5280863;156767822;156767824;156767825;25202062;49849755;18661268;143536606	PUBCHEMANNOTATIONBIO:(null);HMDB:(HMDB0005801);MiMeDB:(MMDBc0033662);PUBCHEMANNOTATIONSAFETYANDTOXIC:(null);BloodExposome:(5280863);LIPIDMAPS:(LMPK12110003);SUPERNATURAL:(SN0158894);HSDB:(520-18-3);MESH:(5280863);FooDB:(FDB000633);PUBCHEM:(5280863 156767822 156767824 156767825 25202062 49849755 18661268 143536606);GNPS:(CCMSLIB00000079932 CCMSLIB00000077232);COCONUT:(CNP0292269);NORMAN:(NS00001605);METACYC:(CPD1F-90);PLANTCYC:(CPD1F-90);CHEBI:(28499 58573);KEGG:(C05903);DSSTox:(DTXSID7020768);LOTUS:(Q393336);YMDB:(YMDB01722);PUBCHEMANNOTATIONDRUG:(null);PUBMED:(null);KNAPSACK:(IYRMWMYZSQPJKC-UHFFFAOYSA-N)	1.41591E+11	287.055	136	2.267	6.37284E+17	6.37283E+17	56	
1	1	0.527	0.836	-17.275		204.315	C16H12O7	[M + H]+	C16H13O7+	IZQSVPBOUDKVDZ	"InChI=1S/C16H12O7/c1-22-11-4-7(2-3-9(11)18)16-15(21)14(20)13-10(19)5-8(17)6-12(13)23-16/h2-6,17-19,21H,1H3"	Isorhamnetin	COC1=C(C=CC(=C1)C2=C(C(=O)C3=C(C=C(C=C3O2)O)O)O)O	1.777	5281654;124202864;162642162;25202413	PUBCHEMANNOTATIONBIO;HMDB:(HMDB0002655);MiMeDB:(MMDBc0033660);PUBCHEMANNOTATIONSAFETYANDTOXIC;BloodExposome:(5281654);LIPIDMAPS:(LMPK12110002);SUPERNATURAL:(SN0159589);MESH:(5281654);FooDB:(FDB000604);PUBCHEM:(5281654 124202864 162642162 25202413);GNPS:(CCMSLIB00003136702 CCMSLIB00003139881 CCMSLIB00000081595);COCONUT:(CNP0304008);NORMAN:(NS00003531);METACYC:(CPD-8004);PLANTCYC:(CPD-8004);CHEBI:(6052 144055);KEGG:(C10084);DSSTox:(DTXSID10197379);LOTUS:(Q416138);YMDB:(YMDB01720);PUBCHEMANNOTATIONDRUG;PUBMED;KNAPSACK:(IZQSVPBOUDKVDZ-UHFFFAOYSA-N)	1.41591E+11	317.066	136	2.273	6.37284E+17	6.37283E+17	55	
1	1	0.348	0.348	-657.79		73.79	C43H62O14	[M + H]+	C43H63O14+	MYNYJQCOFLMCEM	"InChI=1S/C43H62O14/c1-22(52-24(3)45)28-15-17-43(50)29-13-12-26-18-27(14-16-41(26,4)30(29)19-33(42(28,43)5)56-39(49)25-10-8-7-9-11-25)54-34-20-31(51-6)38(23(2)53-34)57-40-37(48)36(47)35(46)32(21-44)55-40/h7-12,22-23,27-38,40,44,46-48,50H,13-21H2,1-6H3"	Russelioside G	CC1C(C(CC(O1)OC2CCC3(C4CC(C5(C(CCC5(C4CC=C3C2)O)C(C)OC(=O)C)C)OC(=O)C6=CC=CC=C6)C)OC)OC7C(C(C(C(O7)CO)O)O)O	3.4	163105133;163105134	COCONUT:(CNP0425293);TeroMol:(TKC115048);SUPERNATURAL:(SN0238828);PUBCHEM:(163105133 163105134);LOTUS:(Q105175054);KNAPSACK:(MYNYJQCOFLMCEM-UHFFFAOYSA-N)	279969810	803.419	137	2.282	6.37284E+17	6.37283E+17	38	
1	1	0.443	0.464	-47.229		102.356	C14H9NO2	[M + H]+	C14H10NO2+	KHUFHLFHOQVFGB	"InChI=1S/C14H9NO2/c15-11-7-3-6-10-12(11)14(17)9-5-2-1-4-8(9)13(10)16/h1-7H,15H2"	"1-amino-9,10-dihydroanthracene-9,10-dione"	C1=CC=C2C(=C1)C(=O)C3=C(C2=O)C(=CC=C3)N	2.216	142080237;6710	PUBCHEMANNOTATIONBIO;COCONUT:(CNP0350147);NORMAN:(NS00021371);PUBCHEMANNOTATIONSAFETYANDTOXIC;SUPERNATURAL:(SN0185988);MESH:(6710);PUBCHEM:(142080237 6710);DSSTox:(DTXSID2052572);PUBMED	1.37526E+11	224.071	137	2.283	6.37284E+17	6.37283E+17	17	
1	1	0.845	0.845	-163.063		71.85	C33H42N6O6	[M + H]+	C33H43N6O6+	UROVRGVFEPXWAK	"InChI=1S/C33H42N6O6/c1-20(2)28-33(45)37-25(18-23-13-8-5-9-14-23)31(43)36-24(17-22-11-6-4-7-12-22)30(42)35-21(3)29(41)34-19-27(40)39-16-10-15-26(39)32(44)38-28/h4-9,11-14,20-21,24-26,28H,10,15-19H2,1-3H3,(H,34,41)(H,35,42)(H,36,43)(H,37,45)(H,38,44)"	Cycloamanide A	CC1C(=O)NCC(=O)N2CCCC2C(=O)NC(C(=O)NC(C(=O)NC(C(=O)N1)CC3=CC=CC=C3)CC4=CC=CC=C4)C(C)C	2.5	5256820;90684424	MESH:(90684424);PUBCHEM:(5256820 90684424);PUBMED	70	619.326	139	2.313	6.37284E+17	6.37283E+17	23	
1	1	0.87	0.87	-36.965		222.231	C15H18O3	[M + H]+	C15H19O3+	XJHDMGJURBVLLE	"InChI=1S/C15H18O3/c1-8-10-4-6-15(3)7-5-11(16)9(2)12(15)13(10)18-14(8)17/h5,7-8,10,13H,4,6H2,1-3H3"	Semenen	CC1C2CCC3(C=CC(=O)C(=C3C2OC1=O)C)C	2.3	134097115;22310118;6604607;6927038;6931280;155908438;5321108;5321109;7061081;7566380;7211226;101938068;16682405;16759279;70697625;667450;719595;736052;932916;166174592;10857763;10944720;5156;10201;221071;237619;12309668;1257731;11890160;18526328	PUBCHEMANNOTATIONBIO;HMDB:(HMDB0302518);TeroMol:(TKC151878 TKC135248 TKC135244 TKC135250 TKC135246 TKC151875 TKC151876 TKC093115 TKC135253 TKC151877 TKC040026 TKC135245);PUBCHEMANNOTATIONSAFETYANDTOXIC;BloodExposome:(221071);LIPIDMAPS:(LMPR0103190001 LMPR0103190004);SUPERNATURAL:(SN0431706);MESH:(221071 667450);FooDB:(FDB004902);PUBCHEM:(134097115 22310118 6604607 6927038 6931280 155908438 5321108 5321109 7061081 7566380 7211226 101938068 16682405 16759279 70697625 667450 719595 736052 932916 166174592 10857763 10944720 5156 10201 221071 237619 12309668 1257731 11890160 18526328);COCONUT:(CNP0229774);NORMAN:(NS00022216);METACYC:(ALPHA-SANTONIN);CHEBI:(181267 16363 28356 181343);KEGG:(C02206 C09545);DSSTox:(DTXSID40859397 DTXSID7045312 DTXSID901121272);LOTUS:(Q105328951 Q27103654 Q105328950 Q105328952 Q413166);PUBCHEMANNOTATIONDRUG;PUBMED;KNAPSACK:(XJHDMGJURBVLLE-UHFFFAOYSA-N)	1.40525E+11	247.133	141	2.347	6.37284E+17	6.37283E+17	78	
1	1	0.644	0.644	-110.126		73.733	C25H31N3O2	[M + H]+	C25H32N3O2+	MYKCJTMBUXHIMQ	"InChI=1S/C25H31N3O2/c29-24(16-14-22-10-3-1-4-11-22)27-20-8-7-18-26-19-9-21-28-25(30)17-15-23-12-5-2-6-13-23/h1-6,10-17,26H,7-9,18-21H2,(H,27,29)(H,28,30)"	Maytenine	C1=CC=C(C=C1)C=CC(=O)NCCCCNCCCNC(=O)C=CC2=CC=CC=C2	3.7	6443530;191063	COCONUT:(CNP0277100);SUPERNATURAL:(SN0238725);MESH:(6443530);PUBCHEM:(6443530 191063);LOTUS:(Q77492359 Q104172170);PUBMED	271581254	406.249	145	2.418	6.37284E+17	6.37283E+17	58	
1	1	0.556	0.556	-59.228		93.141	C13H9NO	[M + H]+	C13H10NO+	LGTULKCVKOMQDR	InChI=1S/C13H9NO/c1-2-4-12-11(3-1)9-13(15-12)10-5-7-14-8-6-10/h1-9H		C1=CC=C2C(=C1)C=C(O2)C3=CC=NC=C3	2.9	65590	COCONUT:(CNP0454832);CHEBI:(34377);KEGG:(C14591);MESH:(65590);PUBCHEM:(65590);DSSTox:(DTXSID50220630);PUBMED	1.37441E+11	196.076	153	2.555	6.37284E+17	6.37283E+17	66	
1	6	0.661	0.901	-43.475		83.959	C22H22O7	[M + H]+	C22H23O7+	ZGLXUQQMLLIKAN	"InChI=1S/C22H22O7/c1-24-17-6-12(7-18(25-2)21(17)26-3)19-14-8-16-15(28-10-29-16)5-11(14)4-13-9-27-22(23)20(13)19/h5-8,13,19-20H,4,9-10H2,1-3H3"	Anthricin	COC1=CC(=CC(=C1OC)OC)C2C3C(CC4=CC5=C(C=C24)OCO5)COC3=O	3.611	9978176;6713106;5272811;146029743;71712295;68014649;68307338;2203;72434;101256;332808;332809;345501;456052;117655841;12306683;133565267;11711021;71045228;44368847	PUBCHEMANNOTATIONBIO;HMDB:(HMDB0242210);BloodExposome:(332809 2203 345501 71045228 5272811 133565267 72434 101256);SUPERNATURAL:(SN0469726);MESH:(2203 72434 332809 345501);PUBCHEM:(9978176 6713106 5272811 146029743 71712295 68014649 68307338 2203 72434 101256 332808 332809 345501 456052 117655841 12306683 133565267 11711021 71045228 44368847);COCONUT:(CNP0230636);NORMAN:(NS00094526);METACYC:(CPD-8958);PLANTCYC:(CPD-8958);CHEBI:(4429);KEGG:(C10556);DSSTox:(DTXSID30318504 DTXSID701019944 DTXSID70318503 DTXSID90939734);LOTUS:(Q82074230 Q105375309 Q27106380 Q82074227 Q105375297 Q105375308 Q104251924);PUBCHEMANNOTATIONDRUG;PUBMED;KNAPSACK:(ZGLXUQQMLLIKAN-UHFFFAOYSA-N)	1.37765E+11	399.144	165	2.75	6.37284E+17	6.37283E+17	28	
1	1	0.595	0.595	-12.951		99.36	C21H22O6	[M + H]+	C21H23O6+	IYBDDRJHJMFFBB	"InChI=1S/C21H22O6/c1-23-17-5-3-14(9-19(17)24-2)8-16-15(11-25-21(16)22)7-13-4-6-18-20(10-13)27-12-26-18/h3-6,9-10,15-16H,7-8,11-12H2,1-2H3"	Bursehernin	COC1=C(C=C(C=C1)CC2C(COC2=O)CC3=CC4=C(C=C3)OCO4)OC	3.8	15941633;143315937;13916161;13916162;10883326;94504;24970520	PUBCHEMANNOTATIONBIO;SUPERNATURAL:(SN0158388);MESH:(94504);PUBCHEM:(15941633 143315937 13916161 13916162 10883326 94504 24970520);GNPS:(CCMSLIB00000847665 CCMSLIB00000847667);COCONUT:(CNP0182330);METACYC:(CPD-17599);PLANTCYC:(CPD-17599);CHEBI:(90893);KEGG:(C21183);DSSTox:(DTXSID50960847);LOTUS:(Q105122629 Q27162871);PUBCHEMANNOTATIONDRUG;PUBMED;KNAPSACK:(IYBDDRJHJMFFBB-UHFFFAOYSA-N)	1.37761E+11	371.148	170	2.826	6.37284E+17	6.37283E+17	11	
1	1	0.03	0.05	-209.768		176.701	C21H37N	[M + H]+	C21H38N+	PQIKYLWOYKFXHE	"InChI=1S/C21H37N/c1-16-7-2-3-9-18(16)15-22-14-6-11-20-19-10-5-4-8-17(19)12-13-21(20)22/h16-21H,2-15H2,1H3"	"4-[(2-Methylcyclohexyl)methyl]-1,2,3,4,4a,5,6,6a,7,8,9,10,10a,10b-tetradecahydrobenzo[f]quinolin-4-ium"	CC1CCCCC1CN2CCCC3C2CCC4C3CCCC4	6.8	163130547;163130548	COCONUT:(CNP0445592);SUPERNATURAL:(SN0099175);PUBCHEM:(163130547 163130548)	3145730	304.3	170	2.828	6.37284E+17	6.37283E+17	2	
1	1	0.035	0.055	-196.861		149.467	C21H37N	[M + H]+	C21H38N+	PQIKYLWOYKFXHE	"InChI=1S/C21H37N/c1-16-7-2-3-9-18(16)15-22-14-6-11-20-19-10-5-4-8-17(19)12-13-21(20)22/h16-21H,2-15H2,1H3"	"4-[(2-Methylcyclohexyl)methyl]-1,2,3,4,4a,5,6,6a,7,8,9,10,10a,10b-tetradecahydrobenzo[f]quinolin-4-ium"	CC1CCCCC1CN2CCCC3C2CCC4C3CCCC4	6.8	163130547;163130548	COCONUT:(CNP0445592);SUPERNATURAL:(SN0099175);PUBCHEM:(163130547 163130548)	3145730	304.301	170	2.828	6.37284E+17	6.37283E+17	27	
1	1	0.06	0.06	-456.502		104.961	C32H43NO9	[M + H]+	C32H44NO9+	RMTJALKWXOBAMX	"InChI=1S/C32H43NO9/c1-6-33-14-30(15-38-2)18(34)12-19(39-3)32-17-13-31(37)27(42-29(36)16-10-8-7-9-11-16)20(17)21(23(35)28(31)41-5)22(26(32)33)24(40-4)25(30)32/h7-11,17-22,24-28,34,37H,6,12-15H2,1-5H3"	"[(2R,3S,5S,6R,8S,13R,14R,17S,18R)-11-ethyl-5,14-dihydroxy-6,16,18-trimethoxy-13-(methoxymethyl)-7-oxo-11-azahexacyclo[7.7.2.12,5.01,10.03,8.013,17]nonadecan-4-yl] benzoate"	CCN1CC2(C(CC(C34C2C(C(C31)C5C6C4CC(C6OC(=O)C7=CC=CC=C7)(C(C5=O)OC)O)OC)OC)O)COC	0.9	42622835;21591113;101425662;50909239;137324105;20056243;3079000;165359507;120735;78358490;78358548;12314781;122361870;122361890;138397699;24832668	PUBCHEMANNOTATIONSAFETYANDTOXIC;SUPERNATURAL:(SN0329625);PUBCHEM:(42622835 21591113 101425662 50909239 137324105 20056243 3079000 165359507 120735 78358490 78358548 12314781 122361870 122361890 138397699 24832668);DSSTox:(DTXSID00924611 DTXSID401317846);LOTUS:(Q104401685 Q105241047)	1.37776E+11	586.302	185	3.083	6.37284E+17	6.37283E+17	82	
1	1	0.812	0.906	-10.276		90.33	C16H14O4	[M + H]+	C16H15O4+	OLOOJGVNMBJLLR	"InChI=1S/C16H14O4/c1-10(2)5-7-19-16-14-12(6-8-18-14)9-11-3-4-13(17)20-15(11)16/h3-6,8-9H,7H2,1-2H3"	Ammidin	CC(=CCOC1=C2C(=CC3=C1OC=C3)C=CC(=O)O2)C	3.484	10212	PUBCHEMANNOTATIONBIO;HMDB:(HMDB0034376);PUBCHEMANNOTATIONSAFETYANDTOXIC;BloodExposome:(10212);SUPERNATURAL:(SN0268824);HSDB:(482-44-0);MESH:(10212);FooDB:(FDB012752);PUBCHEM:(10212);GNPS:(CCMSLIB00003138888);COCONUT:(CNP0270767);NORMAN:(NS00031781);METACYC:(CPD-20603);CHEBI:(5885);KEGG:(C09269);DSSTox:(DTXSID8048737);LOTUS:(Q1649534);PUBCHEMANNOTATIONDRUG;PUBMED;KNAPSACK:(OLOOJGVNMBJLLR-UHFFFAOYSA-N)	1.38369E+11	271.097	190	3.165	6.37284E+17	6.37283E+17	48	
1	1	0.307	0.546	-20.445		173.208	C15H8O6	[M + H]+	C15H9O6+	FCDLCPWAQCPTKC	"InChI=1S/C15H8O6/c16-9-3-1-2-7-11(9)14(19)12-8(13(7)18)4-6(15(20)21)5-10(12)17/h1-5,16-17H,(H,20,21)"	Rhein	C1=CC2=C(C(=C1)O)C(=O)C3=C(C2=O)C=C(C=C3O)C(=O)O	2.2	155888428;71752058;10168;46782876;54678683	PUBCHEMANNOTATIONBIO;HMDB:(HMDB0032876);PUBCHEMANNOTATIONSAFETYANDTOXIC;BloodExposome:(10168);LIPIDMAPS:(LMPK13040015);SUPERNATURAL:(SN0081717);MESH:(10168);FooDB:(FDB010856);PUBCHEM:(155888428 71752058 10168 46782876 54678683);COCONUT:(CNP0221661);NORMAN:(NS00015851);METACYC:(CPD-21676);CHEBI:(8825);KEGG:(C10401);DSSTox:(DTXSID4026000 DTXSID70858373 DTXSID90676132);LOTUS:(Q720356);PUBCHEMANNOTATIONDRUG;PUBMED;KNAPSACK:(FCDLCPWAQCPTKC-UHFFFAOYSA-N)	1.40517E+11	285.039	193	3.222	6.37284E+17	6.37283E+17	75	
1	1	0.735	0.735	-86.878		204.505	C11H14O3	[M + H]+	C11H15O3+	DAINMNHDGRVBQF	"InChI=1S/C11H14O3/c1-5-8-6-10(13-3)11(14-4)7-9(8)12-2/h5-7H,1H2,2-4H3"	245-Trimethoxystyrene	COC1=CC(=C(C=C1C=C)OC)OC	2.426	152219	COCONUT:(CNP0179624);SUPERNATURAL:(SN0060455);MESH:(152219);PUBCHEM:(152219);DSSTox:(DTXSID60170051);LOTUS:(Q83039900);PUBMED;KNAPSACK:(DAINMNHDGRVBQF-UHFFFAOYSA-N)	1.37711E+11	195.102	193	3.224	6.37284E+17	6.37283E+17	86	
1	1	0.331	0.68	-37.558		126.984	C18H16O7	[M + H]+	C18H17O7+	KQFUXLQBMQGNRT	"InChI=1S/C18H16O7/c1-22-10-7-12(20)15-14(8-10)25-17(18(24-3)16(15)21)9-4-5-11(19)13(6-9)23-2/h4-8,19-20H,1-3H3"	Pachypodol	COC1=CC(=C2C(=C1)OC(=C(C2=O)OC)C3=CC(=C(C=C3)O)OC)O	3.1	5281677	COCONUT:(CNP0392086);PUBCHEMANNOTATIONSAFETYANDTOXIC:(null);CHEBI:(70007);LIPIDMAPS:(LMPK12112754);SUPERNATURAL:(SN0192474);KEGG:(C10117);MESH:(5281677);PUBCHEM:(5281677);DSSTox:(DTXSID80187388);LOTUS:(Q3036425);GNPS:(CCMSLIB00000846039);PUBMED:(null);KNAPSACK:(KQFUXLQBMQGNRT-UHFFFAOYSA-N)	1.39925E+11	345.097	198	3.301	6.37284E+17	6.37283E+17	68	
1	1	0.034	0.034	-262.003		131.254	C23H39NO	[M + H]+	C23H40NO+	USBYWNBXXQAKTB	"InChI=1S/C23H39NO/c1-15(25)19-8-9-20-18-7-6-16-14-17(24(4)5)10-12-22(16,2)21(18)11-13-23(19,20)3/h16-21H,6-14H2,1-5H3"	"1-[7-(dimethylamino)-9a,11a-dimethyl-hexadecahydro-1H-cyclopenta[a]phenanthren-1-yl]ethan-1-one"	CC(=O)C1CCC2C1(CCC3C2CCC4C3(CCC(C4)N(C)C)C)C	5.6	85778039;162980014;162980015;162980016	COCONUT:(CNP0252073);TeroMol:(TKC112486);SUPERNATURAL:(SN0378637);PUBCHEM:(85778039 162980014 162980015 162980016);LOTUS:(Q105278115)	279969794	346.31	223	3.716	6.37284E+17	6.37283E+17	3	
1	1	0.573	0.852	-62.249		221.778	C18H16O7	[M + H]+	C18H17O7+	WEYVVCKOOFYHRW	"InChI=1S/C18H16O7/c1-6-14(22)12(8(3)20)16-13(15(6)23)18(4)10(25-16)5-9(21)11(7(2)19)17(18)24/h5,21-23H,1-4H3"	Usnic Acid	CC1=C(C(=C2C(=C1O)C3(C(=CC(=C(C3=O)C(=O)C)O)O2)C)C(=O)C)O	2.1	25202099;24211;442614;478125	PUBCHEMANNOTATIONBIO:(null);PUBCHEMANNOTATIONSAFETYANDTOXIC:(null);LIPIDMAPS:(LMPK13060002);SUPERNATURAL:(SN0142136 SN0408448);PUBCHEM:(25202099 24211 442614 478125);COCONUT:(CNP0164614 CNP0197400);METACYC:(CPD-25233 CPD-25234 CPD-7411 Jamaicamides);PLANTCYC:(CPD-7411);CHEBI:(57266 38320 122 38319);KEGG:(C10101);DSSTox:(DTXSID001019955 DTXSID00913560 DTXSID40977181);LOTUS:(Q27888211 Q105111167 Q425335 Q27105250);PUBCHEMANNOTATIONDRUG:(null);PUBMED:(null);KNAPSACK:(WEYVVCKOOFYHRW-UHFFFAOYSA-N)	1.39976E+11	345.097	260	4.33	6.37284E+17	6.37283E+17	88	
1	1	0.271	0.271	-291.748		77.556	C23H32N2O9	[M + H]+	C23H33N2O9+	YHCKIECGODHDIP	"InChI=1S/C23H32N2O9/c1-6-7-8-14-19(34-21(28)12(2)3)13(4)33-23(30)15(11-32-22(14)29)25-20(27)17-18(26)16(31-5)9-10-24-17/h9-10,12-15,19,26H,6-8,11H2,1-5H3,(H,25,27)"	"2-Methylpropanoic acid (3R,6S,7R,8R)-3-(3-hydroxy-4-methoxy-2-pyridinylcarbonylamino)-4,9-dioxo-6-methyl-8-butyl-1,5-dioxonane-7-yl ester"	CCCCC1C(C(OC(=O)C(COC1=O)NC(=O)C2=NC=CC(=C2O)OC)C)OC(=O)C(C)C	3.6	11145277;11733538	PUBCHEM:(11145277 11733538);PUBMED	66	481.218	273	4.546	6.37284E+17	6.37283E+17	90	
1	1	0.138	0.138	-217.316		120.557	C19H37NO3	[M + H]+	C19H38NO3+	PTGGMPLMNDBPGB	"InChI=1S/C19H37NO3/c1-2-3-4-5-6-7-8-9-10-11-12-13-14-15-19(23)18(16-21)20-17-22/h14-15,17-19,21,23H,2-13,16H2,1H3,(H,20,22)"	"N-[(2S,3R)-1,3-dihydroxyoctadec-4-en-2-yl]formamide"	CCCCCCCCCCCCCC=CC(C(CO)NC=O)O	5.6	17756770;156963528;158315735	HMDB:(HMDB0255191);BloodExposome:(17756770);MESH:(17756770 156963528);PUBCHEM:(17756770 156963528 158315735);GNPS:(CCMSLIB00003104604 CCMSLIB00003093791 CCMSLIB00003119215 CCMSLIB00003093361 CCMSLIB00003131521 CCMSLIB00003115530 CCMSLIB00003095082 CCMSLIB00003104999 CCMSLIB00003109213 CCMSLIB00003095910);PUBMED	4198478	328.285	435	7.252	6.37284E+17	6.37283E+17	63	
1	2	0.114	0.114	-407.277		94.367	C44H54N4O4	[M + H]+	C44H55N4O4+	NBLRDPAIOKIAOP	"InChI=1S/C44H54N4O4/c1-6-23-19-47-35-16-30(23)43(18-38(50)51-5)36(21-49)44(17-37(43)47)29-12-9-11-28-40(29)48(41(35)44)20-31-25-14-34-39-26(24-10-7-8-13-32(24)46(39)4)15-33(45(34)3)27(25)22-52-42(28,31)2/h6-13,25-27,30-31,33-37,39,41,49H,14-22H2,1-5H3"	"methyl 2-[27-ethylidene-32-(hydroxymethyl)-2,15,40-trimethyl-3-oxa-15,22,29,40-tetraazadodecacyclo[20.15.1.1⁶,¹⁷.1³⁰,³³.0²,²⁰.0⁵,¹⁹.0⁸,¹⁶.0⁹,¹⁴.0²³,³³.0²⁴,²⁹.0²⁶,³¹.0³⁴,³⁸]tetraconta-1(37),9,11,13,34(38),35-hexaen-31-yl]acetate"	CC=C1CN2C3CC1C4(C2CC5(C4CO)C3N6CC7C8CC9C1C(CC(C8COC7(C2=C6C5=CC=C2)C)N9C)C2=CC=CC=C2N1C)CC(=O)OC	4.3	163011490;163011491	COCONUT:(CNP0286667);SUPERNATURAL:(SN0240963);PUBCHEM:(163011490 163011491)	3145730	703.422	756	12.607	6.37284E+17	6.37283E+17	94	
1	1	0.01	0.009	-409.958		48.131	C27H36N6O5	[M + H]+	C27H37N6O5+	DQKSPKXFWPITAR	"InChI=1S/C27H36N6O5/c1-26(2,3)36-24(34)31-11-9-17(10-12-31)23-29-22(30-38-23)18-7-8-19-14-28-33(21(19)13-18)20-15-32(16-20)25(35)37-27(4,5)6/h7-8,13-14,17,20H,9-12,15-16H2,1-6H3"	"Tert-butyl 4-[3-[1-[1-[(2-methylpropan-2-yl)oxycarbonyl]azetidin-3-yl]indazol-6-yl]-1,2,4-oxadiazol-5-yl]piperidine-1-carboxylate"	CC(C)(C)OC(=O)N1CCC(CC1)C2=NC(=NO2)C3=CC4=C(C=C3)C=NN4C5CN(C5)C(=O)OC(C)(C)C	3.5	134478013	PUBCHEM:(134478013)	2	525.278	1114	18.566	6.37284E+17	6.37283E+17	91	
1	1	0.065	0.065	-568.112		74.247	C45H56N4O5	[M + H]+	C45H57N4O5+	WVCPQZBVOXCZOT	"InChI=1S/C45H56N4O5/c1-9-53-45(3)35(28-17-41-43-30(18-38(47(41)5)34(28)23-54-45)26-12-10-11-13-36(26)48(43)6)15-25-14-29-31-19-37-33-22-52-21-32(24(2)50)27(33)16-40(46(37)4)44(31)49(7)39(29)20-42(25)51-8/h10-14,20-21,27-28,33-35,37-38,40-41H,9,15-19,22-23H2,1-8H3"	Lumusidine C	CCOC1(C(C2CC3C4=C(CC(C2CO1)N3C)C5=CC=CC=C5N4C)CC6=CC7=C(C=C6OC)N(C8=C7CC9C1COC=C(C1CC8N9C)C(=O)C)C)C	5.3	102448038;162856380;162856381	COCONUT:(CNP0119190);SUPERNATURAL:(SN0420814);PUBCHEM:(102448038 162856380 162856381)	3145730	733.432	1337	22.285	6.37284E+17	6.37283E+17	95	
1	2	0.039	0.039	-393.897		77.292	C31H44N2O10	[M + H]+	C31H45N2O10+	QVZCXCJXTMIDME	"InChI=1S/C31H44N2O10/c1-36-24-18-22(19-25(37-2)28(24)40-5)30(34)42-16-8-12-32-10-7-11-33(15-14-32)13-9-17-43-31(35)23-20-26(38-3)29(41-6)27(21-23)39-4/h18-21H,7-17H2,1-6H3"	"3-{4-[3-(3,4,5-trimethoxybenzoyloxy)propyl]-1,4-diazepan-1-yl}propyl 3,4,5-trimethoxybenzoate"	COC1=CC(=CC(=C1OC)OC)C(=O)OCCCN2CCCN(CC2)CCCOC(=O)C3=CC(=C(C(=C3)OC)OC)OC	4.1	6603818;3074	PUBCHEMANNOTATIONBIO;HMDB:(HMDB0251363);PUBCHEMANNOTATIONSAFETYANDTOXIC;BloodExposome:(29976 6419915 3074);SUPERNATURAL:(SN0316682);MESH:(3074);PUBCHEM:(6603818 3074);GNPS:(CCMSLIB00000084924);COCONUT:(CNP0377619);NORMAN:(NS00004756);CHEBI:(92842 31493 170000);DSSTox:(DTXSID201017379 DTXSID9045425);PUBCHEMANNOTATIONDRUG;PUBMED	1.37564E+11	605.312	1337	22.288	6.37284E+17	6.37283E+17	74	
1	1	0.2	0.2	-289.23		155.176	C41H50N4O3	[M + H]+	C41H51N4O3+	MCJPACZBPWHLOV	"InChI=1S/C41H50N4O3/c1-6-23-14-22-15-32-38-26(12-13-45(20-22)40(23)32)28-19-36(47-4)29(17-34(28)43-38)30-16-27-24(7-2)21-44(3)35(37(27)41(46)48-5)18-31-25-10-8-9-11-33(25)42-39(30)31/h7-11,17,19,22-23,27,30,32,35,37,40,42-43H,6,12-16,18,20-21H2,1-5H3"	"methyl 12-{17-ethyl-7-methoxy-3,13-diazapentacyclo[13.3.1.0²,¹⁰.0⁴,⁹.0¹³,¹⁸]nonadeca-2(10),4,6,8-tetraen-6-yl}-15-ethylidene-17-methyl-10,17-diazatetracyclo[12.3.1.0³,¹¹.0⁴,⁹]octadeca-3(11),4,6,8-tetraene-18-carboxylate"	CCC1CC2CC3C1N(C2)CCC4=C3NC5=CC(=C(C=C45)OC)C6CC7C(C(CC8=C6NC9=CC=CC=C89)N(CC7=CC)C)C(=O)OC	6.5	76518528;102400674;162999247;162999248;162999249;162999250;145956731;122179187;57345664;44418785;132520206	COCONUT:(CNP0272876);TeroMol:(TKC206105 TKC121617 TKC206106 TKC206107);SUPERNATURAL:(SN0221820);PUBCHEM:(76518528 102400674 162999247 162999248 162999249 162999250 145956731 122179187 57345664 44418785 132520206);LOTUS:(Q105161246 Q105161250 Q105161247 Q105161249);PUBMED	279969858	647.396	1340	22.336	6.37284E+17	6.37283E+17	93	
1	2	0.367	0.367	-221.621		71.443	C41H48N4O3	[M + H]+	C41H49N4O3+	ULEIPIBNAUMOML	"InChI=1S/C41H48N4O3/c1-4-37-13-8-17-44-19-16-39(35(37)44)28-21-25-20-26-24-45-18-9-14-38(5-2)23-29(34(46)47-3)41(48-32(25)22-31(28)42-33(39)12-15-37)40(26,36(38)45)27-10-6-7-11-30(27)43-41/h6-8,10-13,21-22,26,29,35-36,42-43H,4-5,9,14-20,23-24H2,1-3H3"	Melomorsine	CCC12CCCN3C1C45C(C3)CC6=CC7=C(C=C6OC4(C(C2)C(=O)OC)NC8=CC=CC=C58)NC9=CCC1(C=CCN2C1C97CC2)CC	6.9	102469734	SUPERNATURAL:(SN0373382);PUBCHEM:(102469734);LOTUS:(Q105275064)	269484034	645.378	1490	24.828	6.37284E+17	6.37283E+17	92	
